2026-05-11 15:47:16.248 +05:30 [INF] User profile is available. Using 'C:\Users\pilli\AppData\Local\ASP.NET\DataProtection-Keys' as key repository and Windows DPAPI to encrypt keys at rest.
2026-05-11 15:47:17.460 +05:30 [INF] Now listening on: https://localhost:7274
2026-05-11 15:47:17.461 +05:30 [INF] Now listening on: http://localhost:5169
2026-05-11 15:47:17.728 +05:30 [INF] Application started. Press Ctrl+C to shut down.
2026-05-11 15:47:17.730 +05:30 [INF] Hosting environment: Development
2026-05-11 15:47:17.730 +05:30 [INF] Content root path: C:\Users\pilli\OneDrive\Desktop\.net&angular training\ASP.NETCoreWebAPI\CleanArchitecture\eCommerce.Api
2026-05-11 15:47:28.850 +05:30 [INF] Request starting HTTP/2 GET https://localhost:7274/swagger - null null
2026-05-11 15:47:29.628 +05:30 [INF] Request finished HTTP/2 GET https://localhost:7274/swagger - 301 0 null 810.8545ms
2026-05-11 15:47:29.680 +05:30 [INF] Request starting HTTP/2 GET https://localhost:7274/swagger/index.html - null null
2026-05-11 15:47:29.874 +05:30 [INF] Request finished HTTP/2 GET https://localhost:7274/swagger/index.html - 200 null text/html;charset=utf-8 194.6782ms
2026-05-11 15:47:30.034 +05:30 [INF] Request starting HTTP/2 GET https://localhost:7274/swagger/swagger-ui.css - null null
2026-05-11 15:47:30.045 +05:30 [INF] Request starting HTTP/2 GET https://localhost:7274/swagger/swagger-ui-bundle.js - null null
2026-05-11 15:47:30.045 +05:30 [INF] Request starting HTTP/2 GET https://localhost:7274/swagger/swagger-ui-standalone-preset.js - null null
2026-05-11 15:47:30.046 +05:30 [INF] Request starting HTTP/2 GET https://localhost:7274/_framework/aspnetcore-browser-refresh.js - null null
2026-05-11 15:47:30.107 +05:30 [INF] Request finished HTTP/2 GET https://localhost:7274/_framework/aspnetcore-browser-refresh.js - 200 16511 application/javascript; charset=utf-8 61.8285ms
2026-05-11 15:47:30.106 +05:30 [INF] Request starting HTTP/2 GET https://localhost:7274/_vs/browserLink - null null
2026-05-11 15:47:30.241 +05:30 [INF] Sending file. Request path: '/swagger-ui-standalone-preset.js'. Physical path: 'N/A'
2026-05-11 15:47:30.242 +05:30 [INF] Sending file. Request path: '/swagger-ui.css'. Physical path: 'N/A'
2026-05-11 15:47:30.245 +05:30 [INF] Request finished HTTP/2 GET https://localhost:7274/swagger/swagger-ui-standalone-preset.js - 200 230280 text/javascript 200.8347ms
2026-05-11 15:47:30.245 +05:30 [INF] Request finished HTTP/2 GET https://localhost:7274/swagger/swagger-ui.css - 200 152034 text/css 211.7478ms
2026-05-11 15:47:30.347 +05:30 [INF] Sending file. Request path: '/swagger-ui-bundle.js'. Physical path: 'N/A'
2026-05-11 15:47:30.349 +05:30 [INF] Request finished HTTP/2 GET https://localhost:7274/swagger/swagger-ui-bundle.js - 200 1456926 text/javascript 304.3765ms
2026-05-11 15:47:30.485 +05:30 [INF] Request finished HTTP/2 GET https://localhost:7274/_vs/browserLink - 200 null text/javascript; charset=UTF-8 382.5291ms
2026-05-11 15:47:30.811 +05:30 [INF] Request starting HTTP/2 GET https://localhost:7274/swagger/v1/swagger.json - null null
2026-05-11 15:47:30.992 +05:30 [INF] Request finished HTTP/2 GET https://localhost:7274/swagger/v1/swagger.json - 200 null application/json;charset=utf-8 180.63ms
2026-05-11 15:47:44.554 +05:30 [INF] Request starting HTTP/2 GET https://localhost:7274/api/v1/Categories - null null
2026-05-11 15:47:44.873 +05:30 [INF] Authorization failed. These requirements were not met:
RolesAuthorizationRequirement:User.IsInRole must be true for one of the following roles: (Admin|Customer)
2026-05-11 15:47:44.891 +05:30 [INF] AuthenticationScheme: Bearer was challenged.
2026-05-11 15:47:44.892 +05:30 [INF] Request finished HTTP/2 GET https://localhost:7274/api/v1/Categories - 401 null application/json; charset=utf-8 339.2266ms
2026-05-11 16:03:22.920 +05:30 [INF] Now listening on: https://localhost:7274
2026-05-11 16:03:22.974 +05:30 [INF] Now listening on: http://localhost:5169
2026-05-11 16:03:23.118 +05:30 [INF] Application started. Press Ctrl+C to shut down.
2026-05-11 16:03:23.119 +05:30 [INF] Hosting environment: Development
2026-05-11 16:03:23.120 +05:30 [INF] Content root path: C:\Users\pilli\OneDrive\Desktop\.net&angular training\ASP.NETCoreWebAPI\CleanArchitecture\eCommerce.Api
2026-05-11 16:03:26.333 +05:30 [INF] Request starting HTTP/2 GET https://localhost:7274/swagger/index.html - null null
2026-05-11 16:03:27.166 +05:30 [INF] Request finished HTTP/2 GET https://localhost:7274/swagger/index.html - 200 null text/html;charset=utf-8 848.6785ms
2026-05-11 16:03:27.282 +05:30 [INF] Request starting HTTP/2 GET https://localhost:7274/_framework/aspnetcore-browser-refresh.js - null null
2026-05-11 16:03:27.283 +05:30 [INF] Request starting HTTP/2 GET https://localhost:7274/_vs/browserLink - null null
2026-05-11 16:03:27.298 +05:30 [INF] Request finished HTTP/2 GET https://localhost:7274/_framework/aspnetcore-browser-refresh.js - 200 16511 application/javascript; charset=utf-8 16.3915ms
2026-05-11 16:03:27.461 +05:30 [INF] Request finished HTTP/2 GET https://localhost:7274/_vs/browserLink - 200 null text/javascript; charset=UTF-8 177.159ms
2026-05-11 16:03:27.837 +05:30 [INF] Request starting HTTP/2 GET https://localhost:7274/swagger/v1/swagger.json - null null
2026-05-11 16:03:27.998 +05:30 [INF] Request finished HTTP/2 GET https://localhost:7274/swagger/v1/swagger.json - 200 null application/json;charset=utf-8 161.6278ms
2026-05-11 16:03:34.534 +05:30 [INF] Request starting HTTP/2 GET https://localhost:7274/api/v1/Categories - null null
2026-05-11 16:03:34.611 +05:30 [INF] Executing endpoint 'eCommerce.Api.Controllers.v1.CategoriesController.GetAllAsync (eCommerce.Api)'
2026-05-11 16:03:34.666 +05:30 [INF] Route matched with {action = "GetAll", controller = "Categories"}. Executing controller action with signature System.Threading.Tasks.Task`1[Microsoft.AspNetCore.Mvc.ActionResult`1[System.Collections.Generic.IEnumerable`1[eCommerce.Application.DTOs.Category.CategoryDto]]] GetAllAsync() on controller eCommerce.Api.Controllers.v1.CategoriesController (eCommerce.Api).
2026-05-11 16:03:35.162 +05:30 [WRN] You do not have a valid license key for the Lucky Penny software AutoMapper. This is allowed for development and testing scenarios. If you are running in production you are required to have a licensed version. Please visit https://luckypennysoftware.com to obtain a valid license.
2026-05-11 16:03:35.170 +05:30 [INF] Get all categories
2026-05-11 16:03:38.674 +05:30 [INF] Executed DbCommand (60ms) [Parameters=[], CommandType='"Text"', CommandTimeout='30']
SELECT [c].[CategoryId], [c].[CategoryName], [c].[Description]
FROM [Categories] AS [c]
2026-05-11 16:03:38.844 +05:30 [INF] Executing OkObjectResult, writing value of type 'System.Collections.Generic.List`1[[eCommerce.Application.DTOs.Category.CategoryDto, eCommerce.Application, Version=1.0.0.0, Culture=neutral, PublicKeyToken=null]]'.
2026-05-11 16:03:38.862 +05:30 [INF] Executed action eCommerce.Api.Controllers.v1.CategoriesController.GetAllAsync (eCommerce.Api) in 4190.6073ms
2026-05-11 16:03:38.863 +05:30 [INF] Executed endpoint 'eCommerce.Api.Controllers.v1.CategoriesController.GetAllAsync (eCommerce.Api)'
2026-05-11 16:03:38.874 +05:30 [INF] Request finished HTTP/2 GET https://localhost:7274/api/v1/Categories - 200 null application/json; charset=utf-8 4340.0732ms
2026-05-11 16:07:47.678 +05:30 [INF] Request starting HTTP/2 GET https://localhost:7274/api/v1/Categories/2 - null null
2026-05-11 16:07:47.944 +05:30 [INF] Executing endpoint 'eCommerce.Api.Controllers.v1.CategoriesController.GetById (eCommerce.Api)'
2026-05-11 16:07:48.338 +05:30 [INF] Route matched with {action = "GetById", controller = "Categories"}. Executing controller action with signature System.Threading.Tasks.Task`1[Microsoft.AspNetCore.Mvc.ActionResult`1[eCommerce.Application.DTOs.Category.CategoryDto]] GetById(Int32) on controller eCommerce.Api.Controllers.v1.CategoriesController (eCommerce.Api).
2026-05-11 16:07:48.652 +05:30 [INF] Fetching category 2
2026-05-11 16:07:50.253 +05:30 [INF] Executed DbCommand (434ms) [Parameters=[@__p_0='?' (DbType = Int32)], CommandType='"Text"', CommandTimeout='30']
SELECT TOP(1) [c].[CategoryId], [c].[CategoryName], [c].[Description]
FROM [Categories] AS [c]
WHERE [c].[CategoryId] = @__p_0
2026-05-11 16:07:50.292 +05:30 [INF] Executing OkObjectResult, writing value of type 'eCommerce.Application.DTOs.Category.CategoryDto'.
2026-05-11 16:07:50.318 +05:30 [INF] Executed action eCommerce.Api.Controllers.v1.CategoriesController.GetById (eCommerce.Api) in 1977.8586ms
2026-05-11 16:07:50.320 +05:30 [INF] Executed endpoint 'eCommerce.Api.Controllers.v1.CategoriesController.GetById (eCommerce.Api)'
2026-05-11 16:07:50.324 +05:30 [INF] Request finished HTTP/2 GET https://localhost:7274/api/v1/Categories/2 - 200 null application/json; charset=utf-8 2706.528ms
2026-05-11 16:08:25.516 +05:30 [INF] Now listening on: https://localhost:7274
2026-05-11 16:08:25.738 +05:30 [INF] Now listening on: http://localhost:5169
2026-05-11 16:08:26.318 +05:30 [INF] Application started. Press Ctrl+C to shut down.
2026-05-11 16:08:26.319 +05:30 [INF] Hosting environment: Development
2026-05-11 16:08:26.319 +05:30 [INF] Content root path: C:\Users\pilli\OneDrive\Desktop\.net&angular training\ASP.NETCoreWebAPI\CleanArchitecture\eCommerce.Api
2026-05-11 16:08:29.803 +05:30 [INF] Request starting HTTP/2 GET https://localhost:7274/swagger/index.html - null null
2026-05-11 16:08:30.991 +05:30 [INF] Request finished HTTP/2 GET https://localhost:7274/swagger/index.html - 200 null text/html;charset=utf-8 1216.3372ms
2026-05-11 16:08:31.354 +05:30 [INF] Request starting HTTP/2 GET https://localhost:7274/_vs/browserLink - null null
2026-05-11 16:08:31.354 +05:30 [INF] Request starting HTTP/2 GET https://localhost:7274/_framework/aspnetcore-browser-refresh.js - null null
2026-05-11 16:08:31.428 +05:30 [INF] Request finished HTTP/2 GET https://localhost:7274/_framework/aspnetcore-browser-refresh.js - 200 16511 application/javascript; charset=utf-8 73.1622ms
2026-05-11 16:08:31.754 +05:30 [INF] Request finished HTTP/2 GET https://localhost:7274/_vs/browserLink - 200 null text/javascript; charset=UTF-8 399.4939ms
2026-05-11 16:08:32.052 +05:30 [INF] Request starting HTTP/2 GET https://localhost:7274/swagger/v1/swagger.json - null null
2026-05-11 16:08:32.340 +05:30 [INF] Request finished HTTP/2 GET https://localhost:7274/swagger/v1/swagger.json - 200 null application/json;charset=utf-8 288.1672ms
2026-05-11 16:16:56.753 +05:30 [INF] Request starting HTTP/2 GET https://localhost:7274/api/v1/Categories - null null
2026-05-11 16:16:57.388 +05:30 [INF] CORS policy execution failed.
2026-05-11 16:16:57.390 +05:30 [INF] Request origin http://localhost:4200 does not have permission to access the resource.
2026-05-11 16:16:57.467 +05:30 [INF] Executing endpoint 'eCommerce.Api.Controllers.v1.CategoriesController.GetAllAsync (eCommerce.Api)'
2026-05-11 16:16:57.760 +05:30 [INF] Route matched with {action = "GetAll", controller = "Categories"}. Executing controller action with signature System.Threading.Tasks.Task`1[Microsoft.AspNetCore.Mvc.ActionResult`1[System.Collections.Generic.IEnumerable`1[eCommerce.Application.DTOs.Category.CategoryDto]]] GetAllAsync() on controller eCommerce.Api.Controllers.v1.CategoriesController (eCommerce.Api).
2026-05-11 16:16:59.016 +05:30 [WRN] You do not have a valid license key for the Lucky Penny software AutoMapper. This is allowed for development and testing scenarios. If you are running in production you are required to have a licensed version. Please visit https://luckypennysoftware.com to obtain a valid license.
2026-05-11 16:16:59.045 +05:30 [INF] Get all categories
2026-05-11 16:17:05.919 +05:30 [INF] Executed DbCommand (147ms) [Parameters=[], CommandType='"Text"', CommandTimeout='30']
SELECT [c].[CategoryId], [c].[CategoryName], [c].[Description]
FROM [Categories] AS [c]
2026-05-11 16:17:06.364 +05:30 [INF] Executing OkObjectResult, writing value of type 'System.Collections.Generic.List`1[[eCommerce.Application.DTOs.Category.CategoryDto, eCommerce.Application, Version=1.0.0.0, Culture=neutral, PublicKeyToken=null]]'.
2026-05-11 16:17:06.488 +05:30 [INF] Executed action eCommerce.Api.Controllers.v1.CategoriesController.GetAllAsync (eCommerce.Api) in 8718.4096ms
2026-05-11 16:17:06.491 +05:30 [INF] Executed endpoint 'eCommerce.Api.Controllers.v1.CategoriesController.GetAllAsync (eCommerce.Api)'
2026-05-11 16:17:06.524 +05:30 [INF] Request finished HTTP/2 GET https://localhost:7274/api/v1/Categories - 200 null application/json; charset=utf-8 9792.7812ms
2026-05-11 16:17:36.813 +05:30 [INF] Request starting HTTP/2 GET https://localhost:7274/api/v1/Categories - null null
2026-05-11 16:17:36.856 +05:30 [INF] CORS policy execution failed.
2026-05-11 16:17:36.856 +05:30 [INF] Request origin http://localhost:4200 does not have permission to access the resource.
2026-05-11 16:17:36.865 +05:30 [INF] Executing endpoint 'eCommerce.Api.Controllers.v1.CategoriesController.GetAllAsync (eCommerce.Api)'
2026-05-11 16:17:36.873 +05:30 [INF] Route matched with {action = "GetAll", controller = "Categories"}. Executing controller action with signature System.Threading.Tasks.Task`1[Microsoft.AspNetCore.Mvc.ActionResult`1[System.Collections.Generic.IEnumerable`1[eCommerce.Application.DTOs.Category.CategoryDto]]] GetAllAsync() on controller eCommerce.Api.Controllers.v1.CategoriesController (eCommerce.Api).
2026-05-11 16:17:36.889 +05:30 [INF] Get all categories
2026-05-11 16:17:36.891 +05:30 [INF] Executing OkObjectResult, writing value of type 'System.Collections.Generic.List`1[[eCommerce.Application.DTOs.Category.CategoryDto, eCommerce.Application, Version=1.0.0.0, Culture=neutral, PublicKeyToken=null]]'.
2026-05-11 16:17:36.892 +05:30 [INF] Executed action eCommerce.Api.Controllers.v1.CategoriesController.GetAllAsync (eCommerce.Api) in 18.6057ms
2026-05-11 16:17:36.893 +05:30 [INF] Executed endpoint 'eCommerce.Api.Controllers.v1.CategoriesController.GetAllAsync (eCommerce.Api)'
2026-05-11 16:17:36.895 +05:30 [INF] Request finished HTTP/2 GET https://localhost:7274/api/v1/Categories - 200 null application/json; charset=utf-8 133.0397ms
2026-05-11 16:17:43.032 +05:30 [INF] Request starting HTTP/2 GET https://localhost:7274/api/v1/Categories - null null
2026-05-11 16:17:43.039 +05:30 [INF] CORS policy execution failed.
2026-05-11 16:17:43.039 +05:30 [INF] Request origin http://localhost:4200 does not have permission to access the resource.
2026-05-11 16:17:43.042 +05:30 [INF] Executing endpoint 'eCommerce.Api.Controllers.v1.CategoriesController.GetAllAsync (eCommerce.Api)'
2026-05-11 16:17:43.042 +05:30 [INF] Route matched with {action = "GetAll", controller = "Categories"}. Executing controller action with signature System.Threading.Tasks.Task`1[Microsoft.AspNetCore.Mvc.ActionResult`1[System.Collections.Generic.IEnumerable`1[eCommerce.Application.DTOs.Category.CategoryDto]]] GetAllAsync() on controller eCommerce.Api.Controllers.v1.CategoriesController (eCommerce.Api).
2026-05-11 16:17:43.049 +05:30 [INF] Get all categories
2026-05-11 16:17:43.049 +05:30 [INF] Executing OkObjectResult, writing value of type 'System.Collections.Generic.List`1[[eCommerce.Application.DTOs.Category.CategoryDto, eCommerce.Application, Version=1.0.0.0, Culture=neutral, PublicKeyToken=null]]'.
2026-05-11 16:17:43.050 +05:30 [INF] Executed action eCommerce.Api.Controllers.v1.CategoriesController.GetAllAsync (eCommerce.Api) in 7.3218ms
2026-05-11 16:17:43.050 +05:30 [INF] Executed endpoint 'eCommerce.Api.Controllers.v1.CategoriesController.GetAllAsync (eCommerce.Api)'
2026-05-11 16:17:43.050 +05:30 [INF] Request finished HTTP/2 GET https://localhost:7274/api/v1/Categories - 200 null application/json; charset=utf-8 19.1804ms
2026-05-11 16:17:45.360 +05:30 [INF] Request starting HTTP/2 GET https://localhost:7274/api/v1/Categories - null null
2026-05-11 16:17:45.361 +05:30 [INF] CORS policy execution failed.
2026-05-11 16:17:45.362 +05:30 [INF] Request origin http://localhost:4200 does not have permission to access the resource.
2026-05-11 16:17:45.362 +05:30 [INF] Executing endpoint 'eCommerce.Api.Controllers.v1.CategoriesController.GetAllAsync (eCommerce.Api)'
2026-05-11 16:17:45.362 +05:30 [INF] Route matched with {action = "GetAll", controller = "Categories"}. Executing controller action with signature System.Threading.Tasks.Task`1[Microsoft.AspNetCore.Mvc.ActionResult`1[System.Collections.Generic.IEnumerable`1[eCommerce.Application.DTOs.Category.CategoryDto]]] GetAllAsync() on controller eCommerce.Api.Controllers.v1.CategoriesController (eCommerce.Api).
2026-05-11 16:17:45.363 +05:30 [INF] Get all categories
2026-05-11 16:17:45.364 +05:30 [INF] Executing OkObjectResult, writing value of type 'System.Collections.Generic.List`1[[eCommerce.Application.DTOs.Category.CategoryDto, eCommerce.Application, Version=1.0.0.0, Culture=neutral, PublicKeyToken=null]]'.
2026-05-11 16:17:45.364 +05:30 [INF] Executed action eCommerce.Api.Controllers.v1.CategoriesController.GetAllAsync (eCommerce.Api) in 1.563ms
2026-05-11 16:17:45.364 +05:30 [INF] Executed endpoint 'eCommerce.Api.Controllers.v1.CategoriesController.GetAllAsync (eCommerce.Api)'
2026-05-11 16:17:45.364 +05:30 [INF] Request finished HTTP/2 GET https://localhost:7274/api/v1/Categories - 200 null application/json; charset=utf-8 4.4233ms
2026-05-11 16:17:46.892 +05:30 [INF] Request starting HTTP/2 GET https://localhost:7274/api/v1/Categories - null null
2026-05-11 16:17:46.892 +05:30 [INF] CORS policy execution failed.
2026-05-11 16:17:46.892 +05:30 [INF] Request origin http://localhost:4200 does not have permission to access the resource.
2026-05-11 16:17:46.893 +05:30 [INF] Executing endpoint 'eCommerce.Api.Controllers.v1.CategoriesController.GetAllAsync (eCommerce.Api)'
2026-05-11 16:17:46.893 +05:30 [INF] Route matched with {action = "GetAll", controller = "Categories"}. Executing controller action with signature System.Threading.Tasks.Task`1[Microsoft.AspNetCore.Mvc.ActionResult`1[System.Collections.Generic.IEnumerable`1[eCommerce.Application.DTOs.Category.CategoryDto]]] GetAllAsync() on controller eCommerce.Api.Controllers.v1.CategoriesController (eCommerce.Api).
2026-05-11 16:17:46.893 +05:30 [INF] Get all categories
2026-05-11 16:17:46.894 +05:30 [INF] Executing OkObjectResult, writing value of type 'System.Collections.Generic.List`1[[eCommerce.Application.DTOs.Category.CategoryDto, eCommerce.Application, Version=1.0.0.0, Culture=neutral, PublicKeyToken=null]]'.
2026-05-11 16:17:46.894 +05:30 [INF] Executed action eCommerce.Api.Controllers.v1.CategoriesController.GetAllAsync (eCommerce.Api) in 1.2061ms
2026-05-11 16:17:46.894 +05:30 [INF] Executed endpoint 'eCommerce.Api.Controllers.v1.CategoriesController.GetAllAsync (eCommerce.Api)'
2026-05-11 16:17:46.896 +05:30 [INF] Request finished HTTP/2 GET https://localhost:7274/api/v1/Categories - 200 null application/json; charset=utf-8 4.6202ms
2026-05-11 16:17:54.163 +05:30 [INF] Request starting HTTP/2 GET https://localhost:7274/api/v1/Categories - null null
2026-05-11 16:17:54.164 +05:30 [INF] CORS policy execution failed.
2026-05-11 16:17:54.164 +05:30 [INF] Request origin http://localhost:4200 does not have permission to access the resource.
2026-05-11 16:17:54.164 +05:30 [INF] Executing endpoint 'eCommerce.Api.Controllers.v1.CategoriesController.GetAllAsync (eCommerce.Api)'
2026-05-11 16:17:54.165 +05:30 [INF] Route matched with {action = "GetAll", controller = "Categories"}. Executing controller action with signature System.Threading.Tasks.Task`1[Microsoft.AspNetCore.Mvc.ActionResult`1[System.Collections.Generic.IEnumerable`1[eCommerce.Application.DTOs.Category.CategoryDto]]] GetAllAsync() on controller eCommerce.Api.Controllers.v1.CategoriesController (eCommerce.Api).
2026-05-11 16:17:54.166 +05:30 [INF] Get all categories
2026-05-11 16:17:54.166 +05:30 [INF] Executing OkObjectResult, writing value of type 'System.Collections.Generic.List`1[[eCommerce.Application.DTOs.Category.CategoryDto, eCommerce.Application, Version=1.0.0.0, Culture=neutral, PublicKeyToken=null]]'.
2026-05-11 16:17:54.167 +05:30 [INF] Executed action eCommerce.Api.Controllers.v1.CategoriesController.GetAllAsync (eCommerce.Api) in 2.3132ms
2026-05-11 16:17:54.167 +05:30 [INF] Executed endpoint 'eCommerce.Api.Controllers.v1.CategoriesController.GetAllAsync (eCommerce.Api)'
2026-05-11 16:17:54.167 +05:30 [INF] Request finished HTTP/2 GET https://localhost:7274/api/v1/Categories - 200 null application/json; charset=utf-8 4.9361ms
2026-05-11 16:18:02.258 +05:30 [INF] Request starting HTTP/2 GET https://localhost:7274/api/v1/Categories - null null
2026-05-11 16:18:02.258 +05:30 [INF] CORS policy execution failed.
2026-05-11 16:18:02.258 +05:30 [INF] Request origin http://localhost:4200 does not have permission to access the resource.
2026-05-11 16:18:02.258 +05:30 [INF] Executing endpoint 'eCommerce.Api.Controllers.v1.CategoriesController.GetAllAsync (eCommerce.Api)'
2026-05-11 16:18:02.258 +05:30 [INF] Route matched with {action = "GetAll", controller = "Categories"}. Executing controller action with signature System.Threading.Tasks.Task`1[Microsoft.AspNetCore.Mvc.ActionResult`1[System.Collections.Generic.IEnumerable`1[eCommerce.Application.DTOs.Category.CategoryDto]]] GetAllAsync() on controller eCommerce.Api.Controllers.v1.CategoriesController (eCommerce.Api).
2026-05-11 16:18:02.259 +05:30 [INF] Get all categories
2026-05-11 16:18:02.261 +05:30 [INF] Executing OkObjectResult, writing value of type 'System.Collections.Generic.List`1[[eCommerce.Application.DTOs.Category.CategoryDto, eCommerce.Application, Version=1.0.0.0, Culture=neutral, PublicKeyToken=null]]'.
2026-05-11 16:18:02.261 +05:30 [INF] Executed action eCommerce.Api.Controllers.v1.CategoriesController.GetAllAsync (eCommerce.Api) in 2.6536ms
2026-05-11 16:18:02.261 +05:30 [INF] Executed endpoint 'eCommerce.Api.Controllers.v1.CategoriesController.GetAllAsync (eCommerce.Api)'
2026-05-11 16:18:02.261 +05:30 [INF] Request finished HTTP/2 GET https://localhost:7274/api/v1/Categories - 200 null application/json; charset=utf-8 3.8871ms
2026-05-11 16:18:09.532 +05:30 [INF] Request starting HTTP/2 GET https://localhost:7274/api/v1/Categories - null null
2026-05-11 16:18:09.533 +05:30 [INF] CORS policy execution failed.
2026-05-11 16:18:09.533 +05:30 [INF] Request origin http://localhost:4200 does not have permission to access the resource.
2026-05-11 16:18:09.533 +05:30 [INF] Executing endpoint 'eCommerce.Api.Controllers.v1.CategoriesController.GetAllAsync (eCommerce.Api)'
2026-05-11 16:18:09.535 +05:30 [INF] Route matched with {action = "GetAll", controller = "Categories"}. Executing controller action with signature System.Threading.Tasks.Task`1[Microsoft.AspNetCore.Mvc.ActionResult`1[System.Collections.Generic.IEnumerable`1[eCommerce.Application.DTOs.Category.CategoryDto]]] GetAllAsync() on controller eCommerce.Api.Controllers.v1.CategoriesController (eCommerce.Api).
2026-05-11 16:18:09.537 +05:30 [INF] Get all categories
2026-05-11 16:18:09.537 +05:30 [INF] Executing OkObjectResult, writing value of type 'System.Collections.Generic.List`1[[eCommerce.Application.DTOs.Category.CategoryDto, eCommerce.Application, Version=1.0.0.0, Culture=neutral, PublicKeyToken=null]]'.
2026-05-11 16:18:09.538 +05:30 [INF] Executed action eCommerce.Api.Controllers.v1.CategoriesController.GetAllAsync (eCommerce.Api) in 2.3229ms
2026-05-11 16:18:09.538 +05:30 [INF] Executed endpoint 'eCommerce.Api.Controllers.v1.CategoriesController.GetAllAsync (eCommerce.Api)'
2026-05-11 16:18:09.538 +05:30 [INF] Request finished HTTP/2 GET https://localhost:7274/api/v1/Categories - 200 null application/json; charset=utf-8 5.6782ms
2026-05-11 16:18:12.648 +05:30 [INF] Request starting HTTP/2 GET https://localhost:7274/api/v1/Categories - null null
2026-05-11 16:18:12.649 +05:30 [INF] CORS policy execution failed.
2026-05-11 16:18:12.649 +05:30 [INF] Request origin http://localhost:4200 does not have permission to access the resource.
2026-05-11 16:18:12.650 +05:30 [INF] Executing endpoint 'eCommerce.Api.Controllers.v1.CategoriesController.GetAllAsync (eCommerce.Api)'
2026-05-11 16:18:12.651 +05:30 [INF] Route matched with {action = "GetAll", controller = "Categories"}. Executing controller action with signature System.Threading.Tasks.Task`1[Microsoft.AspNetCore.Mvc.ActionResult`1[System.Collections.Generic.IEnumerable`1[eCommerce.Application.DTOs.Category.CategoryDto]]] GetAllAsync() on controller eCommerce.Api.Controllers.v1.CategoriesController (eCommerce.Api).
2026-05-11 16:18:12.652 +05:30 [INF] Get all categories
2026-05-11 16:18:12.652 +05:30 [INF] Executing OkObjectResult, writing value of type 'System.Collections.Generic.List`1[[eCommerce.Application.DTOs.Category.CategoryDto, eCommerce.Application, Version=1.0.0.0, Culture=neutral, PublicKeyToken=null]]'.
2026-05-11 16:18:12.653 +05:30 [INF] Executed action eCommerce.Api.Controllers.v1.CategoriesController.GetAllAsync (eCommerce.Api) in 1.4656ms
2026-05-11 16:18:12.653 +05:30 [INF] Executed endpoint 'eCommerce.Api.Controllers.v1.CategoriesController.GetAllAsync (eCommerce.Api)'
2026-05-11 16:18:12.653 +05:30 [INF] Request finished HTTP/2 GET https://localhost:7274/api/v1/Categories - 200 null application/json; charset=utf-8 5.3162ms
2026-05-11 16:18:20.124 +05:30 [INF] Request starting HTTP/2 GET https://localhost:7274/api/v1/Categories - null null
2026-05-11 16:18:20.125 +05:30 [INF] CORS policy execution failed.
2026-05-11 16:18:20.125 +05:30 [INF] Request origin http://localhost:4200 does not have permission to access the resource.
2026-05-11 16:18:20.125 +05:30 [INF] Executing endpoint 'eCommerce.Api.Controllers.v1.CategoriesController.GetAllAsync (eCommerce.Api)'
2026-05-11 16:18:20.125 +05:30 [INF] Route matched with {action = "GetAll", controller = "Categories"}. Executing controller action with signature System.Threading.Tasks.Task`1[Microsoft.AspNetCore.Mvc.ActionResult`1[System.Collections.Generic.IEnumerable`1[eCommerce.Application.DTOs.Category.CategoryDto]]] GetAllAsync() on controller eCommerce.Api.Controllers.v1.CategoriesController (eCommerce.Api).
2026-05-11 16:18:20.125 +05:30 [INF] Get all categories
2026-05-11 16:18:20.125 +05:30 [INF] Executing OkObjectResult, writing value of type 'System.Collections.Generic.List`1[[eCommerce.Application.DTOs.Category.CategoryDto, eCommerce.Application, Version=1.0.0.0, Culture=neutral, PublicKeyToken=null]]'.
2026-05-11 16:18:20.126 +05:30 [INF] Executed action eCommerce.Api.Controllers.v1.CategoriesController.GetAllAsync (eCommerce.Api) in 0.6106ms
2026-05-11 16:18:20.126 +05:30 [INF] Executed endpoint 'eCommerce.Api.Controllers.v1.CategoriesController.GetAllAsync (eCommerce.Api)'
2026-05-11 16:18:20.126 +05:30 [INF] Request finished HTTP/2 GET https://localhost:7274/api/v1/Categories - 200 null application/json; charset=utf-8 2.1106ms
2026-05-11 16:18:21.454 +05:30 [INF] Request starting HTTP/2 GET https://localhost:7274/api/v1/Categories - null null
2026-05-11 16:18:21.454 +05:30 [INF] CORS policy execution failed.
2026-05-11 16:18:21.454 +05:30 [INF] Request origin http://localhost:4200 does not have permission to access the resource.
2026-05-11 16:18:21.454 +05:30 [INF] Executing endpoint 'eCommerce.Api.Controllers.v1.CategoriesController.GetAllAsync (eCommerce.Api)'
2026-05-11 16:18:21.455 +05:30 [INF] Route matched with {action = "GetAll", controller = "Categories"}. Executing controller action with signature System.Threading.Tasks.Task`1[Microsoft.AspNetCore.Mvc.ActionResult`1[System.Collections.Generic.IEnumerable`1[eCommerce.Application.DTOs.Category.CategoryDto]]] GetAllAsync() on controller eCommerce.Api.Controllers.v1.CategoriesController (eCommerce.Api).
2026-05-11 16:18:21.455 +05:30 [INF] Get all categories
2026-05-11 16:18:21.455 +05:30 [INF] Executing OkObjectResult, writing value of type 'System.Collections.Generic.List`1[[eCommerce.Application.DTOs.Category.CategoryDto, eCommerce.Application, Version=1.0.0.0, Culture=neutral, PublicKeyToken=null]]'.
2026-05-11 16:18:21.455 +05:30 [INF] Executed action eCommerce.Api.Controllers.v1.CategoriesController.GetAllAsync (eCommerce.Api) in 0.7455ms
2026-05-11 16:18:21.455 +05:30 [INF] Executed endpoint 'eCommerce.Api.Controllers.v1.CategoriesController.GetAllAsync (eCommerce.Api)'
2026-05-11 16:18:21.456 +05:30 [INF] Request finished HTTP/2 GET https://localhost:7274/api/v1/Categories - 200 null application/json; charset=utf-8 2.3702ms
2026-05-11 16:18:21.741 +05:30 [INF] Request starting HTTP/2 GET https://localhost:7274/api/v1/Categories - null null
2026-05-11 16:18:21.742 +05:30 [INF] CORS policy execution failed.
2026-05-11 16:18:21.742 +05:30 [INF] Request origin http://localhost:4200 does not have permission to access the resource.
2026-05-11 16:18:21.742 +05:30 [INF] Executing endpoint 'eCommerce.Api.Controllers.v1.CategoriesController.GetAllAsync (eCommerce.Api)'
2026-05-11 16:18:21.742 +05:30 [INF] Route matched with {action = "GetAll", controller = "Categories"}. Executing controller action with signature System.Threading.Tasks.Task`1[Microsoft.AspNetCore.Mvc.ActionResult`1[System.Collections.Generic.IEnumerable`1[eCommerce.Application.DTOs.Category.CategoryDto]]] GetAllAsync() on controller eCommerce.Api.Controllers.v1.CategoriesController (eCommerce.Api).
2026-05-11 16:18:21.742 +05:30 [INF] Get all categories
2026-05-11 16:18:21.743 +05:30 [INF] Executing OkObjectResult, writing value of type 'System.Collections.Generic.List`1[[eCommerce.Application.DTOs.Category.CategoryDto, eCommerce.Application, Version=1.0.0.0, Culture=neutral, PublicKeyToken=null]]'.
2026-05-11 16:18:21.743 +05:30 [INF] Executed action eCommerce.Api.Controllers.v1.CategoriesController.GetAllAsync (eCommerce.Api) in 0.7851ms
2026-05-11 16:18:21.743 +05:30 [INF] Executed endpoint 'eCommerce.Api.Controllers.v1.CategoriesController.GetAllAsync (eCommerce.Api)'
2026-05-11 16:18:21.743 +05:30 [INF] Request finished HTTP/2 GET https://localhost:7274/api/v1/Categories - 200 null application/json; charset=utf-8 2.2288ms
2026-05-11 16:20:02.409 +05:30 [INF] Request starting HTTP/2 GET https://localhost:7274/api/v1/Categories - null null
2026-05-11 16:20:02.498 +05:30 [INF] CORS policy execution failed.
2026-05-11 16:20:02.499 +05:30 [INF] Request origin http://localhost:4200 does not have permission to access the resource.
2026-05-11 16:20:02.507 +05:30 [INF] Executing endpoint 'eCommerce.Api.Controllers.v1.CategoriesController.GetAllAsync (eCommerce.Api)'
2026-05-11 16:20:02.534 +05:30 [INF] Route matched with {action = "GetAll", controller = "Categories"}. Executing controller action with signature System.Threading.Tasks.Task`1[Microsoft.AspNetCore.Mvc.ActionResult`1[System.Collections.Generic.IEnumerable`1[eCommerce.Application.DTOs.Category.CategoryDto]]] GetAllAsync() on controller eCommerce.Api.Controllers.v1.CategoriesController (eCommerce.Api).
2026-05-11 16:20:02.570 +05:30 [INF] Get all categories
2026-05-11 16:20:03.158 +05:30 [INF] Executed DbCommand (156ms) [Parameters=[], CommandType='"Text"', CommandTimeout='30']
SELECT [c].[CategoryId], [c].[CategoryName], [c].[Description]
FROM [Categories] AS [c]
2026-05-11 16:20:03.230 +05:30 [INF] Executing OkObjectResult, writing value of type 'System.Collections.Generic.List`1[[eCommerce.Application.DTOs.Category.CategoryDto, eCommerce.Application, Version=1.0.0.0, Culture=neutral, PublicKeyToken=null]]'.
2026-05-11 16:20:03.249 +05:30 [INF] Executed action eCommerce.Api.Controllers.v1.CategoriesController.GetAllAsync (eCommerce.Api) in 713.8778ms
2026-05-11 16:20:03.250 +05:30 [INF] Executed endpoint 'eCommerce.Api.Controllers.v1.CategoriesController.GetAllAsync (eCommerce.Api)'
2026-05-11 16:20:03.252 +05:30 [INF] Request finished HTTP/2 GET https://localhost:7274/api/v1/Categories - 200 null application/json; charset=utf-8 933.7085ms
2026-05-11 16:20:10.175 +05:30 [INF] Request starting HTTP/2 GET https://localhost:7274/api/v1/Categories - null null
2026-05-11 16:20:10.177 +05:30 [INF] CORS policy execution failed.
2026-05-11 16:20:10.177 +05:30 [INF] Request origin http://localhost:4200 does not have permission to access the resource.
2026-05-11 16:20:10.177 +05:30 [INF] Executing endpoint 'eCommerce.Api.Controllers.v1.CategoriesController.GetAllAsync (eCommerce.Api)'
2026-05-11 16:20:10.178 +05:30 [INF] Route matched with {action = "GetAll", controller = "Categories"}. Executing controller action with signature System.Threading.Tasks.Task`1[Microsoft.AspNetCore.Mvc.ActionResult`1[System.Collections.Generic.IEnumerable`1[eCommerce.Application.DTOs.Category.CategoryDto]]] GetAllAsync() on controller eCommerce.Api.Controllers.v1.CategoriesController (eCommerce.Api).
2026-05-11 16:20:10.181 +05:30 [INF] Get all categories
2026-05-11 16:20:10.181 +05:30 [INF] Executing OkObjectResult, writing value of type 'System.Collections.Generic.List`1[[eCommerce.Application.DTOs.Category.CategoryDto, eCommerce.Application, Version=1.0.0.0, Culture=neutral, PublicKeyToken=null]]'.
2026-05-11 16:20:10.182 +05:30 [INF] Executed action eCommerce.Api.Controllers.v1.CategoriesController.GetAllAsync (eCommerce.Api) in 4.0284ms
2026-05-11 16:20:10.182 +05:30 [INF] Executed endpoint 'eCommerce.Api.Controllers.v1.CategoriesController.GetAllAsync (eCommerce.Api)'
2026-05-11 16:20:10.183 +05:30 [INF] Request finished HTTP/2 GET https://localhost:7274/api/v1/Categories - 200 null application/json; charset=utf-8 7.7541ms
2026-05-11 16:20:19.065 +05:30 [INF] Request starting HTTP/2 GET https://localhost:7274/api/v1/Categories - null null
2026-05-11 16:20:19.069 +05:30 [INF] Executing endpoint 'eCommerce.Api.Controllers.v1.CategoriesController.GetAllAsync (eCommerce.Api)'
2026-05-11 16:20:19.070 +05:30 [INF] Route matched with {action = "GetAll", controller = "Categories"}. Executing controller action with signature System.Threading.Tasks.Task`1[Microsoft.AspNetCore.Mvc.ActionResult`1[System.Collections.Generic.IEnumerable`1[eCommerce.Application.DTOs.Category.CategoryDto]]] GetAllAsync() on controller eCommerce.Api.Controllers.v1.CategoriesController (eCommerce.Api).
2026-05-11 16:20:19.071 +05:30 [INF] Get all categories
2026-05-11 16:20:19.098 +05:30 [INF] Executing OkObjectResult, writing value of type 'System.Collections.Generic.List`1[[eCommerce.Application.DTOs.Category.CategoryDto, eCommerce.Application, Version=1.0.0.0, Culture=neutral, PublicKeyToken=null]]'.
2026-05-11 16:20:19.099 +05:30 [INF] Executed action eCommerce.Api.Controllers.v1.CategoriesController.GetAllAsync (eCommerce.Api) in 29.3668ms
2026-05-11 16:20:19.099 +05:30 [INF] Executed endpoint 'eCommerce.Api.Controllers.v1.CategoriesController.GetAllAsync (eCommerce.Api)'
2026-05-11 16:20:19.099 +05:30 [INF] Request finished HTTP/2 GET https://localhost:7274/api/v1/Categories - 200 null application/json; charset=utf-8 36.4685ms
2026-05-11 16:21:22.272 +05:30 [INF] Request starting HTTP/2 GET https://localhost:7274/swagger/index.html - null null
2026-05-11 16:21:22.398 +05:30 [INF] Request finished HTTP/2 GET https://localhost:7274/swagger/index.html - 200 null text/html;charset=utf-8 129.3278ms
2026-05-11 16:21:22.624 +05:30 [INF] Request starting HTTP/2 GET https://localhost:7274/_vs/browserLink - null null
2026-05-11 16:21:22.624 +05:30 [INF] Request starting HTTP/2 GET https://localhost:7274/_framework/aspnetcore-browser-refresh.js - null null
2026-05-11 16:21:22.632 +05:30 [INF] Request finished HTTP/2 GET https://localhost:7274/_framework/aspnetcore-browser-refresh.js - 200 16511 application/javascript; charset=utf-8 9.0366ms
2026-05-11 16:21:22.698 +05:30 [INF] Request finished HTTP/2 GET https://localhost:7274/_vs/browserLink - 200 null text/javascript; charset=UTF-8 74.3725ms
2026-05-11 16:21:23.365 +05:30 [INF] Request starting HTTP/2 GET https://localhost:7274/swagger/v1/swagger.json - null null
2026-05-11 16:21:23.535 +05:30 [INF] Request finished HTTP/2 GET https://localhost:7274/swagger/v1/swagger.json - 200 null application/json;charset=utf-8 170.3326ms
2026-05-11 16:21:26.383 +05:30 [INF] Request starting HTTP/2 GET https://localhost:7274/api/v1/Categories - null null
2026-05-11 16:21:26.388 +05:30 [INF] CORS policy execution failed.
2026-05-11 16:21:26.388 +05:30 [INF] Request origin http://localhost:4200 does not have permission to access the resource.
2026-05-11 16:21:26.391 +05:30 [INF] Executing endpoint 'eCommerce.Api.Controllers.v1.CategoriesController.GetAllAsync (eCommerce.Api)'
2026-05-11 16:21:26.410 +05:30 [INF] Route matched with {action = "GetAll", controller = "Categories"}. Executing controller action with signature System.Threading.Tasks.Task`1[Microsoft.AspNetCore.Mvc.ActionResult`1[System.Collections.Generic.IEnumerable`1[eCommerce.Application.DTOs.Category.CategoryDto]]] GetAllAsync() on controller eCommerce.Api.Controllers.v1.CategoriesController (eCommerce.Api).
2026-05-11 16:21:26.419 +05:30 [INF] Get all categories
2026-05-11 16:21:26.607 +05:30 [INF] Executed DbCommand (121ms) [Parameters=[], CommandType='"Text"', CommandTimeout='30']
SELECT [c].[CategoryId], [c].[CategoryName], [c].[Description]
FROM [Categories] AS [c]
2026-05-11 16:21:26.619 +05:30 [INF] Executing OkObjectResult, writing value of type 'System.Collections.Generic.List`1[[eCommerce.Application.DTOs.Category.CategoryDto, eCommerce.Application, Version=1.0.0.0, Culture=neutral, PublicKeyToken=null]]'.
2026-05-11 16:21:26.624 +05:30 [INF] Executed action eCommerce.Api.Controllers.v1.CategoriesController.GetAllAsync (eCommerce.Api) in 213.7105ms
2026-05-11 16:21:26.624 +05:30 [INF] Executed endpoint 'eCommerce.Api.Controllers.v1.CategoriesController.GetAllAsync (eCommerce.Api)'
2026-05-11 16:21:26.624 +05:30 [INF] Request finished HTTP/2 GET https://localhost:7274/api/v1/Categories - 200 null application/json; charset=utf-8 241.8508ms
2026-05-11 16:21:30.032 +05:30 [INF] Request starting HTTP/2 GET https://localhost:7274/api/v1/Categories - null null
2026-05-11 16:21:30.034 +05:30 [INF] CORS policy execution failed.
2026-05-11 16:21:30.034 +05:30 [INF] Request origin http://localhost:4200 does not have permission to access the resource.
2026-05-11 16:21:30.034 +05:30 [INF] Executing endpoint 'eCommerce.Api.Controllers.v1.CategoriesController.GetAllAsync (eCommerce.Api)'
2026-05-11 16:21:30.034 +05:30 [INF] Route matched with {action = "GetAll", controller = "Categories"}. Executing controller action with signature System.Threading.Tasks.Task`1[Microsoft.AspNetCore.Mvc.ActionResult`1[System.Collections.Generic.IEnumerable`1[eCommerce.Application.DTOs.Category.CategoryDto]]] GetAllAsync() on controller eCommerce.Api.Controllers.v1.CategoriesController (eCommerce.Api).
2026-05-11 16:21:30.036 +05:30 [INF] Get all categories
2026-05-11 16:21:30.036 +05:30 [INF] Executing OkObjectResult, writing value of type 'System.Collections.Generic.List`1[[eCommerce.Application.DTOs.Category.CategoryDto, eCommerce.Application, Version=1.0.0.0, Culture=neutral, PublicKeyToken=null]]'.
2026-05-11 16:21:30.036 +05:30 [INF] Executed action eCommerce.Api.Controllers.v1.CategoriesController.GetAllAsync (eCommerce.Api) in 1.7235ms
2026-05-11 16:21:30.036 +05:30 [INF] Executed endpoint 'eCommerce.Api.Controllers.v1.CategoriesController.GetAllAsync (eCommerce.Api)'
2026-05-11 16:21:30.036 +05:30 [INF] Request finished HTTP/2 GET https://localhost:7274/api/v1/Categories - 200 null application/json; charset=utf-8 5.3148ms
2026-05-11 16:21:54.354 +05:30 [INF] Request starting HTTP/2 GET https://localhost:7274/api/v1/Categories - null null
2026-05-11 16:21:54.413 +05:30 [INF] CORS policy execution failed.
2026-05-11 16:21:54.414 +05:30 [INF] Request origin http://localhost:4200 does not have permission to access the resource.
2026-05-11 16:21:54.428 +05:30 [INF] Executing endpoint 'eCommerce.Api.Controllers.v1.CategoriesController.GetAllAsync (eCommerce.Api)'
2026-05-11 16:21:54.446 +05:30 [INF] Route matched with {action = "GetAll", controller = "Categories"}. Executing controller action with signature System.Threading.Tasks.Task`1[Microsoft.AspNetCore.Mvc.ActionResult`1[System.Collections.Generic.IEnumerable`1[eCommerce.Application.DTOs.Category.CategoryDto]]] GetAllAsync() on controller eCommerce.Api.Controllers.v1.CategoriesController (eCommerce.Api).
2026-05-11 16:21:54.477 +05:30 [INF] Get all categories
2026-05-11 16:21:54.484 +05:30 [INF] Executing OkObjectResult, writing value of type 'System.Collections.Generic.List`1[[eCommerce.Application.DTOs.Category.CategoryDto, eCommerce.Application, Version=1.0.0.0, Culture=neutral, PublicKeyToken=null]]'.
2026-05-11 16:21:54.492 +05:30 [INF] Executed action eCommerce.Api.Controllers.v1.CategoriesController.GetAllAsync (eCommerce.Api) in 45.2851ms
2026-05-11 16:21:54.493 +05:30 [INF] Executed endpoint 'eCommerce.Api.Controllers.v1.CategoriesController.GetAllAsync (eCommerce.Api)'
2026-05-11 16:21:54.495 +05:30 [INF] Request finished HTTP/2 GET https://localhost:7274/api/v1/Categories - 200 null application/json; charset=utf-8 156.8467ms
2026-05-11 16:21:55.993 +05:30 [INF] Request starting HTTP/2 GET https://localhost:7274/api/v1/Categories - null null
2026-05-11 16:21:56.000 +05:30 [INF] CORS policy execution failed.
2026-05-11 16:21:56.001 +05:30 [INF] Request origin http://localhost:4200 does not have permission to access the resource.
2026-05-11 16:21:56.002 +05:30 [INF] Executing endpoint 'eCommerce.Api.Controllers.v1.CategoriesController.GetAllAsync (eCommerce.Api)'
2026-05-11 16:21:56.002 +05:30 [INF] Route matched with {action = "GetAll", controller = "Categories"}. Executing controller action with signature System.Threading.Tasks.Task`1[Microsoft.AspNetCore.Mvc.ActionResult`1[System.Collections.Generic.IEnumerable`1[eCommerce.Application.DTOs.Category.CategoryDto]]] GetAllAsync() on controller eCommerce.Api.Controllers.v1.CategoriesController (eCommerce.Api).
2026-05-11 16:21:56.005 +05:30 [INF] Get all categories
2026-05-11 16:21:56.006 +05:30 [INF] Executing OkObjectResult, writing value of type 'System.Collections.Generic.List`1[[eCommerce.Application.DTOs.Category.CategoryDto, eCommerce.Application, Version=1.0.0.0, Culture=neutral, PublicKeyToken=null]]'.
2026-05-11 16:21:56.010 +05:30 [INF] Executed action eCommerce.Api.Controllers.v1.CategoriesController.GetAllAsync (eCommerce.Api) in 7.8797ms
2026-05-11 16:21:56.011 +05:30 [INF] Executed endpoint 'eCommerce.Api.Controllers.v1.CategoriesController.GetAllAsync (eCommerce.Api)'
2026-05-11 16:21:56.012 +05:30 [INF] Request finished HTTP/2 GET https://localhost:7274/api/v1/Categories - 200 null application/json; charset=utf-8 21.2488ms
2026-05-11 16:22:03.818 +05:30 [INF] Request starting HTTP/2 GET https://localhost:7274/api/v1/Categories - null null
2026-05-11 16:22:03.821 +05:30 [INF] CORS policy execution failed.
2026-05-11 16:22:03.821 +05:30 [INF] Request origin http://localhost:4200 does not have permission to access the resource.
2026-05-11 16:22:03.821 +05:30 [INF] Executing endpoint 'eCommerce.Api.Controllers.v1.CategoriesController.GetAllAsync (eCommerce.Api)'
2026-05-11 16:22:03.822 +05:30 [INF] Route matched with {action = "GetAll", controller = "Categories"}. Executing controller action with signature System.Threading.Tasks.Task`1[Microsoft.AspNetCore.Mvc.ActionResult`1[System.Collections.Generic.IEnumerable`1[eCommerce.Application.DTOs.Category.CategoryDto]]] GetAllAsync() on controller eCommerce.Api.Controllers.v1.CategoriesController (eCommerce.Api).
2026-05-11 16:22:03.823 +05:30 [INF] Get all categories
2026-05-11 16:22:03.825 +05:30 [INF] Executing OkObjectResult, writing value of type 'System.Collections.Generic.List`1[[eCommerce.Application.DTOs.Category.CategoryDto, eCommerce.Application, Version=1.0.0.0, Culture=neutral, PublicKeyToken=null]]'.
2026-05-11 16:22:03.827 +05:30 [INF] Executed action eCommerce.Api.Controllers.v1.CategoriesController.GetAllAsync (eCommerce.Api) in 5.2473ms
2026-05-11 16:22:03.827 +05:30 [INF] Executed endpoint 'eCommerce.Api.Controllers.v1.CategoriesController.GetAllAsync (eCommerce.Api)'
2026-05-11 16:22:03.828 +05:30 [INF] Request finished HTTP/2 GET https://localhost:7274/api/v1/Categories - 200 null application/json; charset=utf-8 10.0979ms
2026-05-11 16:22:05.387 +05:30 [INF] Request starting HTTP/2 GET https://localhost:7274/api/v1/Categories - null null
2026-05-11 16:22:05.404 +05:30 [INF] CORS policy execution failed.
2026-05-11 16:22:05.404 +05:30 [INF] Request origin http://localhost:4200 does not have permission to access the resource.
2026-05-11 16:22:05.410 +05:30 [INF] Executing endpoint 'eCommerce.Api.Controllers.v1.CategoriesController.GetAllAsync (eCommerce.Api)'
2026-05-11 16:22:05.410 +05:30 [INF] Route matched with {action = "GetAll", controller = "Categories"}. Executing controller action with signature System.Threading.Tasks.Task`1[Microsoft.AspNetCore.Mvc.ActionResult`1[System.Collections.Generic.IEnumerable`1[eCommerce.Application.DTOs.Category.CategoryDto]]] GetAllAsync() on controller eCommerce.Api.Controllers.v1.CategoriesController (eCommerce.Api).
2026-05-11 16:22:05.412 +05:30 [INF] Get all categories
2026-05-11 16:22:05.413 +05:30 [INF] Executing OkObjectResult, writing value of type 'System.Collections.Generic.List`1[[eCommerce.Application.DTOs.Category.CategoryDto, eCommerce.Application, Version=1.0.0.0, Culture=neutral, PublicKeyToken=null]]'.
2026-05-11 16:22:05.414 +05:30 [INF] Executed action eCommerce.Api.Controllers.v1.CategoriesController.GetAllAsync (eCommerce.Api) in 3.1963ms
2026-05-11 16:22:05.414 +05:30 [INF] Executed endpoint 'eCommerce.Api.Controllers.v1.CategoriesController.GetAllAsync (eCommerce.Api)'
2026-05-11 16:22:05.414 +05:30 [INF] Request finished HTTP/2 GET https://localhost:7274/api/v1/Categories - 200 null application/json; charset=utf-8 27.9022ms
2026-05-11 16:22:05.653 +05:30 [INF] Request starting HTTP/2 GET https://localhost:7274/api/v1/Categories - null null
2026-05-11 16:22:05.654 +05:30 [INF] CORS policy execution failed.
2026-05-11 16:22:05.654 +05:30 [INF] Request origin http://localhost:4200 does not have permission to access the resource.
2026-05-11 16:22:05.655 +05:30 [INF] Executing endpoint 'eCommerce.Api.Controllers.v1.CategoriesController.GetAllAsync (eCommerce.Api)'
2026-05-11 16:22:05.655 +05:30 [INF] Route matched with {action = "GetAll", controller = "Categories"}. Executing controller action with signature System.Threading.Tasks.Task`1[Microsoft.AspNetCore.Mvc.ActionResult`1[System.Collections.Generic.IEnumerable`1[eCommerce.Application.DTOs.Category.CategoryDto]]] GetAllAsync() on controller eCommerce.Api.Controllers.v1.CategoriesController (eCommerce.Api).
2026-05-11 16:22:05.655 +05:30 [INF] Get all categories
2026-05-11 16:22:05.656 +05:30 [INF] Executing OkObjectResult, writing value of type 'System.Collections.Generic.List`1[[eCommerce.Application.DTOs.Category.CategoryDto, eCommerce.Application, Version=1.0.0.0, Culture=neutral, PublicKeyToken=null]]'.
2026-05-11 16:22:05.656 +05:30 [INF] Executed action eCommerce.Api.Controllers.v1.CategoriesController.GetAllAsync (eCommerce.Api) in 0.9504ms
2026-05-11 16:22:05.656 +05:30 [INF] Executed endpoint 'eCommerce.Api.Controllers.v1.CategoriesController.GetAllAsync (eCommerce.Api)'
2026-05-11 16:22:05.656 +05:30 [INF] Request finished HTTP/2 GET https://localhost:7274/api/v1/Categories - 200 null application/json; charset=utf-8 4.1314ms
2026-05-11 16:22:05.993 +05:30 [INF] Request starting HTTP/2 GET https://localhost:7274/api/v1/Categories - null null
2026-05-11 16:22:05.995 +05:30 [INF] CORS policy execution failed.
2026-05-11 16:22:05.995 +05:30 [INF] Request origin http://localhost:4200 does not have permission to access the resource.
2026-05-11 16:22:05.996 +05:30 [INF] Executing endpoint 'eCommerce.Api.Controllers.v1.CategoriesController.GetAllAsync (eCommerce.Api)'
2026-05-11 16:22:05.996 +05:30 [INF] Route matched with {action = "GetAll", controller = "Categories"}. Executing controller action with signature System.Threading.Tasks.Task`1[Microsoft.AspNetCore.Mvc.ActionResult`1[System.Collections.Generic.IEnumerable`1[eCommerce.Application.DTOs.Category.CategoryDto]]] GetAllAsync() on controller eCommerce.Api.Controllers.v1.CategoriesController (eCommerce.Api).
2026-05-11 16:22:05.999 +05:30 [INF] Get all categories
2026-05-11 16:22:05.999 +05:30 [INF] Executing OkObjectResult, writing value of type 'System.Collections.Generic.List`1[[eCommerce.Application.DTOs.Category.CategoryDto, eCommerce.Application, Version=1.0.0.0, Culture=neutral, PublicKeyToken=null]]'.
2026-05-11 16:22:05.999 +05:30 [INF] Executed action eCommerce.Api.Controllers.v1.CategoriesController.GetAllAsync (eCommerce.Api) in 3.0276ms
2026-05-11 16:22:05.999 +05:30 [INF] Executed endpoint 'eCommerce.Api.Controllers.v1.CategoriesController.GetAllAsync (eCommerce.Api)'
2026-05-11 16:22:06.000 +05:30 [INF] Request finished HTTP/2 GET https://localhost:7274/api/v1/Categories - 200 null application/json; charset=utf-8 7.5313ms
2026-05-11 16:22:06.208 +05:30 [INF] Request starting HTTP/2 GET https://localhost:7274/api/v1/Categories - null null
2026-05-11 16:22:06.214 +05:30 [INF] CORS policy execution failed.
2026-05-11 16:22:06.214 +05:30 [INF] Request origin http://localhost:4200 does not have permission to access the resource.
2026-05-11 16:22:06.214 +05:30 [INF] Executing endpoint 'eCommerce.Api.Controllers.v1.CategoriesController.GetAllAsync (eCommerce.Api)'
2026-05-11 16:22:06.215 +05:30 [INF] Route matched with {action = "GetAll", controller = "Categories"}. Executing controller action with signature System.Threading.Tasks.Task`1[Microsoft.AspNetCore.Mvc.ActionResult`1[System.Collections.Generic.IEnumerable`1[eCommerce.Application.DTOs.Category.CategoryDto]]] GetAllAsync() on controller eCommerce.Api.Controllers.v1.CategoriesController (eCommerce.Api).
2026-05-11 16:22:06.217 +05:30 [INF] Get all categories
2026-05-11 16:22:06.217 +05:30 [INF] Executing OkObjectResult, writing value of type 'System.Collections.Generic.List`1[[eCommerce.Application.DTOs.Category.CategoryDto, eCommerce.Application, Version=1.0.0.0, Culture=neutral, PublicKeyToken=null]]'.
2026-05-11 16:22:06.218 +05:30 [INF] Executed action eCommerce.Api.Controllers.v1.CategoriesController.GetAllAsync (eCommerce.Api) in 2.5801ms
2026-05-11 16:22:06.218 +05:30 [INF] Executed endpoint 'eCommerce.Api.Controllers.v1.CategoriesController.GetAllAsync (eCommerce.Api)'
2026-05-11 16:22:06.218 +05:30 [INF] Request finished HTTP/2 GET https://localhost:7274/api/v1/Categories - 200 null application/json; charset=utf-8 11.2281ms
2026-05-11 16:23:28.551 +05:30 [INF] Now listening on: https://localhost:7274
2026-05-11 16:23:28.627 +05:30 [INF] Now listening on: http://localhost:5169
2026-05-11 16:23:28.913 +05:30 [INF] Application started. Press Ctrl+C to shut down.
2026-05-11 16:23:28.914 +05:30 [INF] Hosting environment: Development
2026-05-11 16:23:28.915 +05:30 [INF] Content root path: C:\Users\pilli\OneDrive\Desktop\.net&angular training\ASP.NETCoreWebAPI\CleanArchitecture\eCommerce.Api
2026-05-11 16:23:29.981 +05:30 [INF] Request starting HTTP/2 GET https://localhost:7274/swagger/index.html - null null
2026-05-11 16:23:30.713 +05:30 [INF] Request finished HTTP/2 GET https://localhost:7274/swagger/index.html - 200 null text/html;charset=utf-8 752.6451ms
2026-05-11 16:23:30.799 +05:30 [INF] Request starting HTTP/2 GET https://localhost:7274/_vs/browserLink - null null
2026-05-11 16:23:30.799 +05:30 [INF] Request starting HTTP/2 GET https://localhost:7274/_framework/aspnetcore-browser-refresh.js - null null
2026-05-11 16:23:30.826 +05:30 [INF] Request finished HTTP/2 GET https://localhost:7274/_framework/aspnetcore-browser-refresh.js - 200 16511 application/javascript; charset=utf-8 25.0135ms
2026-05-11 16:23:30.939 +05:30 [INF] Request finished HTTP/2 GET https://localhost:7274/_vs/browserLink - 200 null text/javascript; charset=UTF-8 140.9377ms
2026-05-11 16:23:31.078 +05:30 [INF] Request starting HTTP/2 GET https://localhost:7274/swagger/v1/swagger.json - null null
2026-05-11 16:23:31.235 +05:30 [INF] Request finished HTTP/2 GET https://localhost:7274/swagger/v1/swagger.json - 200 null application/json;charset=utf-8 159.7079ms
2026-05-11 16:23:36.902 +05:30 [INF] Request starting HTTP/2 GET https://localhost:7274/api/v1/Categories - null null
2026-05-11 16:23:36.985 +05:30 [INF] Executing endpoint 'eCommerce.Api.Controllers.v1.CategoriesController.GetAllAsync (eCommerce.Api)'
2026-05-11 16:23:37.061 +05:30 [INF] Route matched with {action = "GetAll", controller = "Categories"}. Executing controller action with signature System.Threading.Tasks.Task`1[Microsoft.AspNetCore.Mvc.ActionResult`1[System.Collections.Generic.IEnumerable`1[eCommerce.Application.DTOs.Category.CategoryDto]]] GetAllAsync() on controller eCommerce.Api.Controllers.v1.CategoriesController (eCommerce.Api).
2026-05-11 16:23:37.927 +05:30 [WRN] You do not have a valid license key for the Lucky Penny software AutoMapper. This is allowed for development and testing scenarios. If you are running in production you are required to have a licensed version. Please visit https://luckypennysoftware.com to obtain a valid license.
2026-05-11 16:23:37.937 +05:30 [INF] Get all categories
2026-05-11 16:23:42.500 +05:30 [INF] Executed DbCommand (160ms) [Parameters=[], CommandType='"Text"', CommandTimeout='30']
SELECT [c].[CategoryId], [c].[CategoryName], [c].[Description]
FROM [Categories] AS [c]
2026-05-11 16:23:42.702 +05:30 [INF] Executing OkObjectResult, writing value of type 'System.Collections.Generic.List`1[[eCommerce.Application.DTOs.Category.CategoryDto, eCommerce.Application, Version=1.0.0.0, Culture=neutral, PublicKeyToken=null]]'.
2026-05-11 16:23:42.724 +05:30 [INF] Executed action eCommerce.Api.Controllers.v1.CategoriesController.GetAllAsync (eCommerce.Api) in 5654.8306ms
2026-05-11 16:23:42.725 +05:30 [INF] Executed endpoint 'eCommerce.Api.Controllers.v1.CategoriesController.GetAllAsync (eCommerce.Api)'
2026-05-11 16:23:42.739 +05:30 [INF] Request finished HTTP/2 GET https://localhost:7274/api/v1/Categories - 200 null application/json; charset=utf-8 5837.5706ms
2026-05-11 16:23:57.455 +05:30 [INF] Request starting HTTP/2 GET https://localhost:7274/api/v1/Categories - null null
2026-05-11 16:23:57.501 +05:30 [INF] CORS policy execution successful.
2026-05-11 16:23:57.507 +05:30 [INF] Executing endpoint 'eCommerce.Api.Controllers.v1.CategoriesController.GetAllAsync (eCommerce.Api)'
2026-05-11 16:23:57.510 +05:30 [INF] Route matched with {action = "GetAll", controller = "Categories"}. Executing controller action with signature System.Threading.Tasks.Task`1[Microsoft.AspNetCore.Mvc.ActionResult`1[System.Collections.Generic.IEnumerable`1[eCommerce.Application.DTOs.Category.CategoryDto]]] GetAllAsync() on controller eCommerce.Api.Controllers.v1.CategoriesController (eCommerce.Api).
2026-05-11 16:23:57.524 +05:30 [INF] Get all categories
2026-05-11 16:23:57.530 +05:30 [INF] Executing OkObjectResult, writing value of type 'System.Collections.Generic.List`1[[eCommerce.Application.DTOs.Category.CategoryDto, eCommerce.Application, Version=1.0.0.0, Culture=neutral, PublicKeyToken=null]]'.
2026-05-11 16:23:57.586 +05:30 [INF] Executed action eCommerce.Api.Controllers.v1.CategoriesController.GetAllAsync (eCommerce.Api) in 75.9364ms
2026-05-11 16:23:57.587 +05:30 [INF] Executed endpoint 'eCommerce.Api.Controllers.v1.CategoriesController.GetAllAsync (eCommerce.Api)'
2026-05-11 16:23:57.591 +05:30 [INF] Request finished HTTP/2 GET https://localhost:7274/api/v1/Categories - 499 null application/json; charset=utf-8 137.0343ms
2026-05-11 16:23:57.901 +05:30 [INF] Request starting HTTP/2 GET https://localhost:7274/api/v1/Categories - null null
2026-05-11 16:23:57.914 +05:30 [INF] CORS policy execution successful.
2026-05-11 16:23:57.918 +05:30 [INF] Executing endpoint 'eCommerce.Api.Controllers.v1.CategoriesController.GetAllAsync (eCommerce.Api)'
2026-05-11 16:23:57.924 +05:30 [INF] Route matched with {action = "GetAll", controller = "Categories"}. Executing controller action with signature System.Threading.Tasks.Task`1[Microsoft.AspNetCore.Mvc.ActionResult`1[System.Collections.Generic.IEnumerable`1[eCommerce.Application.DTOs.Category.CategoryDto]]] GetAllAsync() on controller eCommerce.Api.Controllers.v1.CategoriesController (eCommerce.Api).
2026-05-11 16:23:57.936 +05:30 [INF] Get all categories
2026-05-11 16:23:57.936 +05:30 [INF] Executing OkObjectResult, writing value of type 'System.Collections.Generic.List`1[[eCommerce.Application.DTOs.Category.CategoryDto, eCommerce.Application, Version=1.0.0.0, Culture=neutral, PublicKeyToken=null]]'.
2026-05-11 16:23:57.941 +05:30 [INF] Executed action eCommerce.Api.Controllers.v1.CategoriesController.GetAllAsync (eCommerce.Api) in 16.7935ms
2026-05-11 16:23:57.942 +05:30 [INF] Executed endpoint 'eCommerce.Api.Controllers.v1.CategoriesController.GetAllAsync (eCommerce.Api)'
2026-05-11 16:23:57.944 +05:30 [INF] Request finished HTTP/2 GET https://localhost:7274/api/v1/Categories - 200 null application/json; charset=utf-8 49.6664ms
2026-05-11 16:25:34.739 +05:30 [INF] Request starting HTTP/2 GET https://localhost:7274/api/v1/Invoices - null null
2026-05-11 16:25:34.798 +05:30 [INF] Authorization failed. These requirements were not met:
RolesAuthorizationRequirement:User.IsInRole must be true for one of the following roles: (Customer|Admin)
2026-05-11 16:25:34.826 +05:30 [ERR] An unhandled exception has occurred while executing the request.
System.InvalidOperationException: No authenticationScheme was specified, and there was no DefaultChallengeScheme found. The default schemes can be set using either AddAuthentication(string defaultScheme) or AddAuthentication(Action<AuthenticationOptions> configureOptions).
   at Microsoft.AspNetCore.Authentication.AuthenticationService.ChallengeAsync(HttpContext context, String scheme, AuthenticationProperties properties)
   at Microsoft.AspNetCore.Authorization.Policy.AuthorizationMiddlewareResultHandler.<>c__DisplayClass0_0.<<HandleAsync>g__Handle|0>d.MoveNext()
--- End of stack trace from previous location ---
   at Microsoft.AspNetCore.Authorization.AuthorizationMiddleware.Invoke(HttpContext context)
   at Microsoft.AspNetCore.Authentication.AuthenticationMiddleware.Invoke(HttpContext context)
   at Swashbuckle.AspNetCore.SwaggerUI.SwaggerUIMiddleware.Invoke(HttpContext httpContext)
   at Swashbuckle.AspNetCore.Swagger.SwaggerMiddleware.Invoke(HttpContext httpContext, ISwaggerProvider swaggerProvider)
   at Microsoft.AspNetCore.Diagnostics.ExceptionHandlerMiddlewareImpl.<Invoke>g__Awaited|10_0(ExceptionHandlerMiddlewareImpl middleware, HttpContext context, Task task)
2026-05-11 16:25:34.947 +05:30 [ERR] Exception occurred: No authenticationScheme was specified, and there was no DefaultChallengeScheme found. The default schemes can be set using either AddAuthentication(string defaultScheme) or AddAuthentication(Action<AuthenticationOptions> configureOptions).
System.InvalidOperationException: No authenticationScheme was specified, and there was no DefaultChallengeScheme found. The default schemes can be set using either AddAuthentication(string defaultScheme) or AddAuthentication(Action<AuthenticationOptions> configureOptions).
   at Microsoft.AspNetCore.Authentication.AuthenticationService.ChallengeAsync(HttpContext context, String scheme, AuthenticationProperties properties)
   at Microsoft.AspNetCore.Authorization.Policy.AuthorizationMiddlewareResultHandler.<>c__DisplayClass0_0.<<HandleAsync>g__Handle|0>d.MoveNext()
--- End of stack trace from previous location ---
   at Microsoft.AspNetCore.Authorization.AuthorizationMiddleware.Invoke(HttpContext context)
   at Microsoft.AspNetCore.Authentication.AuthenticationMiddleware.Invoke(HttpContext context)
   at Swashbuckle.AspNetCore.SwaggerUI.SwaggerUIMiddleware.Invoke(HttpContext httpContext)
   at Swashbuckle.AspNetCore.Swagger.SwaggerMiddleware.Invoke(HttpContext httpContext, ISwaggerProvider swaggerProvider)
   at Microsoft.AspNetCore.Diagnostics.ExceptionHandlerMiddlewareImpl.<Invoke>g__Awaited|10_0(ExceptionHandlerMiddlewareImpl middleware, HttpContext context, Task task)
2026-05-11 16:25:35.003 +05:30 [INF] Request finished HTTP/2 GET https://localhost:7274/api/v1/Invoices - 400 null application/json; charset=utf-8 266.9101ms
2026-05-11 16:27:18.413 +05:30 [INF] Request starting HTTP/2 GET https://localhost:7274/swagger/index.html - null null
2026-05-11 16:27:18.595 +05:30 [INF] Request finished HTTP/2 GET https://localhost:7274/swagger/index.html - 200 null text/html;charset=utf-8 194.578ms
2026-05-11 16:27:19.221 +05:30 [INF] Request starting HTTP/2 GET https://localhost:7274/_vs/browserLink - null null
2026-05-11 16:27:19.253 +05:30 [INF] Request starting HTTP/2 GET https://localhost:7274/_framework/aspnetcore-browser-refresh.js - null null
2026-05-11 16:27:19.273 +05:30 [INF] Request finished HTTP/2 GET https://localhost:7274/_framework/aspnetcore-browser-refresh.js - 200 16511 application/javascript; charset=utf-8 19.9424ms
2026-05-11 16:27:19.403 +05:30 [INF] Request finished HTTP/2 GET https://localhost:7274/_vs/browserLink - 200 null text/javascript; charset=UTF-8 182.8394ms
2026-05-11 16:27:20.248 +05:30 [INF] Request starting HTTP/2 GET https://localhost:7274/swagger/v1/swagger.json - null null
2026-05-11 16:27:20.434 +05:30 [INF] Request finished HTTP/2 GET https://localhost:7274/swagger/v1/swagger.json - 200 null application/json;charset=utf-8 184.3721ms
2026-05-11 16:27:51.785 +05:30 [INF] Request starting HTTP/2 GET https://localhost:7274/swagger/index.html - null null
2026-05-11 16:27:51.844 +05:30 [INF] Request finished HTTP/2 GET https://localhost:7274/swagger/index.html - 200 null text/html;charset=utf-8 63.7719ms
2026-05-11 16:27:52.292 +05:30 [INF] Request starting HTTP/2 GET https://localhost:7274/_vs/browserLink - null null
2026-05-11 16:27:52.294 +05:30 [INF] Request starting HTTP/2 GET https://localhost:7274/_framework/aspnetcore-browser-refresh.js - null null
2026-05-11 16:27:52.299 +05:30 [INF] Request finished HTTP/2 GET https://localhost:7274/_framework/aspnetcore-browser-refresh.js - 200 16511 application/javascript; charset=utf-8 5.6864ms
2026-05-11 16:27:52.361 +05:30 [INF] Request finished HTTP/2 GET https://localhost:7274/_vs/browserLink - 200 null text/javascript; charset=UTF-8 69.5757ms
2026-05-11 16:27:53.075 +05:30 [INF] Request starting HTTP/2 GET https://localhost:7274/swagger/v1/swagger.json - null null
2026-05-11 16:27:53.204 +05:30 [ERR] An unhandled exception has occurred while executing the request.
Swashbuckle.AspNetCore.SwaggerGen.SwaggerGeneratorException: Ambiguous HTTP method for action - eCommerce.Api.Controllers.v1.ProductsController.UpdateProduct (eCommerce.Api). Actions require an explicit HttpMethod binding for Swagger/OpenAPI 3.0
   at Swashbuckle.AspNetCore.SwaggerGen.SwaggerGenerator.GenerateOperations(IEnumerable`1 apiDescriptions, SchemaRepository schemaRepository)
   at Swashbuckle.AspNetCore.SwaggerGen.SwaggerGenerator.GeneratePaths(IEnumerable`1 apiDescriptions, SchemaRepository schemaRepository)
   at Swashbuckle.AspNetCore.SwaggerGen.SwaggerGenerator.GetSwaggerDocumentWithoutFilters(String documentName, String host, String basePath)
   at Swashbuckle.AspNetCore.SwaggerGen.SwaggerGenerator.GetSwaggerAsync(String documentName, String host, String basePath)
   at Swashbuckle.AspNetCore.Swagger.SwaggerMiddleware.Invoke(HttpContext httpContext, ISwaggerProvider swaggerProvider)
   at Microsoft.AspNetCore.Diagnostics.ExceptionHandlerMiddlewareImpl.<Invoke>g__Awaited|10_0(ExceptionHandlerMiddlewareImpl middleware, HttpContext context, Task task)
2026-05-11 16:27:53.249 +05:30 [ERR] Exception occurred: Ambiguous HTTP method for action - eCommerce.Api.Controllers.v1.ProductsController.UpdateProduct (eCommerce.Api). Actions require an explicit HttpMethod binding for Swagger/OpenAPI 3.0
Swashbuckle.AspNetCore.SwaggerGen.SwaggerGeneratorException: Ambiguous HTTP method for action - eCommerce.Api.Controllers.v1.ProductsController.UpdateProduct (eCommerce.Api). Actions require an explicit HttpMethod binding for Swagger/OpenAPI 3.0
   at Swashbuckle.AspNetCore.SwaggerGen.SwaggerGenerator.GenerateOperations(IEnumerable`1 apiDescriptions, SchemaRepository schemaRepository)
   at Swashbuckle.AspNetCore.SwaggerGen.SwaggerGenerator.GeneratePaths(IEnumerable`1 apiDescriptions, SchemaRepository schemaRepository)
   at Swashbuckle.AspNetCore.SwaggerGen.SwaggerGenerator.GetSwaggerDocumentWithoutFilters(String documentName, String host, String basePath)
   at Swashbuckle.AspNetCore.SwaggerGen.SwaggerGenerator.GetSwaggerAsync(String documentName, String host, String basePath)
   at Swashbuckle.AspNetCore.Swagger.SwaggerMiddleware.Invoke(HttpContext httpContext, ISwaggerProvider swaggerProvider)
   at Microsoft.AspNetCore.Diagnostics.ExceptionHandlerMiddlewareImpl.<Invoke>g__Awaited|10_0(ExceptionHandlerMiddlewareImpl middleware, HttpContext context, Task task)
2026-05-11 16:27:53.282 +05:30 [INF] Request finished HTTP/2 GET https://localhost:7274/swagger/v1/swagger.json - 500 null application/json; charset=utf-8 208.7743ms
2026-05-11 16:28:15.456 +05:30 [INF] Now listening on: https://localhost:7274
2026-05-11 16:28:15.525 +05:30 [INF] Now listening on: http://localhost:5169
2026-05-11 16:28:15.812 +05:30 [INF] Application started. Press Ctrl+C to shut down.
2026-05-11 16:28:15.813 +05:30 [INF] Hosting environment: Development
2026-05-11 16:28:15.813 +05:30 [INF] Content root path: C:\Users\pilli\OneDrive\Desktop\.net&angular training\ASP.NETCoreWebAPI\CleanArchitecture\eCommerce.Api
2026-05-11 16:28:16.576 +05:30 [INF] Request starting HTTP/2 GET https://localhost:7274/swagger/index.html - null null
2026-05-11 16:28:17.281 +05:30 [INF] Request finished HTTP/2 GET https://localhost:7274/swagger/index.html - 200 null text/html;charset=utf-8 727.2838ms
2026-05-11 16:28:17.376 +05:30 [INF] Request starting HTTP/2 GET https://localhost:7274/_vs/browserLink - null null
2026-05-11 16:28:17.376 +05:30 [INF] Request starting HTTP/2 GET https://localhost:7274/_framework/aspnetcore-browser-refresh.js - null null
2026-05-11 16:28:17.398 +05:30 [INF] Request finished HTTP/2 GET https://localhost:7274/_framework/aspnetcore-browser-refresh.js - 200 16511 application/javascript; charset=utf-8 21.2908ms
2026-05-11 16:28:17.506 +05:30 [INF] Request finished HTTP/2 GET https://localhost:7274/_vs/browserLink - 200 null text/javascript; charset=UTF-8 130.6586ms
2026-05-11 16:28:17.748 +05:30 [INF] Request starting HTTP/2 GET https://localhost:7274/swagger/v1/swagger.json - null null
2026-05-11 16:28:17.968 +05:30 [INF] Request finished HTTP/2 GET https://localhost:7274/swagger/v1/swagger.json - 200 null application/json;charset=utf-8 220.2502ms
2026-05-11 16:28:25.126 +05:30 [INF] Request starting HTTP/2 GET https://localhost:7274/api/v1/Customers - null null
2026-05-11 16:28:25.190 +05:30 [INF] Authorization failed. These requirements were not met:
RolesAuthorizationRequirement:User.IsInRole must be true for one of the following roles: (Admin)
2026-05-11 16:28:25.201 +05:30 [ERR] An unhandled exception has occurred while executing the request.
System.InvalidOperationException: No authenticationScheme was specified, and there was no DefaultChallengeScheme found. The default schemes can be set using either AddAuthentication(string defaultScheme) or AddAuthentication(Action<AuthenticationOptions> configureOptions).
   at Microsoft.AspNetCore.Authentication.AuthenticationService.ChallengeAsync(HttpContext context, String scheme, AuthenticationProperties properties)
   at Microsoft.AspNetCore.Authorization.Policy.AuthorizationMiddlewareResultHandler.<>c__DisplayClass0_0.<<HandleAsync>g__Handle|0>d.MoveNext()
--- End of stack trace from previous location ---
   at Microsoft.AspNetCore.Authorization.AuthorizationMiddleware.Invoke(HttpContext context)
   at Microsoft.AspNetCore.Authentication.AuthenticationMiddleware.Invoke(HttpContext context)
   at Swashbuckle.AspNetCore.SwaggerUI.SwaggerUIMiddleware.Invoke(HttpContext httpContext)
   at Swashbuckle.AspNetCore.Swagger.SwaggerMiddleware.Invoke(HttpContext httpContext, ISwaggerProvider swaggerProvider)
   at Microsoft.AspNetCore.Diagnostics.ExceptionHandlerMiddlewareImpl.<Invoke>g__Awaited|10_0(ExceptionHandlerMiddlewareImpl middleware, HttpContext context, Task task)
2026-05-11 16:28:25.298 +05:30 [ERR] Exception occurred: No authenticationScheme was specified, and there was no DefaultChallengeScheme found. The default schemes can be set using either AddAuthentication(string defaultScheme) or AddAuthentication(Action<AuthenticationOptions> configureOptions).
System.InvalidOperationException: No authenticationScheme was specified, and there was no DefaultChallengeScheme found. The default schemes can be set using either AddAuthentication(string defaultScheme) or AddAuthentication(Action<AuthenticationOptions> configureOptions).
   at Microsoft.AspNetCore.Authentication.AuthenticationService.ChallengeAsync(HttpContext context, String scheme, AuthenticationProperties properties)
   at Microsoft.AspNetCore.Authorization.Policy.AuthorizationMiddlewareResultHandler.<>c__DisplayClass0_0.<<HandleAsync>g__Handle|0>d.MoveNext()
--- End of stack trace from previous location ---
   at Microsoft.AspNetCore.Authorization.AuthorizationMiddleware.Invoke(HttpContext context)
   at Microsoft.AspNetCore.Authentication.AuthenticationMiddleware.Invoke(HttpContext context)
   at Swashbuckle.AspNetCore.SwaggerUI.SwaggerUIMiddleware.Invoke(HttpContext httpContext)
   at Swashbuckle.AspNetCore.Swagger.SwaggerMiddleware.Invoke(HttpContext httpContext, ISwaggerProvider swaggerProvider)
   at Microsoft.AspNetCore.Diagnostics.ExceptionHandlerMiddlewareImpl.<Invoke>g__Awaited|10_0(ExceptionHandlerMiddlewareImpl middleware, HttpContext context, Task task)
2026-05-11 16:28:25.320 +05:30 [INF] Request finished HTTP/2 GET https://localhost:7274/api/v1/Customers - 400 null application/json; charset=utf-8 194.8352ms
2026-05-11 16:28:46.499 +05:30 [INF] Request starting HTTP/2 GET https://localhost:7274/api/v1/Categories - null null
2026-05-11 16:28:46.559 +05:30 [INF] Executing endpoint 'eCommerce.Api.Controllers.v1.CategoriesController.GetAllAsync (eCommerce.Api)'
2026-05-11 16:28:46.695 +05:30 [INF] Route matched with {action = "GetAll", controller = "Categories"}. Executing controller action with signature System.Threading.Tasks.Task`1[Microsoft.AspNetCore.Mvc.ActionResult`1[System.Collections.Generic.IEnumerable`1[eCommerce.Application.DTOs.Category.CategoryDto]]] GetAllAsync() on controller eCommerce.Api.Controllers.v1.CategoriesController (eCommerce.Api).
2026-05-11 16:28:47.278 +05:30 [WRN] You do not have a valid license key for the Lucky Penny software AutoMapper. This is allowed for development and testing scenarios. If you are running in production you are required to have a licensed version. Please visit https://luckypennysoftware.com to obtain a valid license.
2026-05-11 16:28:47.294 +05:30 [INF] Get all categories
2026-05-11 16:28:50.069 +05:30 [INF] Executed DbCommand (114ms) [Parameters=[], CommandType='"Text"', CommandTimeout='30']
SELECT [c].[CategoryId], [c].[CategoryName], [c].[Description]
FROM [Categories] AS [c]
2026-05-11 16:28:50.201 +05:30 [INF] Executing OkObjectResult, writing value of type 'System.Collections.Generic.List`1[[eCommerce.Application.DTOs.Category.CategoryDto, eCommerce.Application, Version=1.0.0.0, Culture=neutral, PublicKeyToken=null]]'.
2026-05-11 16:28:50.219 +05:30 [INF] Executed action eCommerce.Api.Controllers.v1.CategoriesController.GetAllAsync (eCommerce.Api) in 3520.4523ms
2026-05-11 16:28:50.221 +05:30 [INF] Executed endpoint 'eCommerce.Api.Controllers.v1.CategoriesController.GetAllAsync (eCommerce.Api)'
2026-05-11 16:28:50.248 +05:30 [INF] Request finished HTTP/2 GET https://localhost:7274/api/v1/Categories - 200 null application/json; charset=utf-8 3748.8984ms
2026-05-11 16:29:01.383 +05:30 [INF] Request starting HTTP/2 GET https://localhost:7274/api/v1/Products - null null
2026-05-11 16:29:01.393 +05:30 [INF] Executing endpoint 'eCommerce.Api.Controllers.v1.ProductsController.GetAllProducts (eCommerce.Api)'
2026-05-11 16:29:01.413 +05:30 [INF] Route matched with {action = "GetAllProducts", controller = "Products"}. Executing controller action with signature System.Threading.Tasks.Task`1[Microsoft.AspNetCore.Mvc.ActionResult`1[System.Collections.Generic.IEnumerable`1[eCommerce.Application.DTOs.Product.ProductDto]]] GetAllProducts() on controller eCommerce.Api.Controllers.v1.ProductsController (eCommerce.Api).
2026-05-11 16:29:01.506 +05:30 [INF] Executed DbCommand (13ms) [Parameters=[], CommandType='"Text"', CommandTimeout='30']
SELECT [p].[ProductId], [p].[CategoryId], [p].[Description], [p].[Discount], [p].[Gender], [p].[MadeIn], [p].[ManufacturingDate], [p].[Picture], [p].[ProductName], [p].[Quantity], [p].[ReturnPolicy], [p].[ShoeType], [p].[UnitPrice], [p].[WarrantyPeriod]
FROM [Products] AS [p]
2026-05-11 16:29:01.513 +05:30 [INF] Executing StatusCodeResult, setting HTTP status code 204
2026-05-11 16:29:01.514 +05:30 [INF] Executed action eCommerce.Api.Controllers.v1.ProductsController.GetAllProducts (eCommerce.Api) in 100.3078ms
2026-05-11 16:29:01.514 +05:30 [INF] Executed endpoint 'eCommerce.Api.Controllers.v1.ProductsController.GetAllProducts (eCommerce.Api)'
2026-05-11 16:29:01.515 +05:30 [INF] Request finished HTTP/2 GET https://localhost:7274/api/v1/Products - 204 null null 133.1026ms
2026-05-11 16:29:21.675 +05:30 [INF] Request starting HTTP/2 GET https://localhost:7274/api/v1/Role - null null
2026-05-11 16:29:21.711 +05:30 [INF] Authorization failed. These requirements were not met:
RolesAuthorizationRequirement:User.IsInRole must be true for one of the following roles: (Admin)
2026-05-11 16:29:21.716 +05:30 [ERR] An unhandled exception has occurred while executing the request.
System.InvalidOperationException: No authenticationScheme was specified, and there was no DefaultChallengeScheme found. The default schemes can be set using either AddAuthentication(string defaultScheme) or AddAuthentication(Action<AuthenticationOptions> configureOptions).
   at Microsoft.AspNetCore.Authentication.AuthenticationService.ChallengeAsync(HttpContext context, String scheme, AuthenticationProperties properties)
   at Microsoft.AspNetCore.Authorization.Policy.AuthorizationMiddlewareResultHandler.<>c__DisplayClass0_0.<<HandleAsync>g__Handle|0>d.MoveNext()
--- End of stack trace from previous location ---
   at Microsoft.AspNetCore.Authorization.AuthorizationMiddleware.Invoke(HttpContext context)
   at Microsoft.AspNetCore.Authentication.AuthenticationMiddleware.Invoke(HttpContext context)
   at Swashbuckle.AspNetCore.SwaggerUI.SwaggerUIMiddleware.Invoke(HttpContext httpContext)
   at Swashbuckle.AspNetCore.Swagger.SwaggerMiddleware.Invoke(HttpContext httpContext, ISwaggerProvider swaggerProvider)
   at Microsoft.AspNetCore.Diagnostics.ExceptionHandlerMiddlewareImpl.<Invoke>g__Awaited|10_0(ExceptionHandlerMiddlewareImpl middleware, HttpContext context, Task task)
2026-05-11 16:29:21.718 +05:30 [ERR] Exception occurred: No authenticationScheme was specified, and there was no DefaultChallengeScheme found. The default schemes can be set using either AddAuthentication(string defaultScheme) or AddAuthentication(Action<AuthenticationOptions> configureOptions).
System.InvalidOperationException: No authenticationScheme was specified, and there was no DefaultChallengeScheme found. The default schemes can be set using either AddAuthentication(string defaultScheme) or AddAuthentication(Action<AuthenticationOptions> configureOptions).
   at Microsoft.AspNetCore.Authentication.AuthenticationService.ChallengeAsync(HttpContext context, String scheme, AuthenticationProperties properties)
   at Microsoft.AspNetCore.Authorization.Policy.AuthorizationMiddlewareResultHandler.<>c__DisplayClass0_0.<<HandleAsync>g__Handle|0>d.MoveNext()
--- End of stack trace from previous location ---
   at Microsoft.AspNetCore.Authorization.AuthorizationMiddleware.Invoke(HttpContext context)
   at Microsoft.AspNetCore.Authentication.AuthenticationMiddleware.Invoke(HttpContext context)
   at Swashbuckle.AspNetCore.SwaggerUI.SwaggerUIMiddleware.Invoke(HttpContext httpContext)
   at Swashbuckle.AspNetCore.Swagger.SwaggerMiddleware.Invoke(HttpContext httpContext, ISwaggerProvider swaggerProvider)
   at Microsoft.AspNetCore.Diagnostics.ExceptionHandlerMiddlewareImpl.<Invoke>g__Awaited|10_0(ExceptionHandlerMiddlewareImpl middleware, HttpContext context, Task task)
2026-05-11 16:29:21.719 +05:30 [INF] Request finished HTTP/2 GET https://localhost:7274/api/v1/Role - 400 null application/json; charset=utf-8 45.8566ms
2026-05-11 16:30:05.482 +05:30 [INF] Request starting HTTP/2 GET https://localhost:7274/swagger/index.html - null null
2026-05-11 16:30:05.535 +05:30 [INF] Request finished HTTP/2 GET https://localhost:7274/swagger/index.html - 200 null text/html;charset=utf-8 53.2223ms
2026-05-11 16:30:05.723 +05:30 [INF] Request starting HTTP/2 GET https://localhost:7274/_vs/browserLink - null null
2026-05-11 16:30:05.723 +05:30 [INF] Request starting HTTP/2 GET https://localhost:7274/_framework/aspnetcore-browser-refresh.js - null null
2026-05-11 16:30:05.732 +05:30 [INF] Request finished HTTP/2 GET https://localhost:7274/_framework/aspnetcore-browser-refresh.js - 200 16511 application/javascript; charset=utf-8 9.5917ms
2026-05-11 16:30:05.764 +05:30 [INF] Request finished HTTP/2 GET https://localhost:7274/_vs/browserLink - 200 null text/javascript; charset=UTF-8 41.0729ms
2026-05-11 16:30:05.874 +05:30 [INF] Request starting HTTP/2 GET https://localhost:7274/swagger/v1/swagger.json - null null
2026-05-11 16:30:05.992 +05:30 [INF] Request finished HTTP/2 GET https://localhost:7274/swagger/v1/swagger.json - 200 null application/json;charset=utf-8 119.3127ms
2026-05-11 16:30:12.563 +05:30 [INF] Request starting HTTP/2 GET https://localhost:7274/api/v1/Role - null null
2026-05-11 16:30:12.575 +05:30 [INF] Executing endpoint 'eCommerce.Api.Controllers.v1.RoleController.GetAllRoles (eCommerce.Api)'
2026-05-11 16:30:12.599 +05:30 [INF] Route matched with {action = "GetAllRoles", controller = "Role"}. Executing controller action with signature System.Threading.Tasks.Task`1[Microsoft.AspNetCore.Mvc.ActionResult`1[System.Collections.Generic.IEnumerable`1[eCommerce.Application.DTOs.Role.RoleDto]]] GetAllRoles() on controller eCommerce.Api.Controllers.v1.RoleController (eCommerce.Api).
2026-05-11 16:30:12.824 +05:30 [INF] Executed DbCommand (149ms) [Parameters=[], CommandType='"Text"', CommandTimeout='30']
SELECT [r].[RoleId], [r].[Description], [r].[RoleName]
FROM [Roles] AS [r]
2026-05-11 16:30:12.863 +05:30 [INF] Executing OkObjectResult, writing value of type 'System.Collections.Generic.List`1[[eCommerce.Application.DTOs.Role.RoleDto, eCommerce.Application, Version=1.0.0.0, Culture=neutral, PublicKeyToken=null]]'.
2026-05-11 16:30:12.866 +05:30 [INF] Executed action eCommerce.Api.Controllers.v1.RoleController.GetAllRoles (eCommerce.Api) in 266.5532ms
2026-05-11 16:30:12.866 +05:30 [INF] Executed endpoint 'eCommerce.Api.Controllers.v1.RoleController.GetAllRoles (eCommerce.Api)'
2026-05-11 16:30:12.867 +05:30 [INF] Request finished HTTP/2 GET https://localhost:7274/api/v1/Role - 200 null application/json; charset=utf-8 304.2785ms
2026-05-11 16:30:20.028 +05:30 [INF] Request starting HTTP/2 GET https://localhost:7274/api/v1/CartItems - null null
2026-05-11 16:30:20.034 +05:30 [INF] Authorization failed. These requirements were not met:
RolesAuthorizationRequirement:User.IsInRole must be true for one of the following roles: (Admin|Customer)
2026-05-11 16:30:20.045 +05:30 [ERR] An unhandled exception has occurred while executing the request.
System.InvalidOperationException: No authenticationScheme was specified, and there was no DefaultChallengeScheme found. The default schemes can be set using either AddAuthentication(string defaultScheme) or AddAuthentication(Action<AuthenticationOptions> configureOptions).
   at Microsoft.AspNetCore.Authentication.AuthenticationService.ChallengeAsync(HttpContext context, String scheme, AuthenticationProperties properties)
   at Microsoft.AspNetCore.Authorization.Policy.AuthorizationMiddlewareResultHandler.<>c__DisplayClass0_0.<<HandleAsync>g__Handle|0>d.MoveNext()
--- End of stack trace from previous location ---
   at Microsoft.AspNetCore.Authorization.AuthorizationMiddleware.Invoke(HttpContext context)
   at Microsoft.AspNetCore.Authentication.AuthenticationMiddleware.Invoke(HttpContext context)
   at Swashbuckle.AspNetCore.SwaggerUI.SwaggerUIMiddleware.Invoke(HttpContext httpContext)
   at Swashbuckle.AspNetCore.Swagger.SwaggerMiddleware.Invoke(HttpContext httpContext, ISwaggerProvider swaggerProvider)
   at Microsoft.AspNetCore.Diagnostics.ExceptionHandlerMiddlewareImpl.<Invoke>g__Awaited|10_0(ExceptionHandlerMiddlewareImpl middleware, HttpContext context, Task task)
2026-05-11 16:30:20.049 +05:30 [ERR] Exception occurred: No authenticationScheme was specified, and there was no DefaultChallengeScheme found. The default schemes can be set using either AddAuthentication(string defaultScheme) or AddAuthentication(Action<AuthenticationOptions> configureOptions).
System.InvalidOperationException: No authenticationScheme was specified, and there was no DefaultChallengeScheme found. The default schemes can be set using either AddAuthentication(string defaultScheme) or AddAuthentication(Action<AuthenticationOptions> configureOptions).
   at Microsoft.AspNetCore.Authentication.AuthenticationService.ChallengeAsync(HttpContext context, String scheme, AuthenticationProperties properties)
   at Microsoft.AspNetCore.Authorization.Policy.AuthorizationMiddlewareResultHandler.<>c__DisplayClass0_0.<<HandleAsync>g__Handle|0>d.MoveNext()
--- End of stack trace from previous location ---
   at Microsoft.AspNetCore.Authorization.AuthorizationMiddleware.Invoke(HttpContext context)
   at Microsoft.AspNetCore.Authentication.AuthenticationMiddleware.Invoke(HttpContext context)
   at Swashbuckle.AspNetCore.SwaggerUI.SwaggerUIMiddleware.Invoke(HttpContext httpContext)
   at Swashbuckle.AspNetCore.Swagger.SwaggerMiddleware.Invoke(HttpContext httpContext, ISwaggerProvider swaggerProvider)
   at Microsoft.AspNetCore.Diagnostics.ExceptionHandlerMiddlewareImpl.<Invoke>g__Awaited|10_0(ExceptionHandlerMiddlewareImpl middleware, HttpContext context, Task task)
2026-05-11 16:30:20.054 +05:30 [INF] Request finished HTTP/2 GET https://localhost:7274/api/v1/CartItems - 400 null application/json; charset=utf-8 25.2282ms
2026-05-11 16:30:57.911 +05:30 [INF] Request starting HTTP/2 GET https://localhost:7274/api/v1/Carts - null null
2026-05-11 16:30:57.914 +05:30 [INF] Authorization failed. These requirements were not met:
RolesAuthorizationRequirement:User.IsInRole must be true for one of the following roles: (Customer)
2026-05-11 16:30:57.934 +05:30 [ERR] An unhandled exception has occurred while executing the request.
System.InvalidOperationException: No authenticationScheme was specified, and there was no DefaultChallengeScheme found. The default schemes can be set using either AddAuthentication(string defaultScheme) or AddAuthentication(Action<AuthenticationOptions> configureOptions).
   at Microsoft.AspNetCore.Authentication.AuthenticationService.ChallengeAsync(HttpContext context, String scheme, AuthenticationProperties properties)
   at Microsoft.AspNetCore.Authorization.Policy.AuthorizationMiddlewareResultHandler.<>c__DisplayClass0_0.<<HandleAsync>g__Handle|0>d.MoveNext()
--- End of stack trace from previous location ---
   at Microsoft.AspNetCore.Authorization.AuthorizationMiddleware.Invoke(HttpContext context)
   at Microsoft.AspNetCore.Authentication.AuthenticationMiddleware.Invoke(HttpContext context)
   at Swashbuckle.AspNetCore.SwaggerUI.SwaggerUIMiddleware.Invoke(HttpContext httpContext)
   at Swashbuckle.AspNetCore.Swagger.SwaggerMiddleware.Invoke(HttpContext httpContext, ISwaggerProvider swaggerProvider)
   at Microsoft.AspNetCore.Diagnostics.ExceptionHandlerMiddlewareImpl.<Invoke>g__Awaited|10_0(ExceptionHandlerMiddlewareImpl middleware, HttpContext context, Task task)
2026-05-11 16:30:57.935 +05:30 [ERR] Exception occurred: No authenticationScheme was specified, and there was no DefaultChallengeScheme found. The default schemes can be set using either AddAuthentication(string defaultScheme) or AddAuthentication(Action<AuthenticationOptions> configureOptions).
System.InvalidOperationException: No authenticationScheme was specified, and there was no DefaultChallengeScheme found. The default schemes can be set using either AddAuthentication(string defaultScheme) or AddAuthentication(Action<AuthenticationOptions> configureOptions).
   at Microsoft.AspNetCore.Authentication.AuthenticationService.ChallengeAsync(HttpContext context, String scheme, AuthenticationProperties properties)
   at Microsoft.AspNetCore.Authorization.Policy.AuthorizationMiddlewareResultHandler.<>c__DisplayClass0_0.<<HandleAsync>g__Handle|0>d.MoveNext()
--- End of stack trace from previous location ---
   at Microsoft.AspNetCore.Authorization.AuthorizationMiddleware.Invoke(HttpContext context)
   at Microsoft.AspNetCore.Authentication.AuthenticationMiddleware.Invoke(HttpContext context)
   at Swashbuckle.AspNetCore.SwaggerUI.SwaggerUIMiddleware.Invoke(HttpContext httpContext)
   at Swashbuckle.AspNetCore.Swagger.SwaggerMiddleware.Invoke(HttpContext httpContext, ISwaggerProvider swaggerProvider)
   at Microsoft.AspNetCore.Diagnostics.ExceptionHandlerMiddlewareImpl.<Invoke>g__Awaited|10_0(ExceptionHandlerMiddlewareImpl middleware, HttpContext context, Task task)
2026-05-11 16:30:57.937 +05:30 [INF] Request finished HTTP/2 GET https://localhost:7274/api/v1/Carts - 400 null application/json; charset=utf-8 30.5928ms
2026-05-11 16:31:29.576 +05:30 [INF] Request starting HTTP/2 GET https://localhost:7274/api/v1/Categories - null null
2026-05-11 16:31:29.578 +05:30 [INF] Executing endpoint 'eCommerce.Api.Controllers.v1.CategoriesController.GetAllAsync (eCommerce.Api)'
2026-05-11 16:31:29.585 +05:30 [INF] Route matched with {action = "GetAll", controller = "Categories"}. Executing controller action with signature System.Threading.Tasks.Task`1[Microsoft.AspNetCore.Mvc.ActionResult`1[System.Collections.Generic.IEnumerable`1[eCommerce.Application.DTOs.Category.CategoryDto]]] GetAllAsync() on controller eCommerce.Api.Controllers.v1.CategoriesController (eCommerce.Api).
2026-05-11 16:31:29.587 +05:30 [INF] Get all categories
2026-05-11 16:31:29.611 +05:30 [INF] Executed DbCommand (18ms) [Parameters=[], CommandType='"Text"', CommandTimeout='30']
SELECT [c].[CategoryId], [c].[CategoryName], [c].[Description]
FROM [Categories] AS [c]
2026-05-11 16:31:29.615 +05:30 [INF] Executing OkObjectResult, writing value of type 'System.Collections.Generic.List`1[[eCommerce.Application.DTOs.Category.CategoryDto, eCommerce.Application, Version=1.0.0.0, Culture=neutral, PublicKeyToken=null]]'.
2026-05-11 16:31:29.616 +05:30 [INF] Executed action eCommerce.Api.Controllers.v1.CategoriesController.GetAllAsync (eCommerce.Api) in 31.4066ms
2026-05-11 16:31:29.617 +05:30 [INF] Executed endpoint 'eCommerce.Api.Controllers.v1.CategoriesController.GetAllAsync (eCommerce.Api)'
2026-05-11 16:31:29.617 +05:30 [INF] Request finished HTTP/2 GET https://localhost:7274/api/v1/Categories - 200 null application/json; charset=utf-8 41.3122ms
2026-05-11 16:31:41.967 +05:30 [INF] Request starting HTTP/2 GET https://localhost:7274/api/v1/Customers - null null
2026-05-11 16:31:41.971 +05:30 [INF] Authorization failed. These requirements were not met:
RolesAuthorizationRequirement:User.IsInRole must be true for one of the following roles: (Admin)
2026-05-11 16:31:41.980 +05:30 [ERR] An unhandled exception has occurred while executing the request.
System.InvalidOperationException: No authenticationScheme was specified, and there was no DefaultChallengeScheme found. The default schemes can be set using either AddAuthentication(string defaultScheme) or AddAuthentication(Action<AuthenticationOptions> configureOptions).
   at Microsoft.AspNetCore.Authentication.AuthenticationService.ChallengeAsync(HttpContext context, String scheme, AuthenticationProperties properties)
   at Microsoft.AspNetCore.Authorization.Policy.AuthorizationMiddlewareResultHandler.<>c__DisplayClass0_0.<<HandleAsync>g__Handle|0>d.MoveNext()
--- End of stack trace from previous location ---
   at Microsoft.AspNetCore.Authorization.AuthorizationMiddleware.Invoke(HttpContext context)
   at Microsoft.AspNetCore.Authentication.AuthenticationMiddleware.Invoke(HttpContext context)
   at Swashbuckle.AspNetCore.SwaggerUI.SwaggerUIMiddleware.Invoke(HttpContext httpContext)
   at Swashbuckle.AspNetCore.Swagger.SwaggerMiddleware.Invoke(HttpContext httpContext, ISwaggerProvider swaggerProvider)
   at Microsoft.AspNetCore.Diagnostics.ExceptionHandlerMiddlewareImpl.<Invoke>g__Awaited|10_0(ExceptionHandlerMiddlewareImpl middleware, HttpContext context, Task task)
2026-05-11 16:31:41.983 +05:30 [ERR] Exception occurred: No authenticationScheme was specified, and there was no DefaultChallengeScheme found. The default schemes can be set using either AddAuthentication(string defaultScheme) or AddAuthentication(Action<AuthenticationOptions> configureOptions).
System.InvalidOperationException: No authenticationScheme was specified, and there was no DefaultChallengeScheme found. The default schemes can be set using either AddAuthentication(string defaultScheme) or AddAuthentication(Action<AuthenticationOptions> configureOptions).
   at Microsoft.AspNetCore.Authentication.AuthenticationService.ChallengeAsync(HttpContext context, String scheme, AuthenticationProperties properties)
   at Microsoft.AspNetCore.Authorization.Policy.AuthorizationMiddlewareResultHandler.<>c__DisplayClass0_0.<<HandleAsync>g__Handle|0>d.MoveNext()
--- End of stack trace from previous location ---
   at Microsoft.AspNetCore.Authorization.AuthorizationMiddleware.Invoke(HttpContext context)
   at Microsoft.AspNetCore.Authentication.AuthenticationMiddleware.Invoke(HttpContext context)
   at Swashbuckle.AspNetCore.SwaggerUI.SwaggerUIMiddleware.Invoke(HttpContext httpContext)
   at Swashbuckle.AspNetCore.Swagger.SwaggerMiddleware.Invoke(HttpContext httpContext, ISwaggerProvider swaggerProvider)
   at Microsoft.AspNetCore.Diagnostics.ExceptionHandlerMiddlewareImpl.<Invoke>g__Awaited|10_0(ExceptionHandlerMiddlewareImpl middleware, HttpContext context, Task task)
2026-05-11 16:31:41.985 +05:30 [INF] Request finished HTTP/2 GET https://localhost:7274/api/v1/Customers - 400 null application/json; charset=utf-8 20.2585ms
2026-05-11 16:32:18.229 +05:30 [INF] Request starting HTTP/2 GET https://localhost:7274/api/v1/Invoices - null null
2026-05-11 16:32:18.238 +05:30 [INF] Executing endpoint 'eCommerce.Api.Controllers.v1.InvoicesController.GetAllInvoices (eCommerce.Api)'
2026-05-11 16:32:18.275 +05:30 [INF] Route matched with {action = "GetAllInvoices", controller = "Invoices"}. Executing controller action with signature System.Threading.Tasks.Task`1[Microsoft.AspNetCore.Mvc.ActionResult`1[System.Collections.Generic.IEnumerable`1[eCommerce.Application.DTOs.Invoice.InvoiceDto]]] GetAllInvoices() on controller eCommerce.Api.Controllers.v1.InvoicesController (eCommerce.Api).
2026-05-11 16:32:18.467 +05:30 [INF] Executed DbCommand (46ms) [Parameters=[], CommandType='"Text"', CommandTimeout='30']
SELECT [i].[InvoiceId], [i].[CartId], [i].[InvoiceDate], [i].[OrderId], [i].[PaymentId]
FROM [Invoices] AS [i]
2026-05-11 16:32:18.471 +05:30 [INF] Executing StatusCodeResult, setting HTTP status code 204
2026-05-11 16:32:18.471 +05:30 [INF] Executed action eCommerce.Api.Controllers.v1.InvoicesController.GetAllInvoices (eCommerce.Api) in 195.8298ms
2026-05-11 16:32:18.471 +05:30 [INF] Executed endpoint 'eCommerce.Api.Controllers.v1.InvoicesController.GetAllInvoices (eCommerce.Api)'
2026-05-11 16:32:18.473 +05:30 [INF] Request finished HTTP/2 GET https://localhost:7274/api/v1/Invoices - 204 null null 244.6307ms
2026-05-11 16:32:32.447 +05:30 [INF] Request starting HTTP/2 GET https://localhost:7274/api/v1/Products - null null
2026-05-11 16:32:32.458 +05:30 [INF] Executing endpoint 'eCommerce.Api.Controllers.v1.ProductsController.GetAllProducts (eCommerce.Api)'
2026-05-11 16:32:32.473 +05:30 [INF] Route matched with {action = "GetAllProducts", controller = "Products"}. Executing controller action with signature System.Threading.Tasks.Task`1[Microsoft.AspNetCore.Mvc.ActionResult`1[System.Collections.Generic.IEnumerable`1[eCommerce.Application.DTOs.Product.ProductDto]]] GetAllProducts() on controller eCommerce.Api.Controllers.v1.ProductsController (eCommerce.Api).
2026-05-11 16:32:32.494 +05:30 [INF] Executed DbCommand (12ms) [Parameters=[], CommandType='"Text"', CommandTimeout='30']
SELECT [p].[ProductId], [p].[CategoryId], [p].[Description], [p].[Discount], [p].[Gender], [p].[MadeIn], [p].[ManufacturingDate], [p].[Picture], [p].[ProductName], [p].[Quantity], [p].[ReturnPolicy], [p].[ShoeType], [p].[UnitPrice], [p].[WarrantyPeriod]
FROM [Products] AS [p]
2026-05-11 16:32:32.494 +05:30 [INF] Executing StatusCodeResult, setting HTTP status code 204
2026-05-11 16:32:32.495 +05:30 [INF] Executed action eCommerce.Api.Controllers.v1.ProductsController.GetAllProducts (eCommerce.Api) in 21.7815ms
2026-05-11 16:32:32.495 +05:30 [INF] Executed endpoint 'eCommerce.Api.Controllers.v1.ProductsController.GetAllProducts (eCommerce.Api)'
2026-05-11 16:32:32.496 +05:30 [INF] Request finished HTTP/2 GET https://localhost:7274/api/v1/Products - 204 null null 49.2732ms
2026-05-11 16:32:59.468 +05:30 [INF] Request starting HTTP/2 GET https://localhost:7274/swagger/index.html - null null
2026-05-11 16:32:59.615 +05:30 [INF] Request finished HTTP/2 GET https://localhost:7274/swagger/index.html - 200 null text/html;charset=utf-8 147.7132ms
2026-05-11 16:32:59.919 +05:30 [INF] Request starting HTTP/2 GET https://localhost:7274/_vs/browserLink - null null
2026-05-11 16:32:59.922 +05:30 [INF] Request starting HTTP/2 GET https://localhost:7274/_framework/aspnetcore-browser-refresh.js - null null
2026-05-11 16:32:59.931 +05:30 [INF] Request finished HTTP/2 GET https://localhost:7274/_framework/aspnetcore-browser-refresh.js - 200 16511 application/javascript; charset=utf-8 8.7688ms
2026-05-11 16:32:59.975 +05:30 [INF] Request finished HTTP/2 GET https://localhost:7274/_vs/browserLink - 200 null text/javascript; charset=UTF-8 57.42ms
2026-05-11 16:33:00.267 +05:30 [INF] Request starting HTTP/2 GET https://localhost:7274/swagger/v1/swagger.json - null null
2026-05-11 16:33:00.372 +05:30 [ERR] An unhandled exception has occurred while executing the request.
Swashbuckle.AspNetCore.SwaggerGen.SwaggerGeneratorException: Ambiguous HTTP method for action - eCommerce.Api.Controllers.v1.CartItemsController.DeleteCartItem (eCommerce.Api). Actions require an explicit HttpMethod binding for Swagger/OpenAPI 3.0
   at Swashbuckle.AspNetCore.SwaggerGen.SwaggerGenerator.GenerateOperations(IEnumerable`1 apiDescriptions, SchemaRepository schemaRepository)
   at Swashbuckle.AspNetCore.SwaggerGen.SwaggerGenerator.GeneratePaths(IEnumerable`1 apiDescriptions, SchemaRepository schemaRepository)
   at Swashbuckle.AspNetCore.SwaggerGen.SwaggerGenerator.GetSwaggerDocumentWithoutFilters(String documentName, String host, String basePath)
   at Swashbuckle.AspNetCore.SwaggerGen.SwaggerGenerator.GetSwaggerAsync(String documentName, String host, String basePath)
   at Swashbuckle.AspNetCore.Swagger.SwaggerMiddleware.Invoke(HttpContext httpContext, ISwaggerProvider swaggerProvider)
   at Microsoft.AspNetCore.Diagnostics.ExceptionHandlerMiddlewareImpl.<Invoke>g__Awaited|10_0(ExceptionHandlerMiddlewareImpl middleware, HttpContext context, Task task)
2026-05-11 16:33:00.392 +05:30 [ERR] Exception occurred: Ambiguous HTTP method for action - eCommerce.Api.Controllers.v1.CartItemsController.DeleteCartItem (eCommerce.Api). Actions require an explicit HttpMethod binding for Swagger/OpenAPI 3.0
Swashbuckle.AspNetCore.SwaggerGen.SwaggerGeneratorException: Ambiguous HTTP method for action - eCommerce.Api.Controllers.v1.CartItemsController.DeleteCartItem (eCommerce.Api). Actions require an explicit HttpMethod binding for Swagger/OpenAPI 3.0
   at Swashbuckle.AspNetCore.SwaggerGen.SwaggerGenerator.GenerateOperations(IEnumerable`1 apiDescriptions, SchemaRepository schemaRepository)
   at Swashbuckle.AspNetCore.SwaggerGen.SwaggerGenerator.GeneratePaths(IEnumerable`1 apiDescriptions, SchemaRepository schemaRepository)
   at Swashbuckle.AspNetCore.SwaggerGen.SwaggerGenerator.GetSwaggerDocumentWithoutFilters(String documentName, String host, String basePath)
   at Swashbuckle.AspNetCore.SwaggerGen.SwaggerGenerator.GetSwaggerAsync(String documentName, String host, String basePath)
   at Swashbuckle.AspNetCore.Swagger.SwaggerMiddleware.Invoke(HttpContext httpContext, ISwaggerProvider swaggerProvider)
   at Microsoft.AspNetCore.Diagnostics.ExceptionHandlerMiddlewareImpl.<Invoke>g__Awaited|10_0(ExceptionHandlerMiddlewareImpl middleware, HttpContext context, Task task)
2026-05-11 16:33:00.402 +05:30 [INF] Request finished HTTP/2 GET https://localhost:7274/swagger/v1/swagger.json - 500 null application/json; charset=utf-8 134.7059ms
2026-05-11 16:33:25.117 +05:30 [INF] Request starting HTTP/2 GET https://localhost:7274/swagger/index.html - null null
2026-05-11 16:33:25.136 +05:30 [INF] Request finished HTTP/2 GET https://localhost:7274/swagger/index.html - 200 null text/html;charset=utf-8 19.6807ms
2026-05-11 16:33:25.170 +05:30 [INF] Request starting HTTP/2 GET https://localhost:7274/_vs/browserLink - null null
2026-05-11 16:33:25.175 +05:30 [INF] Request starting HTTP/2 GET https://localhost:7274/_framework/aspnetcore-browser-refresh.js - null null
2026-05-11 16:33:25.177 +05:30 [INF] Request finished HTTP/2 GET https://localhost:7274/_framework/aspnetcore-browser-refresh.js - 200 16511 application/javascript; charset=utf-8 1.7038ms
2026-05-11 16:33:25.205 +05:30 [INF] Request finished HTTP/2 GET https://localhost:7274/_vs/browserLink - 200 null text/javascript; charset=UTF-8 35.1084ms
2026-05-11 16:33:25.274 +05:30 [INF] Request starting HTTP/2 GET https://localhost:7274/swagger/v1/swagger.json - null null
2026-05-11 16:33:25.354 +05:30 [INF] Request finished HTTP/2 GET https://localhost:7274/swagger/v1/swagger.json - 200 null application/json;charset=utf-8 80.5825ms
2026-05-11 16:33:37.013 +05:30 [INF] Request starting HTTP/2 GET https://localhost:7274/api/v1/CartItems - null null
2026-05-11 16:33:37.024 +05:30 [INF] Executing endpoint 'eCommerce.Api.Controllers.v1.CartItemsController.GetAllcartItems (eCommerce.Api)'
2026-05-11 16:33:37.043 +05:30 [INF] Route matched with {action = "GetAllcartItems", controller = "CartItems"}. Executing controller action with signature System.Threading.Tasks.Task`1[Microsoft.AspNetCore.Mvc.ActionResult`1[System.Collections.Generic.IEnumerable`1[eCommerce.Application.DTOs.CartItem.CartItemDto]]] GetAllcartItems() on controller eCommerce.Api.Controllers.v1.CartItemsController (eCommerce.Api).
2026-05-11 16:33:37.234 +05:30 [INF] Executed DbCommand (98ms) [Parameters=[], CommandType='"Text"', CommandTimeout='30']
SELECT [c].[CartItemId], [c].[CartId], [c].[ProductId], [c].[Quantity], [c].[Size]
FROM [CartItems] AS [c]
2026-05-11 16:33:37.240 +05:30 [INF] Executing StatusCodeResult, setting HTTP status code 204
2026-05-11 16:33:37.240 +05:30 [INF] Executed action eCommerce.Api.Controllers.v1.CartItemsController.GetAllcartItems (eCommerce.Api) in 196.74ms
2026-05-11 16:33:37.240 +05:30 [INF] Executed endpoint 'eCommerce.Api.Controllers.v1.CartItemsController.GetAllcartItems (eCommerce.Api)'
2026-05-11 16:33:37.241 +05:30 [INF] Request finished HTTP/2 GET https://localhost:7274/api/v1/CartItems - 204 null null 228.6312ms
2026-05-11 16:33:43.753 +05:30 [INF] Request starting HTTP/2 GET https://localhost:7274/api/v1/Carts - null null
2026-05-11 16:33:43.759 +05:30 [INF] Executing endpoint 'eCommerce.Api.Controllers.v1.CartsController.GetAllCarts (eCommerce.Api)'
2026-05-11 16:33:43.771 +05:30 [INF] Route matched with {action = "GetAllCarts", controller = "Carts"}. Executing controller action with signature System.Threading.Tasks.Task`1[Microsoft.AspNetCore.Mvc.ActionResult`1[System.Collections.Generic.IEnumerable`1[eCommerce.Application.DTOs.Cart.CartDto]]] GetAllCarts() on controller eCommerce.Api.Controllers.v1.CartsController (eCommerce.Api).
2026-05-11 16:33:43.800 +05:30 [INF] Executed DbCommand (11ms) [Parameters=[], CommandType='"Text"', CommandTimeout='30']
SELECT [c].[CartId], [c].[CartDate], [c].[CustomerId]
FROM [Carts] AS [c]
2026-05-11 16:33:43.801 +05:30 [INF] Executing StatusCodeResult, setting HTTP status code 204
2026-05-11 16:33:43.801 +05:30 [INF] Executed action eCommerce.Api.Controllers.v1.CartsController.GetAllCarts (eCommerce.Api) in 29.3801ms
2026-05-11 16:33:43.801 +05:30 [INF] Executed endpoint 'eCommerce.Api.Controllers.v1.CartsController.GetAllCarts (eCommerce.Api)'
2026-05-11 16:33:43.801 +05:30 [INF] Request finished HTTP/2 GET https://localhost:7274/api/v1/Carts - 204 null null 49.4713ms
2026-05-11 16:33:54.143 +05:30 [INF] Request starting HTTP/2 GET https://localhost:7274/api/v1/Customers - null null
2026-05-11 16:33:54.144 +05:30 [INF] Executing endpoint 'eCommerce.Api.Controllers.v1.CustomersController.GetallAsync (eCommerce.Api)'
2026-05-11 16:33:54.151 +05:30 [INF] Route matched with {action = "Getall", controller = "Customers"}. Executing controller action with signature System.Threading.Tasks.Task`1[Microsoft.AspNetCore.Mvc.ActionResult`1[System.Collections.Generic.IEnumerable`1[eCommerce.Application.DTOs.Customer.CustomerDto]]] GetallAsync() on controller eCommerce.Api.Controllers.v1.CustomersController (eCommerce.Api).
2026-05-11 16:33:54.186 +05:30 [INF] Executed DbCommand (13ms) [Parameters=[], CommandType='"Text"', CommandTimeout='30']
SELECT [c].[CustomerId], [c].[Address], [c].[City], [c].[ContactName], [c].[Email], [c].[Phone], [c].[Zipcode]
FROM [Customers] AS [c]
2026-05-11 16:33:54.186 +05:30 [INF] Executing StatusCodeResult, setting HTTP status code 204
2026-05-11 16:33:54.187 +05:30 [INF] Executed action eCommerce.Api.Controllers.v1.CustomersController.GetallAsync (eCommerce.Api) in 35.8077ms
2026-05-11 16:33:54.187 +05:30 [INF] Executed endpoint 'eCommerce.Api.Controllers.v1.CustomersController.GetallAsync (eCommerce.Api)'
2026-05-11 16:33:54.187 +05:30 [INF] Request finished HTTP/2 GET https://localhost:7274/api/v1/Customers - 204 null null 44.2283ms
2026-05-11 16:34:02.171 +05:30 [INF] Request starting HTTP/2 GET https://localhost:7274/api/v1/Invoices - null null
2026-05-11 16:34:02.172 +05:30 [INF] Executing endpoint 'eCommerce.Api.Controllers.v1.InvoicesController.GetAllInvoices (eCommerce.Api)'
2026-05-11 16:34:02.186 +05:30 [INF] Route matched with {action = "GetAllInvoices", controller = "Invoices"}. Executing controller action with signature System.Threading.Tasks.Task`1[Microsoft.AspNetCore.Mvc.ActionResult`1[System.Collections.Generic.IEnumerable`1[eCommerce.Application.DTOs.Invoice.InvoiceDto]]] GetAllInvoices() on controller eCommerce.Api.Controllers.v1.InvoicesController (eCommerce.Api).
2026-05-11 16:34:02.206 +05:30 [INF] Executed DbCommand (14ms) [Parameters=[], CommandType='"Text"', CommandTimeout='30']
SELECT [i].[InvoiceId], [i].[CartId], [i].[InvoiceDate], [i].[OrderId], [i].[PaymentId]
FROM [Invoices] AS [i]
2026-05-11 16:34:02.207 +05:30 [INF] Executing StatusCodeResult, setting HTTP status code 204
2026-05-11 16:34:02.207 +05:30 [INF] Executed action eCommerce.Api.Controllers.v1.InvoicesController.GetAllInvoices (eCommerce.Api) in 21.0132ms
2026-05-11 16:34:02.207 +05:30 [INF] Executed endpoint 'eCommerce.Api.Controllers.v1.InvoicesController.GetAllInvoices (eCommerce.Api)'
2026-05-11 16:34:02.207 +05:30 [INF] Request finished HTTP/2 GET https://localhost:7274/api/v1/Invoices - 204 null null 37.3094ms
2026-05-11 16:47:00.416 +05:30 [INF] Now listening on: https://localhost:7274
2026-05-11 16:47:00.613 +05:30 [INF] Now listening on: http://localhost:5169
2026-05-11 16:47:00.903 +05:30 [INF] Application started. Press Ctrl+C to shut down.
2026-05-11 16:47:00.904 +05:30 [INF] Hosting environment: Development
2026-05-11 16:47:00.904 +05:30 [INF] Content root path: C:\Users\pilli\OneDrive\Desktop\.net&angular training\ASP.NETCoreWebAPI\CleanArchitecture\eCommerce.Api
2026-05-11 16:47:03.276 +05:30 [INF] Request starting HTTP/2 GET https://localhost:7274/swagger/index.html - null null
2026-05-11 16:47:04.286 +05:30 [INF] Request finished HTTP/2 GET https://localhost:7274/swagger/index.html - 200 null text/html;charset=utf-8 1070.8455ms
2026-05-11 16:47:04.452 +05:30 [INF] Request starting HTTP/2 GET https://localhost:7274/_framework/aspnetcore-browser-refresh.js - null null
2026-05-11 16:47:04.477 +05:30 [INF] Request finished HTTP/2 GET https://localhost:7274/_framework/aspnetcore-browser-refresh.js - 200 16511 application/javascript; charset=utf-8 27.2896ms
2026-05-11 16:47:04.521 +05:30 [INF] Request starting HTTP/2 GET https://localhost:7274/_vs/browserLink - null null
2026-05-11 16:47:04.690 +05:30 [INF] Request finished HTTP/2 GET https://localhost:7274/_vs/browserLink - 200 null text/javascript; charset=UTF-8 170.9477ms
2026-05-11 16:47:05.071 +05:30 [INF] Request starting HTTP/2 GET https://localhost:7274/swagger/v1/swagger.json - null null
2026-05-11 16:47:05.252 +05:30 [INF] Request finished HTTP/2 GET https://localhost:7274/swagger/v1/swagger.json - 200 null application/json;charset=utf-8 181.9504ms
2026-05-11 16:47:15.334 +05:30 [INF] Request starting HTTP/2 GET https://localhost:7274/api/v1/Products - null null
2026-05-11 16:47:15.399 +05:30 [INF] Executing endpoint 'eCommerce.Api.Controllers.v1.ProductsController.GetAllProducts (eCommerce.Api)'
2026-05-11 16:47:15.444 +05:30 [INF] Route matched with {action = "GetAllProducts", controller = "Products"}. Executing controller action with signature System.Threading.Tasks.Task`1[Microsoft.AspNetCore.Mvc.ActionResult`1[System.Collections.Generic.IEnumerable`1[eCommerce.Application.DTOs.Product.ProductDto]]] GetAllProducts() on controller eCommerce.Api.Controllers.v1.ProductsController (eCommerce.Api).
2026-05-11 16:47:15.879 +05:30 [WRN] You do not have a valid license key for the Lucky Penny software AutoMapper. This is allowed for development and testing scenarios. If you are running in production you are required to have a licensed version. Please visit https://luckypennysoftware.com to obtain a valid license.
2026-05-11 16:47:18.998 +05:30 [INF] Executed DbCommand (96ms) [Parameters=[], CommandType='"Text"', CommandTimeout='30']
SELECT [p].[ProductId], [p].[CategoryId], [p].[Description], [p].[Discount], [p].[Gender], [p].[MadeIn], [p].[ManufacturingDate], [p].[Picture], [p].[ProductName], [p].[Quantity], [p].[ReturnPolicy], [p].[ShoeType], [p].[UnitPrice], [p].[WarrantyPeriod]
FROM [Products] AS [p]
2026-05-11 16:47:19.065 +05:30 [INF] Executing StatusCodeResult, setting HTTP status code 204
2026-05-11 16:47:19.073 +05:30 [INF] Executed action eCommerce.Api.Controllers.v1.ProductsController.GetAllProducts (eCommerce.Api) in 3621.5794ms
2026-05-11 16:47:19.074 +05:30 [INF] Executed endpoint 'eCommerce.Api.Controllers.v1.ProductsController.GetAllProducts (eCommerce.Api)'
2026-05-11 16:47:19.092 +05:30 [INF] Request finished HTTP/2 GET https://localhost:7274/api/v1/Products - 204 null null 3759.5329ms
2026-05-11 16:49:59.438 +05:30 [INF] Now listening on: https://localhost:7274
2026-05-11 16:49:59.514 +05:30 [INF] Now listening on: http://localhost:5169
2026-05-11 16:49:59.728 +05:30 [INF] Application started. Press Ctrl+C to shut down.
2026-05-11 16:49:59.728 +05:30 [INF] Hosting environment: Development
2026-05-11 16:49:59.729 +05:30 [INF] Content root path: C:\Users\pilli\OneDrive\Desktop\.net&angular training\ASP.NETCoreWebAPI\CleanArchitecture\eCommerce.Api
2026-05-11 16:50:01.915 +05:30 [INF] Request starting HTTP/2 GET https://localhost:7274/swagger/index.html - null null
2026-05-11 16:50:02.492 +05:30 [INF] Request finished HTTP/2 GET https://localhost:7274/swagger/index.html - 200 null text/html;charset=utf-8 604.1352ms
2026-05-11 16:50:02.655 +05:30 [INF] Request starting HTTP/2 GET https://localhost:7274/_framework/aspnetcore-browser-refresh.js - null null
2026-05-11 16:50:02.655 +05:30 [INF] Request starting HTTP/2 GET https://localhost:7274/_vs/browserLink - null null
2026-05-11 16:50:02.670 +05:30 [INF] Request finished HTTP/2 GET https://localhost:7274/_framework/aspnetcore-browser-refresh.js - 200 16511 application/javascript; charset=utf-8 15.0794ms
2026-05-11 16:50:02.753 +05:30 [INF] Request finished HTTP/2 GET https://localhost:7274/_vs/browserLink - 200 null text/javascript; charset=UTF-8 97.604ms
2026-05-11 16:50:02.944 +05:30 [INF] Request starting HTTP/2 GET https://localhost:7274/swagger/v1/swagger.json - null null
2026-05-11 16:50:03.128 +05:30 [INF] Request finished HTTP/2 GET https://localhost:7274/swagger/v1/swagger.json - 200 null application/json;charset=utf-8 185.6574ms
2026-05-11 16:50:10.213 +05:30 [INF] Request starting HTTP/2 GET https://localhost:7274/api/v1/Categories - null null
2026-05-11 16:50:10.268 +05:30 [INF] Executing endpoint 'eCommerce.Api.Controllers.v1.CategoriesController.GetAllAsync (eCommerce.Api)'
2026-05-11 16:50:10.317 +05:30 [INF] Route matched with {action = "GetAll", controller = "Categories"}. Executing controller action with signature System.Threading.Tasks.Task`1[Microsoft.AspNetCore.Mvc.ActionResult`1[System.Collections.Generic.IEnumerable`1[eCommerce.Application.DTOs.Category.CategoryDto]]] GetAllAsync() on controller eCommerce.Api.Controllers.v1.CategoriesController (eCommerce.Api).
2026-05-11 16:50:10.901 +05:30 [WRN] You do not have a valid license key for the Lucky Penny software AutoMapper. This is allowed for development and testing scenarios. If you are running in production you are required to have a licensed version. Please visit https://luckypennysoftware.com to obtain a valid license.
2026-05-11 16:50:10.914 +05:30 [INF] Get all categories
2026-05-11 16:50:14.586 +05:30 [INF] Executed DbCommand (178ms) [Parameters=[], CommandType='"Text"', CommandTimeout='30']
SELECT [c].[CategoryId], [c].[CategoryName], [c].[Description]
FROM [Categories] AS [c]
2026-05-11 16:50:14.801 +05:30 [INF] Executing OkObjectResult, writing value of type 'System.Collections.Generic.List`1[[eCommerce.Application.DTOs.Category.CategoryDto, eCommerce.Application, Version=1.0.0.0, Culture=neutral, PublicKeyToken=null]]'.
2026-05-11 16:50:14.822 +05:30 [INF] Executed action eCommerce.Api.Controllers.v1.CategoriesController.GetAllAsync (eCommerce.Api) in 4497.492ms
2026-05-11 16:50:14.823 +05:30 [INF] Executed endpoint 'eCommerce.Api.Controllers.v1.CategoriesController.GetAllAsync (eCommerce.Api)'
2026-05-11 16:50:14.840 +05:30 [INF] Request finished HTTP/2 GET https://localhost:7274/api/v1/Categories - 200 null application/json; charset=utf-8 4627.0296ms
2026-05-11 16:50:47.969 +05:30 [INF] Request starting HTTP/2 GET https://localhost:7274/api/v1/Products - null null
2026-05-11 16:50:47.988 +05:30 [INF] Executing endpoint 'eCommerce.Api.Controllers.v1.ProductsController.GetAllProducts (eCommerce.Api)'
2026-05-11 16:50:48.014 +05:30 [INF] Route matched with {action = "GetAllProducts", controller = "Products"}. Executing controller action with signature System.Threading.Tasks.Task`1[Microsoft.AspNetCore.Mvc.ActionResult`1[System.Collections.Generic.IEnumerable`1[eCommerce.Application.DTOs.Product.ProductDto]]] GetAllProducts() on controller eCommerce.Api.Controllers.v1.ProductsController (eCommerce.Api).
2026-05-11 16:50:48.124 +05:30 [INF] Executed DbCommand (30ms) [Parameters=[], CommandType='"Text"', CommandTimeout='30']
SELECT [p].[ProductId], [p].[CategoryId], [p].[Description], [p].[Discount], [p].[Gender], [p].[MadeIn], [p].[ManufacturingDate], [p].[Picture], [p].[ProductName], [p].[Quantity], [p].[ReturnPolicy], [p].[ShoeType], [p].[UnitPrice], [p].[WarrantyPeriod]
FROM [Products] AS [p]
2026-05-11 16:50:48.189 +05:30 [INF] Executing OkObjectResult, writing value of type 'System.Collections.Generic.List`1[[eCommerce.Application.DTOs.Product.ProductDto, eCommerce.Application, Version=1.0.0.0, Culture=neutral, PublicKeyToken=null]]'.
2026-05-11 16:50:48.226 +05:30 [INF] Executed action eCommerce.Api.Controllers.v1.ProductsController.GetAllProducts (eCommerce.Api) in 210.4833ms
2026-05-11 16:50:48.226 +05:30 [INF] Executed endpoint 'eCommerce.Api.Controllers.v1.ProductsController.GetAllProducts (eCommerce.Api)'
2026-05-11 16:50:48.226 +05:30 [INF] Request finished HTTP/2 GET https://localhost:7274/api/v1/Products - 200 null application/json; charset=utf-8 257.138ms
2026-05-11 16:51:09.382 +05:30 [INF] Request starting HTTP/2 GET https://localhost:7274/api/v1/products - null null
2026-05-11 16:51:09.415 +05:30 [INF] CORS policy execution successful.
2026-05-11 16:51:09.421 +05:30 [INF] Executing endpoint 'eCommerce.Api.Controllers.v1.ProductsController.GetAllProducts (eCommerce.Api)'
2026-05-11 16:51:09.422 +05:30 [INF] Route matched with {action = "GetAllProducts", controller = "Products"}. Executing controller action with signature System.Threading.Tasks.Task`1[Microsoft.AspNetCore.Mvc.ActionResult`1[System.Collections.Generic.IEnumerable`1[eCommerce.Application.DTOs.Product.ProductDto]]] GetAllProducts() on controller eCommerce.Api.Controllers.v1.ProductsController (eCommerce.Api).
2026-05-11 16:51:09.458 +05:30 [INF] Executed DbCommand (14ms) [Parameters=[], CommandType='"Text"', CommandTimeout='30']
SELECT [p].[ProductId], [p].[CategoryId], [p].[Description], [p].[Discount], [p].[Gender], [p].[MadeIn], [p].[ManufacturingDate], [p].[Picture], [p].[ProductName], [p].[Quantity], [p].[ReturnPolicy], [p].[ShoeType], [p].[UnitPrice], [p].[WarrantyPeriod]
FROM [Products] AS [p]
2026-05-11 16:51:09.462 +05:30 [INF] Executing OkObjectResult, writing value of type 'System.Collections.Generic.List`1[[eCommerce.Application.DTOs.Product.ProductDto, eCommerce.Application, Version=1.0.0.0, Culture=neutral, PublicKeyToken=null]]'.
2026-05-11 16:51:09.475 +05:30 [INF] Executed action eCommerce.Api.Controllers.v1.ProductsController.GetAllProducts (eCommerce.Api) in 52.4643ms
2026-05-11 16:51:09.475 +05:30 [INF] Executed endpoint 'eCommerce.Api.Controllers.v1.ProductsController.GetAllProducts (eCommerce.Api)'
2026-05-11 16:51:09.476 +05:30 [INF] Request finished HTTP/2 GET https://localhost:7274/api/v1/products - 200 null application/json; charset=utf-8 94.0944ms
2026-05-11 16:56:15.767 +05:30 [INF] Request starting HTTP/2 GET https://localhost:7274/api/v1/products - null null
2026-05-11 16:56:15.894 +05:30 [INF] CORS policy execution successful.
2026-05-11 16:56:15.907 +05:30 [INF] Executing endpoint 'eCommerce.Api.Controllers.v1.ProductsController.GetAllProducts (eCommerce.Api)'
2026-05-11 16:56:15.929 +05:30 [INF] Route matched with {action = "GetAllProducts", controller = "Products"}. Executing controller action with signature System.Threading.Tasks.Task`1[Microsoft.AspNetCore.Mvc.ActionResult`1[System.Collections.Generic.IEnumerable`1[eCommerce.Application.DTOs.Product.ProductDto]]] GetAllProducts() on controller eCommerce.Api.Controllers.v1.ProductsController (eCommerce.Api).
2026-05-11 16:56:16.153 +05:30 [INF] Executed DbCommand (92ms) [Parameters=[], CommandType='"Text"', CommandTimeout='30']
SELECT [p].[ProductId], [p].[CategoryId], [p].[Description], [p].[Discount], [p].[Gender], [p].[MadeIn], [p].[ManufacturingDate], [p].[Picture], [p].[ProductName], [p].[Quantity], [p].[ReturnPolicy], [p].[ShoeType], [p].[UnitPrice], [p].[WarrantyPeriod]
FROM [Products] AS [p]
2026-05-11 16:56:16.168 +05:30 [INF] Executing OkObjectResult, writing value of type 'System.Collections.Generic.List`1[[eCommerce.Application.DTOs.Product.ProductDto, eCommerce.Application, Version=1.0.0.0, Culture=neutral, PublicKeyToken=null]]'.
2026-05-11 16:56:16.201 +05:30 [INF] Executed action eCommerce.Api.Controllers.v1.ProductsController.GetAllProducts (eCommerce.Api) in 270.7572ms
2026-05-11 16:56:16.201 +05:30 [INF] Executed endpoint 'eCommerce.Api.Controllers.v1.ProductsController.GetAllProducts (eCommerce.Api)'
2026-05-11 16:56:16.204 +05:30 [INF] Request finished HTTP/2 GET https://localhost:7274/api/v1/products - 200 null application/json; charset=utf-8 589.4095ms
2026-05-11 16:57:40.206 +05:30 [INF] Request starting HTTP/2 GET https://localhost:7274/api/v1/products - null null
2026-05-11 16:57:40.303 +05:30 [INF] CORS policy execution successful.
2026-05-11 16:57:40.305 +05:30 [INF] Executing endpoint 'eCommerce.Api.Controllers.v1.ProductsController.GetAllProducts (eCommerce.Api)'
2026-05-11 16:57:40.310 +05:30 [INF] Route matched with {action = "GetAllProducts", controller = "Products"}. Executing controller action with signature System.Threading.Tasks.Task`1[Microsoft.AspNetCore.Mvc.ActionResult`1[System.Collections.Generic.IEnumerable`1[eCommerce.Application.DTOs.Product.ProductDto]]] GetAllProducts() on controller eCommerce.Api.Controllers.v1.ProductsController (eCommerce.Api).
2026-05-11 16:57:40.477 +05:30 [INF] Executed DbCommand (136ms) [Parameters=[], CommandType='"Text"', CommandTimeout='30']
SELECT [p].[ProductId], [p].[CategoryId], [p].[Description], [p].[Discount], [p].[Gender], [p].[MadeIn], [p].[ManufacturingDate], [p].[Picture], [p].[ProductName], [p].[Quantity], [p].[ReturnPolicy], [p].[ShoeType], [p].[UnitPrice], [p].[WarrantyPeriod]
FROM [Products] AS [p]
2026-05-11 16:57:40.481 +05:30 [INF] Executing OkObjectResult, writing value of type 'System.Collections.Generic.List`1[[eCommerce.Application.DTOs.Product.ProductDto, eCommerce.Application, Version=1.0.0.0, Culture=neutral, PublicKeyToken=null]]'.
2026-05-11 16:57:40.490 +05:30 [INF] Executed action eCommerce.Api.Controllers.v1.ProductsController.GetAllProducts (eCommerce.Api) in 179.8018ms
2026-05-11 16:57:40.494 +05:30 [INF] Executed endpoint 'eCommerce.Api.Controllers.v1.ProductsController.GetAllProducts (eCommerce.Api)'
2026-05-11 16:57:40.496 +05:30 [INF] Request finished HTTP/2 GET https://localhost:7274/api/v1/products - 200 null application/json; charset=utf-8 296.8074ms
2026-05-11 16:57:44.697 +05:30 [INF] Request starting HTTP/2 GET https://localhost:7274/api/v1/products - null null
2026-05-11 16:57:44.697 +05:30 [INF] CORS policy execution successful.
2026-05-11 16:57:44.698 +05:30 [INF] Executing endpoint 'eCommerce.Api.Controllers.v1.ProductsController.GetAllProducts (eCommerce.Api)'
2026-05-11 16:57:44.699 +05:30 [INF] Route matched with {action = "GetAllProducts", controller = "Products"}. Executing controller action with signature System.Threading.Tasks.Task`1[Microsoft.AspNetCore.Mvc.ActionResult`1[System.Collections.Generic.IEnumerable`1[eCommerce.Application.DTOs.Product.ProductDto]]] GetAllProducts() on controller eCommerce.Api.Controllers.v1.ProductsController (eCommerce.Api).
2026-05-11 16:57:44.715 +05:30 [INF] Executed DbCommand (6ms) [Parameters=[], CommandType='"Text"', CommandTimeout='30']
SELECT [p].[ProductId], [p].[CategoryId], [p].[Description], [p].[Discount], [p].[Gender], [p].[MadeIn], [p].[ManufacturingDate], [p].[Picture], [p].[ProductName], [p].[Quantity], [p].[ReturnPolicy], [p].[ShoeType], [p].[UnitPrice], [p].[WarrantyPeriod]
FROM [Products] AS [p]
2026-05-11 16:57:44.716 +05:30 [INF] Executing OkObjectResult, writing value of type 'System.Collections.Generic.List`1[[eCommerce.Application.DTOs.Product.ProductDto, eCommerce.Application, Version=1.0.0.0, Culture=neutral, PublicKeyToken=null]]'.
2026-05-11 16:57:44.719 +05:30 [INF] Executed action eCommerce.Api.Controllers.v1.ProductsController.GetAllProducts (eCommerce.Api) in 20.1326ms
2026-05-11 16:57:44.719 +05:30 [INF] Executed endpoint 'eCommerce.Api.Controllers.v1.ProductsController.GetAllProducts (eCommerce.Api)'
2026-05-11 16:57:44.722 +05:30 [INF] Request finished HTTP/2 GET https://localhost:7274/api/v1/products - 200 null application/json; charset=utf-8 23.7799ms
2026-05-11 16:59:00.998 +05:30 [INF] Request starting HTTP/2 GET https://localhost:7274/api/v1/products - null null
2026-05-11 16:59:01.081 +05:30 [INF] CORS policy execution successful.
2026-05-11 16:59:01.094 +05:30 [INF] Executing endpoint 'eCommerce.Api.Controllers.v1.ProductsController.GetAllProducts (eCommerce.Api)'
2026-05-11 16:59:01.132 +05:30 [INF] Route matched with {action = "GetAllProducts", controller = "Products"}. Executing controller action with signature System.Threading.Tasks.Task`1[Microsoft.AspNetCore.Mvc.ActionResult`1[System.Collections.Generic.IEnumerable`1[eCommerce.Application.DTOs.Product.ProductDto]]] GetAllProducts() on controller eCommerce.Api.Controllers.v1.ProductsController (eCommerce.Api).
2026-05-11 16:59:01.313 +05:30 [INF] Executed DbCommand (113ms) [Parameters=[], CommandType='"Text"', CommandTimeout='30']
SELECT [p].[ProductId], [p].[CategoryId], [p].[Description], [p].[Discount], [p].[Gender], [p].[MadeIn], [p].[ManufacturingDate], [p].[Picture], [p].[ProductName], [p].[Quantity], [p].[ReturnPolicy], [p].[ShoeType], [p].[UnitPrice], [p].[WarrantyPeriod]
FROM [Products] AS [p]
2026-05-11 16:59:01.331 +05:30 [INF] Executing OkObjectResult, writing value of type 'System.Collections.Generic.List`1[[eCommerce.Application.DTOs.Product.ProductDto, eCommerce.Application, Version=1.0.0.0, Culture=neutral, PublicKeyToken=null]]'.
2026-05-11 16:59:01.344 +05:30 [INF] Executed action eCommerce.Api.Controllers.v1.ProductsController.GetAllProducts (eCommerce.Api) in 211.7091ms
2026-05-11 16:59:01.344 +05:30 [INF] Executed endpoint 'eCommerce.Api.Controllers.v1.ProductsController.GetAllProducts (eCommerce.Api)'
2026-05-11 16:59:01.350 +05:30 [INF] Request finished HTTP/2 GET https://localhost:7274/api/v1/products - 200 null application/json; charset=utf-8 415.9469ms
2026-05-11 16:59:09.080 +05:30 [INF] Request starting HTTP/2 GET https://localhost:7274/api/v1/products - null null
2026-05-11 16:59:09.087 +05:30 [INF] CORS policy execution successful.
2026-05-11 16:59:09.088 +05:30 [INF] Executing endpoint 'eCommerce.Api.Controllers.v1.ProductsController.GetAllProducts (eCommerce.Api)'
2026-05-11 16:59:09.088 +05:30 [INF] Route matched with {action = "GetAllProducts", controller = "Products"}. Executing controller action with signature System.Threading.Tasks.Task`1[Microsoft.AspNetCore.Mvc.ActionResult`1[System.Collections.Generic.IEnumerable`1[eCommerce.Application.DTOs.Product.ProductDto]]] GetAllProducts() on controller eCommerce.Api.Controllers.v1.ProductsController (eCommerce.Api).
2026-05-11 16:59:09.111 +05:30 [INF] Executed DbCommand (16ms) [Parameters=[], CommandType='"Text"', CommandTimeout='30']
SELECT [p].[ProductId], [p].[CategoryId], [p].[Description], [p].[Discount], [p].[Gender], [p].[MadeIn], [p].[ManufacturingDate], [p].[Picture], [p].[ProductName], [p].[Quantity], [p].[ReturnPolicy], [p].[ShoeType], [p].[UnitPrice], [p].[WarrantyPeriod]
FROM [Products] AS [p]
2026-05-11 16:59:09.113 +05:30 [INF] Executing OkObjectResult, writing value of type 'System.Collections.Generic.List`1[[eCommerce.Application.DTOs.Product.ProductDto, eCommerce.Application, Version=1.0.0.0, Culture=neutral, PublicKeyToken=null]]'.
2026-05-11 16:59:09.124 +05:30 [INF] Executed action eCommerce.Api.Controllers.v1.ProductsController.GetAllProducts (eCommerce.Api) in 35.2958ms
2026-05-11 16:59:09.137 +05:30 [INF] Executed endpoint 'eCommerce.Api.Controllers.v1.ProductsController.GetAllProducts (eCommerce.Api)'
2026-05-11 16:59:09.145 +05:30 [INF] Request finished HTTP/2 GET https://localhost:7274/api/v1/products - 200 null application/json; charset=utf-8 64.4246ms
2026-05-11 16:59:57.441 +05:30 [INF] Request starting HTTP/2 GET https://localhost:7274/api/v1/products - null null
2026-05-11 16:59:57.717 +05:30 [INF] CORS policy execution successful.
2026-05-11 16:59:57.736 +05:30 [INF] Executing endpoint 'eCommerce.Api.Controllers.v1.ProductsController.GetAllProducts (eCommerce.Api)'
2026-05-11 16:59:57.757 +05:30 [INF] Route matched with {action = "GetAllProducts", controller = "Products"}. Executing controller action with signature System.Threading.Tasks.Task`1[Microsoft.AspNetCore.Mvc.ActionResult`1[System.Collections.Generic.IEnumerable`1[eCommerce.Application.DTOs.Product.ProductDto]]] GetAllProducts() on controller eCommerce.Api.Controllers.v1.ProductsController (eCommerce.Api).
2026-05-11 16:59:57.897 +05:30 [INF] Executed DbCommand (33ms) [Parameters=[], CommandType='"Text"', CommandTimeout='30']
SELECT [p].[ProductId], [p].[CategoryId], [p].[Description], [p].[Discount], [p].[Gender], [p].[MadeIn], [p].[ManufacturingDate], [p].[Picture], [p].[ProductName], [p].[Quantity], [p].[ReturnPolicy], [p].[ShoeType], [p].[UnitPrice], [p].[WarrantyPeriod]
FROM [Products] AS [p]
2026-05-11 16:59:57.917 +05:30 [INF] Executing OkObjectResult, writing value of type 'System.Collections.Generic.List`1[[eCommerce.Application.DTOs.Product.ProductDto, eCommerce.Application, Version=1.0.0.0, Culture=neutral, PublicKeyToken=null]]'.
2026-05-11 16:59:57.948 +05:30 [INF] Executed action eCommerce.Api.Controllers.v1.ProductsController.GetAllProducts (eCommerce.Api) in 189.8463ms
2026-05-11 16:59:57.955 +05:30 [INF] Executed endpoint 'eCommerce.Api.Controllers.v1.ProductsController.GetAllProducts (eCommerce.Api)'
2026-05-11 16:59:57.957 +05:30 [INF] Request finished HTTP/2 GET https://localhost:7274/api/v1/products - 200 null application/json; charset=utf-8 604.9621ms
2026-05-11 17:00:15.453 +05:30 [INF] Request starting HTTP/2 GET https://localhost:7274/api/v1/products - null null
2026-05-11 17:00:15.471 +05:30 [INF] CORS policy execution successful.
2026-05-11 17:00:15.481 +05:30 [INF] Executing endpoint 'eCommerce.Api.Controllers.v1.ProductsController.GetAllProducts (eCommerce.Api)'
2026-05-11 17:00:15.482 +05:30 [INF] Route matched with {action = "GetAllProducts", controller = "Products"}. Executing controller action with signature System.Threading.Tasks.Task`1[Microsoft.AspNetCore.Mvc.ActionResult`1[System.Collections.Generic.IEnumerable`1[eCommerce.Application.DTOs.Product.ProductDto]]] GetAllProducts() on controller eCommerce.Api.Controllers.v1.ProductsController (eCommerce.Api).
2026-05-11 17:00:15.509 +05:30 [INF] Executed DbCommand (9ms) [Parameters=[], CommandType='"Text"', CommandTimeout='30']
SELECT [p].[ProductId], [p].[CategoryId], [p].[Description], [p].[Discount], [p].[Gender], [p].[MadeIn], [p].[ManufacturingDate], [p].[Picture], [p].[ProductName], [p].[Quantity], [p].[ReturnPolicy], [p].[ShoeType], [p].[UnitPrice], [p].[WarrantyPeriod]
FROM [Products] AS [p]
2026-05-11 17:00:15.511 +05:30 [INF] Executing OkObjectResult, writing value of type 'System.Collections.Generic.List`1[[eCommerce.Application.DTOs.Product.ProductDto, eCommerce.Application, Version=1.0.0.0, Culture=neutral, PublicKeyToken=null]]'.
2026-05-11 17:00:15.521 +05:30 [INF] Executed action eCommerce.Api.Controllers.v1.ProductsController.GetAllProducts (eCommerce.Api) in 38.5699ms
2026-05-11 17:00:15.525 +05:30 [INF] Executed endpoint 'eCommerce.Api.Controllers.v1.ProductsController.GetAllProducts (eCommerce.Api)'
2026-05-11 17:00:15.526 +05:30 [INF] Request finished HTTP/2 GET https://localhost:7274/api/v1/products - 200 null application/json; charset=utf-8 74.0717ms
2026-05-11 17:00:25.831 +05:30 [INF] Request starting HTTP/2 GET https://localhost:7274/api/v1/products - null null
2026-05-11 17:00:25.836 +05:30 [INF] CORS policy execution successful.
2026-05-11 17:00:25.837 +05:30 [INF] Executing endpoint 'eCommerce.Api.Controllers.v1.ProductsController.GetAllProducts (eCommerce.Api)'
2026-05-11 17:00:25.838 +05:30 [INF] Route matched with {action = "GetAllProducts", controller = "Products"}. Executing controller action with signature System.Threading.Tasks.Task`1[Microsoft.AspNetCore.Mvc.ActionResult`1[System.Collections.Generic.IEnumerable`1[eCommerce.Application.DTOs.Product.ProductDto]]] GetAllProducts() on controller eCommerce.Api.Controllers.v1.ProductsController (eCommerce.Api).
2026-05-11 17:00:25.853 +05:30 [INF] Executed DbCommand (7ms) [Parameters=[], CommandType='"Text"', CommandTimeout='30']
SELECT [p].[ProductId], [p].[CategoryId], [p].[Description], [p].[Discount], [p].[Gender], [p].[MadeIn], [p].[ManufacturingDate], [p].[Picture], [p].[ProductName], [p].[Quantity], [p].[ReturnPolicy], [p].[ShoeType], [p].[UnitPrice], [p].[WarrantyPeriod]
FROM [Products] AS [p]
2026-05-11 17:00:25.855 +05:30 [INF] Executing OkObjectResult, writing value of type 'System.Collections.Generic.List`1[[eCommerce.Application.DTOs.Product.ProductDto, eCommerce.Application, Version=1.0.0.0, Culture=neutral, PublicKeyToken=null]]'.
2026-05-11 17:00:25.858 +05:30 [INF] Executed action eCommerce.Api.Controllers.v1.ProductsController.GetAllProducts (eCommerce.Api) in 19.3136ms
2026-05-11 17:00:25.858 +05:30 [INF] Executed endpoint 'eCommerce.Api.Controllers.v1.ProductsController.GetAllProducts (eCommerce.Api)'
2026-05-11 17:00:25.859 +05:30 [INF] Request finished HTTP/2 GET https://localhost:7274/api/v1/products - 200 null application/json; charset=utf-8 29.857ms
2026-05-11 17:00:36.347 +05:30 [INF] Request starting HTTP/2 GET https://localhost:7274/api/v1/products - null null
2026-05-11 17:00:36.353 +05:30 [INF] CORS policy execution successful.
2026-05-11 17:00:36.354 +05:30 [INF] Executing endpoint 'eCommerce.Api.Controllers.v1.ProductsController.GetAllProducts (eCommerce.Api)'
2026-05-11 17:00:36.354 +05:30 [INF] Route matched with {action = "GetAllProducts", controller = "Products"}. Executing controller action with signature System.Threading.Tasks.Task`1[Microsoft.AspNetCore.Mvc.ActionResult`1[System.Collections.Generic.IEnumerable`1[eCommerce.Application.DTOs.Product.ProductDto]]] GetAllProducts() on controller eCommerce.Api.Controllers.v1.ProductsController (eCommerce.Api).
2026-05-11 17:00:36.374 +05:30 [INF] Executed DbCommand (12ms) [Parameters=[], CommandType='"Text"', CommandTimeout='30']
SELECT [p].[ProductId], [p].[CategoryId], [p].[Description], [p].[Discount], [p].[Gender], [p].[MadeIn], [p].[ManufacturingDate], [p].[Picture], [p].[ProductName], [p].[Quantity], [p].[ReturnPolicy], [p].[ShoeType], [p].[UnitPrice], [p].[WarrantyPeriod]
FROM [Products] AS [p]
2026-05-11 17:00:36.378 +05:30 [INF] Executing OkObjectResult, writing value of type 'System.Collections.Generic.List`1[[eCommerce.Application.DTOs.Product.ProductDto, eCommerce.Application, Version=1.0.0.0, Culture=neutral, PublicKeyToken=null]]'.
2026-05-11 17:00:36.384 +05:30 [INF] Executed action eCommerce.Api.Controllers.v1.ProductsController.GetAllProducts (eCommerce.Api) in 29.8273ms
2026-05-11 17:00:36.384 +05:30 [INF] Executed endpoint 'eCommerce.Api.Controllers.v1.ProductsController.GetAllProducts (eCommerce.Api)'
2026-05-11 17:00:36.385 +05:30 [INF] Request finished HTTP/2 GET https://localhost:7274/api/v1/products - 200 null application/json; charset=utf-8 37.6323ms
2026-05-11 17:42:02.589 +05:30 [INF] Now listening on: https://localhost:7274
2026-05-11 17:42:02.667 +05:30 [INF] Now listening on: http://localhost:5169
2026-05-11 17:42:02.886 +05:30 [INF] Application started. Press Ctrl+C to shut down.
2026-05-11 17:42:02.887 +05:30 [INF] Hosting environment: Development
2026-05-11 17:42:02.887 +05:30 [INF] Content root path: C:\Users\pilli\OneDrive\Desktop\.net&angular training\ASP.NETCoreWebAPI\CleanArchitecture\eCommerce.Api
2026-05-11 17:42:04.007 +05:30 [INF] Request starting HTTP/2 GET https://localhost:7274/swagger/index.html - null null
2026-05-11 17:42:04.677 +05:30 [INF] Request finished HTTP/2 GET https://localhost:7274/swagger/index.html - 200 null text/html;charset=utf-8 691.6859ms
2026-05-11 17:42:04.709 +05:30 [INF] Request starting HTTP/2 GET https://localhost:7274/_framework/aspnetcore-browser-refresh.js - null null
2026-05-11 17:42:04.709 +05:30 [INF] Request starting HTTP/2 GET https://localhost:7274/_vs/browserLink - null null
2026-05-11 17:42:04.723 +05:30 [INF] Request finished HTTP/2 GET https://localhost:7274/_framework/aspnetcore-browser-refresh.js - 200 16511 application/javascript; charset=utf-8 14.3534ms
2026-05-11 17:42:04.838 +05:30 [INF] Request finished HTTP/2 GET https://localhost:7274/_vs/browserLink - 200 null text/javascript; charset=UTF-8 130.1048ms
2026-05-11 17:42:04.902 +05:30 [INF] Request starting HTTP/2 GET https://localhost:7274/swagger/v1/swagger.json - null null
2026-05-11 17:42:05.044 +05:30 [INF] Request finished HTTP/2 GET https://localhost:7274/swagger/v1/swagger.json - 200 null application/json;charset=utf-8 141.8348ms
2026-05-11 17:42:12.105 +05:30 [INF] Request starting HTTP/2 GET https://localhost:7274/api/v1/Categories - null null
2026-05-11 17:42:12.105 +05:30 [INF] Request starting HTTP/2 GET https://localhost:7274/api/v1/products - null null
2026-05-11 17:42:12.147 +05:30 [INF] CORS policy execution successful.
2026-05-11 17:42:12.147 +05:30 [INF] CORS policy execution successful.
2026-05-11 17:42:12.155 +05:30 [INF] Executing endpoint 'eCommerce.Api.Controllers.v1.CategoriesController.GetAllAsync (eCommerce.Api)'
2026-05-11 17:42:12.155 +05:30 [INF] Executing endpoint 'eCommerce.Api.Controllers.v1.ProductsController.GetAllProducts (eCommerce.Api)'
2026-05-11 17:42:12.196 +05:30 [INF] Route matched with {action = "GetAll", controller = "Categories"}. Executing controller action with signature System.Threading.Tasks.Task`1[Microsoft.AspNetCore.Mvc.ActionResult`1[System.Collections.Generic.IEnumerable`1[eCommerce.Application.DTOs.Category.CategoryDto]]] GetAllAsync() on controller eCommerce.Api.Controllers.v1.CategoriesController (eCommerce.Api).
2026-05-11 17:42:12.196 +05:30 [INF] Route matched with {action = "GetAllProducts", controller = "Products"}. Executing controller action with signature System.Threading.Tasks.Task`1[Microsoft.AspNetCore.Mvc.ActionResult`1[System.Collections.Generic.IEnumerable`1[eCommerce.Application.DTOs.Product.ProductDto]]] GetAllProducts() on controller eCommerce.Api.Controllers.v1.ProductsController (eCommerce.Api).
2026-05-11 17:42:12.620 +05:30 [WRN] You do not have a valid license key for the Lucky Penny software AutoMapper. This is allowed for development and testing scenarios. If you are running in production you are required to have a licensed version. Please visit https://luckypennysoftware.com to obtain a valid license.
2026-05-11 17:42:12.626 +05:30 [INF] Get all categories
2026-05-11 17:42:13.169 +05:30 [INF] Request starting HTTP/2 GET https://localhost:7274/api/v1/Categories - null null
2026-05-11 17:42:13.171 +05:30 [INF] Request starting HTTP/2 GET https://localhost:7274/api/v1/products - null null
2026-05-11 17:42:13.178 +05:30 [INF] CORS policy execution successful.
2026-05-11 17:42:13.178 +05:30 [INF] CORS policy execution successful.
2026-05-11 17:42:13.180 +05:30 [INF] Executing endpoint 'eCommerce.Api.Controllers.v1.CategoriesController.GetAllAsync (eCommerce.Api)'
2026-05-11 17:42:13.180 +05:30 [INF] Executing endpoint 'eCommerce.Api.Controllers.v1.ProductsController.GetAllProducts (eCommerce.Api)'
2026-05-11 17:42:13.181 +05:30 [INF] Route matched with {action = "GetAllProducts", controller = "Products"}. Executing controller action with signature System.Threading.Tasks.Task`1[Microsoft.AspNetCore.Mvc.ActionResult`1[System.Collections.Generic.IEnumerable`1[eCommerce.Application.DTOs.Product.ProductDto]]] GetAllProducts() on controller eCommerce.Api.Controllers.v1.ProductsController (eCommerce.Api).
2026-05-11 17:42:13.181 +05:30 [INF] Route matched with {action = "GetAll", controller = "Categories"}. Executing controller action with signature System.Threading.Tasks.Task`1[Microsoft.AspNetCore.Mvc.ActionResult`1[System.Collections.Generic.IEnumerable`1[eCommerce.Application.DTOs.Category.CategoryDto]]] GetAllAsync() on controller eCommerce.Api.Controllers.v1.CategoriesController (eCommerce.Api).
2026-05-11 17:42:13.183 +05:30 [INF] Get all categories
2026-05-11 17:42:16.829 +05:30 [INF] Executed DbCommand (106ms) [Parameters=[], CommandType='"Text"', CommandTimeout='30']
SELECT [c].[CategoryId], [c].[CategoryName], [c].[Description]
FROM [Categories] AS [c]
2026-05-11 17:42:16.829 +05:30 [INF] Executed DbCommand (106ms) [Parameters=[], CommandType='"Text"', CommandTimeout='30']
SELECT [p].[ProductId], [p].[CategoryId], [p].[Description], [p].[Discount], [p].[Gender], [p].[MadeIn], [p].[ManufacturingDate], [p].[Picture], [p].[ProductName], [p].[Quantity], [p].[ReturnPolicy], [p].[ShoeType], [p].[UnitPrice], [p].[WarrantyPeriod]
FROM [Products] AS [p]
2026-05-11 17:42:16.829 +05:30 [INF] Executed DbCommand (106ms) [Parameters=[], CommandType='"Text"', CommandTimeout='30']
SELECT [c].[CategoryId], [c].[CategoryName], [c].[Description]
FROM [Categories] AS [c]
2026-05-11 17:42:16.829 +05:30 [INF] Executed DbCommand (106ms) [Parameters=[], CommandType='"Text"', CommandTimeout='30']
SELECT [p].[ProductId], [p].[CategoryId], [p].[Description], [p].[Discount], [p].[Gender], [p].[MadeIn], [p].[ManufacturingDate], [p].[Picture], [p].[ProductName], [p].[Quantity], [p].[ReturnPolicy], [p].[ShoeType], [p].[UnitPrice], [p].[WarrantyPeriod]
FROM [Products] AS [p]
2026-05-11 17:42:17.101 +05:30 [INF] Executing OkObjectResult, writing value of type 'System.Collections.Generic.List`1[[eCommerce.Application.DTOs.Category.CategoryDto, eCommerce.Application, Version=1.0.0.0, Culture=neutral, PublicKeyToken=null]]'.
2026-05-11 17:42:17.101 +05:30 [INF] Executing OkObjectResult, writing value of type 'System.Collections.Generic.List`1[[eCommerce.Application.DTOs.Product.ProductDto, eCommerce.Application, Version=1.0.0.0, Culture=neutral, PublicKeyToken=null]]'.
2026-05-11 17:42:17.101 +05:30 [INF] Executing OkObjectResult, writing value of type 'System.Collections.Generic.List`1[[eCommerce.Application.DTOs.Category.CategoryDto, eCommerce.Application, Version=1.0.0.0, Culture=neutral, PublicKeyToken=null]]'.
2026-05-11 17:42:17.101 +05:30 [INF] Executing OkObjectResult, writing value of type 'System.Collections.Generic.List`1[[eCommerce.Application.DTOs.Product.ProductDto, eCommerce.Application, Version=1.0.0.0, Culture=neutral, PublicKeyToken=null]]'.
2026-05-11 17:42:17.159 +05:30 [INF] Executed action eCommerce.Api.Controllers.v1.ProductsController.GetAllProducts (eCommerce.Api) in 3976.3896ms
2026-05-11 17:42:17.159 +05:30 [INF] Executed action eCommerce.Api.Controllers.v1.ProductsController.GetAllProducts (eCommerce.Api) in 4961.2701ms
2026-05-11 17:42:17.159 +05:30 [INF] Executed action eCommerce.Api.Controllers.v1.CategoriesController.GetAllAsync (eCommerce.Api) in 3968.1204ms
2026-05-11 17:42:17.159 +05:30 [INF] Executed action eCommerce.Api.Controllers.v1.CategoriesController.GetAllAsync (eCommerce.Api) in 4953.5535ms
2026-05-11 17:42:17.162 +05:30 [INF] Executed endpoint 'eCommerce.Api.Controllers.v1.CategoriesController.GetAllAsync (eCommerce.Api)'
2026-05-11 17:42:17.162 +05:30 [INF] Executed endpoint 'eCommerce.Api.Controllers.v1.ProductsController.GetAllProducts (eCommerce.Api)'
2026-05-11 17:42:17.162 +05:30 [INF] Executed endpoint 'eCommerce.Api.Controllers.v1.CategoriesController.GetAllAsync (eCommerce.Api)'
2026-05-11 17:42:17.162 +05:30 [INF] Executed endpoint 'eCommerce.Api.Controllers.v1.ProductsController.GetAllProducts (eCommerce.Api)'
2026-05-11 17:42:17.190 +05:30 [INF] Request finished HTTP/2 GET https://localhost:7274/api/v1/products - 499 null application/json; charset=utf-8 5085.8628ms
2026-05-11 17:42:17.190 +05:30 [INF] Request finished HTTP/2 GET https://localhost:7274/api/v1/products - 499 null application/json; charset=utf-8 4018.4158ms
2026-05-11 17:42:17.190 +05:30 [INF] Request finished HTTP/2 GET https://localhost:7274/api/v1/Categories - 499 null application/json; charset=utf-8 5085.9144ms
2026-05-11 17:42:17.190 +05:30 [INF] Request finished HTTP/2 GET https://localhost:7274/api/v1/Categories - 499 null application/json; charset=utf-8 4021.6559ms
2026-05-11 17:42:36.276 +05:30 [INF] Request starting HTTP/2 GET https://localhost:7274/api/v1/Categories - null null
2026-05-11 17:42:36.284 +05:30 [INF] Request starting HTTP/2 GET https://localhost:7274/api/v1/products - null null
2026-05-11 17:42:36.285 +05:30 [INF] CORS policy execution successful.
2026-05-11 17:42:36.286 +05:30 [INF] Executing endpoint 'eCommerce.Api.Controllers.v1.CategoriesController.GetAllAsync (eCommerce.Api)'
2026-05-11 17:42:36.286 +05:30 [INF] CORS policy execution successful.
2026-05-11 17:42:36.287 +05:30 [INF] Route matched with {action = "GetAll", controller = "Categories"}. Executing controller action with signature System.Threading.Tasks.Task`1[Microsoft.AspNetCore.Mvc.ActionResult`1[System.Collections.Generic.IEnumerable`1[eCommerce.Application.DTOs.Category.CategoryDto]]] GetAllAsync() on controller eCommerce.Api.Controllers.v1.CategoriesController (eCommerce.Api).
2026-05-11 17:42:36.287 +05:30 [INF] Executing endpoint 'eCommerce.Api.Controllers.v1.ProductsController.GetAllProducts (eCommerce.Api)'
2026-05-11 17:42:36.287 +05:30 [INF] Route matched with {action = "GetAllProducts", controller = "Products"}. Executing controller action with signature System.Threading.Tasks.Task`1[Microsoft.AspNetCore.Mvc.ActionResult`1[System.Collections.Generic.IEnumerable`1[eCommerce.Application.DTOs.Product.ProductDto]]] GetAllProducts() on controller eCommerce.Api.Controllers.v1.ProductsController (eCommerce.Api).
2026-05-11 17:42:36.297 +05:30 [INF] Get all categories
2026-05-11 17:42:36.298 +05:30 [INF] Executing OkObjectResult, writing value of type 'System.Collections.Generic.List`1[[eCommerce.Application.DTOs.Category.CategoryDto, eCommerce.Application, Version=1.0.0.0, Culture=neutral, PublicKeyToken=null]]'.
2026-05-11 17:42:36.300 +05:30 [INF] Executed action eCommerce.Api.Controllers.v1.CategoriesController.GetAllAsync (eCommerce.Api) in 12.8732ms
2026-05-11 17:42:36.300 +05:30 [INF] Executed endpoint 'eCommerce.Api.Controllers.v1.CategoriesController.GetAllAsync (eCommerce.Api)'
2026-05-11 17:42:36.300 +05:30 [INF] Request finished HTTP/2 GET https://localhost:7274/api/v1/Categories - 200 null application/json; charset=utf-8 24.8287ms
2026-05-11 17:42:36.511 +05:30 [INF] Executed DbCommand (73ms) [Parameters=[], CommandType='"Text"', CommandTimeout='30']
SELECT [p].[ProductId], [p].[CategoryId], [p].[Description], [p].[Discount], [p].[Gender], [p].[MadeIn], [p].[ManufacturingDate], [p].[Picture], [p].[ProductName], [p].[Quantity], [p].[ReturnPolicy], [p].[ShoeType], [p].[UnitPrice], [p].[WarrantyPeriod]
FROM [Products] AS [p]
2026-05-11 17:42:36.515 +05:30 [INF] Executing OkObjectResult, writing value of type 'System.Collections.Generic.List`1[[eCommerce.Application.DTOs.Product.ProductDto, eCommerce.Application, Version=1.0.0.0, Culture=neutral, PublicKeyToken=null]]'.
2026-05-11 17:42:36.526 +05:30 [INF] Executed action eCommerce.Api.Controllers.v1.ProductsController.GetAllProducts (eCommerce.Api) in 237.9094ms
2026-05-11 17:42:36.526 +05:30 [INF] Executed endpoint 'eCommerce.Api.Controllers.v1.ProductsController.GetAllProducts (eCommerce.Api)'
2026-05-11 17:42:36.528 +05:30 [INF] Request finished HTTP/2 GET https://localhost:7274/api/v1/products - 200 null application/json; charset=utf-8 242.9193ms
2026-05-11 17:43:15.120 +05:30 [INF] Request starting HTTP/2 GET https://localhost:7274/api/v1/Categories - null null
2026-05-11 17:43:15.122 +05:30 [INF] CORS policy execution successful.
2026-05-11 17:43:15.125 +05:30 [INF] Executing endpoint 'eCommerce.Api.Controllers.v1.CategoriesController.GetAllAsync (eCommerce.Api)'
2026-05-11 17:43:15.125 +05:30 [INF] Route matched with {action = "GetAll", controller = "Categories"}. Executing controller action with signature System.Threading.Tasks.Task`1[Microsoft.AspNetCore.Mvc.ActionResult`1[System.Collections.Generic.IEnumerable`1[eCommerce.Application.DTOs.Category.CategoryDto]]] GetAllAsync() on controller eCommerce.Api.Controllers.v1.CategoriesController (eCommerce.Api).
2026-05-11 17:43:15.155 +05:30 [INF] Get all categories
2026-05-11 17:43:15.168 +05:30 [INF] Executing OkObjectResult, writing value of type 'System.Collections.Generic.List`1[[eCommerce.Application.DTOs.Category.CategoryDto, eCommerce.Application, Version=1.0.0.0, Culture=neutral, PublicKeyToken=null]]'.
2026-05-11 17:43:15.169 +05:30 [INF] Executed action eCommerce.Api.Controllers.v1.CategoriesController.GetAllAsync (eCommerce.Api) in 43.3061ms
2026-05-11 17:43:15.169 +05:30 [INF] Executed endpoint 'eCommerce.Api.Controllers.v1.CategoriesController.GetAllAsync (eCommerce.Api)'
2026-05-11 17:43:15.169 +05:30 [INF] Request finished HTTP/2 GET https://localhost:7274/api/v1/Categories - 200 null application/json; charset=utf-8 50.0411ms
2026-05-11 17:43:25.155 +05:30 [INF] Request starting HTTP/2 GET https://localhost:7274/api/v1/products - null null
2026-05-11 17:43:25.153 +05:30 [INF] Request starting HTTP/2 GET https://localhost:7274/api/v1/Categories - null null
2026-05-11 17:43:25.164 +05:30 [INF] CORS policy execution successful.
2026-05-11 17:43:25.165 +05:30 [INF] CORS policy execution successful.
2026-05-11 17:43:25.167 +05:30 [INF] Executing endpoint 'eCommerce.Api.Controllers.v1.ProductsController.GetAllProducts (eCommerce.Api)'
2026-05-11 17:43:25.167 +05:30 [INF] Executing endpoint 'eCommerce.Api.Controllers.v1.CategoriesController.GetAllAsync (eCommerce.Api)'
2026-05-11 17:43:25.167 +05:30 [INF] Route matched with {action = "GetAllProducts", controller = "Products"}. Executing controller action with signature System.Threading.Tasks.Task`1[Microsoft.AspNetCore.Mvc.ActionResult`1[System.Collections.Generic.IEnumerable`1[eCommerce.Application.DTOs.Product.ProductDto]]] GetAllProducts() on controller eCommerce.Api.Controllers.v1.ProductsController (eCommerce.Api).
2026-05-11 17:43:25.167 +05:30 [INF] Route matched with {action = "GetAll", controller = "Categories"}. Executing controller action with signature System.Threading.Tasks.Task`1[Microsoft.AspNetCore.Mvc.ActionResult`1[System.Collections.Generic.IEnumerable`1[eCommerce.Application.DTOs.Category.CategoryDto]]] GetAllAsync() on controller eCommerce.Api.Controllers.v1.CategoriesController (eCommerce.Api).
2026-05-11 17:43:25.169 +05:30 [INF] Get all categories
2026-05-11 17:43:25.170 +05:30 [INF] Executing OkObjectResult, writing value of type 'System.Collections.Generic.List`1[[eCommerce.Application.DTOs.Category.CategoryDto, eCommerce.Application, Version=1.0.0.0, Culture=neutral, PublicKeyToken=null]]'.
2026-05-11 17:43:25.171 +05:30 [INF] Executed action eCommerce.Api.Controllers.v1.CategoriesController.GetAllAsync (eCommerce.Api) in 3.8555ms
2026-05-11 17:43:25.172 +05:30 [INF] Executed endpoint 'eCommerce.Api.Controllers.v1.CategoriesController.GetAllAsync (eCommerce.Api)'
2026-05-11 17:43:25.174 +05:30 [INF] Request finished HTTP/2 GET https://localhost:7274/api/v1/Categories - 200 null application/json; charset=utf-8 19.0657ms
2026-05-11 17:43:25.220 +05:30 [INF] Executed DbCommand (18ms) [Parameters=[], CommandType='"Text"', CommandTimeout='30']
SELECT [p].[ProductId], [p].[CategoryId], [p].[Description], [p].[Discount], [p].[Gender], [p].[MadeIn], [p].[ManufacturingDate], [p].[Picture], [p].[ProductName], [p].[Quantity], [p].[ReturnPolicy], [p].[ShoeType], [p].[UnitPrice], [p].[WarrantyPeriod]
FROM [Products] AS [p]
2026-05-11 17:43:25.231 +05:30 [INF] Executing OkObjectResult, writing value of type 'System.Collections.Generic.List`1[[eCommerce.Application.DTOs.Product.ProductDto, eCommerce.Application, Version=1.0.0.0, Culture=neutral, PublicKeyToken=null]]'.
2026-05-11 17:43:25.246 +05:30 [INF] Executed action eCommerce.Api.Controllers.v1.ProductsController.GetAllProducts (eCommerce.Api) in 78.3118ms
2026-05-11 17:43:25.246 +05:30 [INF] Executed endpoint 'eCommerce.Api.Controllers.v1.ProductsController.GetAllProducts (eCommerce.Api)'
2026-05-11 17:43:25.247 +05:30 [INF] Request finished HTTP/2 GET https://localhost:7274/api/v1/products - 200 null application/json; charset=utf-8 93.4836ms
2026-05-11 17:44:35.944 +05:30 [INF] Request starting HTTP/2 GET https://localhost:7274/api/v1/products - null null
2026-05-11 17:44:35.946 +05:30 [INF] CORS policy execution successful.
2026-05-11 17:44:35.946 +05:30 [INF] Executing endpoint 'eCommerce.Api.Controllers.v1.ProductsController.GetAllProducts (eCommerce.Api)'
2026-05-11 17:44:35.952 +05:30 [INF] Route matched with {action = "GetAllProducts", controller = "Products"}. Executing controller action with signature System.Threading.Tasks.Task`1[Microsoft.AspNetCore.Mvc.ActionResult`1[System.Collections.Generic.IEnumerable`1[eCommerce.Application.DTOs.Product.ProductDto]]] GetAllProducts() on controller eCommerce.Api.Controllers.v1.ProductsController (eCommerce.Api).
2026-05-11 17:44:35.962 +05:30 [INF] Executed DbCommand (5ms) [Parameters=[], CommandType='"Text"', CommandTimeout='30']
SELECT [p].[ProductId], [p].[CategoryId], [p].[Description], [p].[Discount], [p].[Gender], [p].[MadeIn], [p].[ManufacturingDate], [p].[Picture], [p].[ProductName], [p].[Quantity], [p].[ReturnPolicy], [p].[ShoeType], [p].[UnitPrice], [p].[WarrantyPeriod]
FROM [Products] AS [p]
2026-05-11 17:44:35.963 +05:30 [INF] Executing OkObjectResult, writing value of type 'System.Collections.Generic.List`1[[eCommerce.Application.DTOs.Product.ProductDto, eCommerce.Application, Version=1.0.0.0, Culture=neutral, PublicKeyToken=null]]'.
2026-05-11 17:44:35.984 +05:30 [INF] Executed action eCommerce.Api.Controllers.v1.ProductsController.GetAllProducts (eCommerce.Api) in 32.6382ms
2026-05-11 17:44:35.985 +05:30 [INF] Executed endpoint 'eCommerce.Api.Controllers.v1.ProductsController.GetAllProducts (eCommerce.Api)'
2026-05-11 17:44:35.985 +05:30 [INF] Request finished HTTP/2 GET https://localhost:7274/api/v1/products - 200 null application/json; charset=utf-8 42.2434ms
2026-05-11 17:57:10.081 +05:30 [INF] Request starting HTTP/2 GET https://localhost:7274/api/v1/products - null null
2026-05-11 17:57:10.347 +05:30 [INF] CORS policy execution successful.
2026-05-11 17:57:10.366 +05:30 [INF] Executing endpoint 'eCommerce.Api.Controllers.v1.ProductsController.GetAllProducts (eCommerce.Api)'
2026-05-11 17:57:10.386 +05:30 [INF] Route matched with {action = "GetAllProducts", controller = "Products"}. Executing controller action with signature System.Threading.Tasks.Task`1[Microsoft.AspNetCore.Mvc.ActionResult`1[System.Collections.Generic.IEnumerable`1[eCommerce.Application.DTOs.Product.ProductDto]]] GetAllProducts() on controller eCommerce.Api.Controllers.v1.ProductsController (eCommerce.Api).
2026-05-11 17:57:11.892 +05:30 [INF] Executed DbCommand (12ms) [Parameters=[], CommandType='"Text"', CommandTimeout='30']
SELECT [p].[ProductId], [p].[CategoryId], [p].[Description], [p].[Discount], [p].[Gender], [p].[MadeIn], [p].[ManufacturingDate], [p].[Picture], [p].[ProductName], [p].[Quantity], [p].[ReturnPolicy], [p].[ShoeType], [p].[UnitPrice], [p].[WarrantyPeriod]
FROM [Products] AS [p]
2026-05-11 17:57:11.919 +05:30 [INF] Executing OkObjectResult, writing value of type 'System.Collections.Generic.List`1[[eCommerce.Application.DTOs.Product.ProductDto, eCommerce.Application, Version=1.0.0.0, Culture=neutral, PublicKeyToken=null]]'.
2026-05-11 17:57:11.951 +05:30 [INF] Executed action eCommerce.Api.Controllers.v1.ProductsController.GetAllProducts (eCommerce.Api) in 1564.1327ms
2026-05-11 17:57:11.952 +05:30 [INF] Executed endpoint 'eCommerce.Api.Controllers.v1.ProductsController.GetAllProducts (eCommerce.Api)'
2026-05-11 17:57:11.953 +05:30 [INF] Request finished HTTP/2 GET https://localhost:7274/api/v1/products - 200 null application/json; charset=utf-8 1906.2367ms
2026-05-11 17:57:18.463 +05:30 [INF] Request starting HTTP/2 GET https://localhost:7274/api/v1/products - null null
2026-05-11 17:57:18.464 +05:30 [INF] CORS policy execution successful.
2026-05-11 17:57:18.465 +05:30 [INF] Executing endpoint 'eCommerce.Api.Controllers.v1.ProductsController.GetAllProducts (eCommerce.Api)'
2026-05-11 17:57:18.466 +05:30 [INF] Route matched with {action = "GetAllProducts", controller = "Products"}. Executing controller action with signature System.Threading.Tasks.Task`1[Microsoft.AspNetCore.Mvc.ActionResult`1[System.Collections.Generic.IEnumerable`1[eCommerce.Application.DTOs.Product.ProductDto]]] GetAllProducts() on controller eCommerce.Api.Controllers.v1.ProductsController (eCommerce.Api).
2026-05-11 17:57:18.479 +05:30 [INF] Executed DbCommand (10ms) [Parameters=[], CommandType='"Text"', CommandTimeout='30']
SELECT [p].[ProductId], [p].[CategoryId], [p].[Description], [p].[Discount], [p].[Gender], [p].[MadeIn], [p].[ManufacturingDate], [p].[Picture], [p].[ProductName], [p].[Quantity], [p].[ReturnPolicy], [p].[ShoeType], [p].[UnitPrice], [p].[WarrantyPeriod]
FROM [Products] AS [p]
2026-05-11 17:57:18.480 +05:30 [INF] Executing OkObjectResult, writing value of type 'System.Collections.Generic.List`1[[eCommerce.Application.DTOs.Product.ProductDto, eCommerce.Application, Version=1.0.0.0, Culture=neutral, PublicKeyToken=null]]'.
2026-05-11 17:57:18.495 +05:30 [INF] Executed action eCommerce.Api.Controllers.v1.ProductsController.GetAllProducts (eCommerce.Api) in 28.8178ms
2026-05-11 17:57:18.495 +05:30 [INF] Executed endpoint 'eCommerce.Api.Controllers.v1.ProductsController.GetAllProducts (eCommerce.Api)'
2026-05-11 17:57:18.496 +05:30 [INF] Request finished HTTP/2 GET https://localhost:7274/api/v1/products - 200 null application/json; charset=utf-8 32.9899ms
2026-05-11 17:57:32.504 +05:30 [INF] Request starting HTTP/2 GET https://localhost:7274/api/v1/products - null null
2026-05-11 17:57:32.504 +05:30 [INF] CORS policy execution successful.
2026-05-11 17:57:32.504 +05:30 [INF] Executing endpoint 'eCommerce.Api.Controllers.v1.ProductsController.GetAllProducts (eCommerce.Api)'
2026-05-11 17:57:32.505 +05:30 [INF] Route matched with {action = "GetAllProducts", controller = "Products"}. Executing controller action with signature System.Threading.Tasks.Task`1[Microsoft.AspNetCore.Mvc.ActionResult`1[System.Collections.Generic.IEnumerable`1[eCommerce.Application.DTOs.Product.ProductDto]]] GetAllProducts() on controller eCommerce.Api.Controllers.v1.ProductsController (eCommerce.Api).
2026-05-11 17:57:32.515 +05:30 [INF] Executed DbCommand (4ms) [Parameters=[], CommandType='"Text"', CommandTimeout='30']
SELECT [p].[ProductId], [p].[CategoryId], [p].[Description], [p].[Discount], [p].[Gender], [p].[MadeIn], [p].[ManufacturingDate], [p].[Picture], [p].[ProductName], [p].[Quantity], [p].[ReturnPolicy], [p].[ShoeType], [p].[UnitPrice], [p].[WarrantyPeriod]
FROM [Products] AS [p]
2026-05-11 17:57:32.522 +05:30 [INF] Executing OkObjectResult, writing value of type 'System.Collections.Generic.List`1[[eCommerce.Application.DTOs.Product.ProductDto, eCommerce.Application, Version=1.0.0.0, Culture=neutral, PublicKeyToken=null]]'.
2026-05-11 17:57:32.525 +05:30 [INF] Executed action eCommerce.Api.Controllers.v1.ProductsController.GetAllProducts (eCommerce.Api) in 20.0651ms
2026-05-11 17:57:32.525 +05:30 [INF] Executed endpoint 'eCommerce.Api.Controllers.v1.ProductsController.GetAllProducts (eCommerce.Api)'
2026-05-11 17:57:32.525 +05:30 [INF] Request finished HTTP/2 GET https://localhost:7274/api/v1/products - 200 null application/json; charset=utf-8 26.7333ms
2026-05-11 17:57:36.901 +05:30 [INF] Request starting HTTP/2 GET https://localhost:7274/api/v1/products - null null
2026-05-11 17:57:36.903 +05:30 [INF] CORS policy execution successful.
2026-05-11 17:57:36.903 +05:30 [INF] Executing endpoint 'eCommerce.Api.Controllers.v1.ProductsController.GetAllProducts (eCommerce.Api)'
2026-05-11 17:57:36.905 +05:30 [INF] Route matched with {action = "GetAllProducts", controller = "Products"}. Executing controller action with signature System.Threading.Tasks.Task`1[Microsoft.AspNetCore.Mvc.ActionResult`1[System.Collections.Generic.IEnumerable`1[eCommerce.Application.DTOs.Product.ProductDto]]] GetAllProducts() on controller eCommerce.Api.Controllers.v1.ProductsController (eCommerce.Api).
2026-05-11 17:57:36.921 +05:30 [INF] Executed DbCommand (4ms) [Parameters=[], CommandType='"Text"', CommandTimeout='30']
SELECT [p].[ProductId], [p].[CategoryId], [p].[Description], [p].[Discount], [p].[Gender], [p].[MadeIn], [p].[ManufacturingDate], [p].[Picture], [p].[ProductName], [p].[Quantity], [p].[ReturnPolicy], [p].[ShoeType], [p].[UnitPrice], [p].[WarrantyPeriod]
FROM [Products] AS [p]
2026-05-11 17:57:36.923 +05:30 [INF] Executing OkObjectResult, writing value of type 'System.Collections.Generic.List`1[[eCommerce.Application.DTOs.Product.ProductDto, eCommerce.Application, Version=1.0.0.0, Culture=neutral, PublicKeyToken=null]]'.
2026-05-11 17:57:36.926 +05:30 [INF] Executed action eCommerce.Api.Controllers.v1.ProductsController.GetAllProducts (eCommerce.Api) in 20.8684ms
2026-05-11 17:57:36.926 +05:30 [INF] Executed endpoint 'eCommerce.Api.Controllers.v1.ProductsController.GetAllProducts (eCommerce.Api)'
2026-05-11 17:57:36.927 +05:30 [INF] Request finished HTTP/2 GET https://localhost:7274/api/v1/products - 200 null application/json; charset=utf-8 26.8876ms
2026-05-11 17:58:07.995 +05:30 [INF] Request starting HTTP/2 GET https://localhost:7274/api/v1/products - null null
2026-05-11 17:58:07.999 +05:30 [INF] CORS policy execution successful.
2026-05-11 17:58:08.000 +05:30 [INF] Executing endpoint 'eCommerce.Api.Controllers.v1.ProductsController.GetAllProducts (eCommerce.Api)'
2026-05-11 17:58:08.000 +05:30 [INF] Route matched with {action = "GetAllProducts", controller = "Products"}. Executing controller action with signature System.Threading.Tasks.Task`1[Microsoft.AspNetCore.Mvc.ActionResult`1[System.Collections.Generic.IEnumerable`1[eCommerce.Application.DTOs.Product.ProductDto]]] GetAllProducts() on controller eCommerce.Api.Controllers.v1.ProductsController (eCommerce.Api).
2026-05-11 17:58:08.011 +05:30 [INF] Executed DbCommand (5ms) [Parameters=[], CommandType='"Text"', CommandTimeout='30']
SELECT [p].[ProductId], [p].[CategoryId], [p].[Description], [p].[Discount], [p].[Gender], [p].[MadeIn], [p].[ManufacturingDate], [p].[Picture], [p].[ProductName], [p].[Quantity], [p].[ReturnPolicy], [p].[ShoeType], [p].[UnitPrice], [p].[WarrantyPeriod]
FROM [Products] AS [p]
2026-05-11 17:58:08.015 +05:30 [INF] Executing OkObjectResult, writing value of type 'System.Collections.Generic.List`1[[eCommerce.Application.DTOs.Product.ProductDto, eCommerce.Application, Version=1.0.0.0, Culture=neutral, PublicKeyToken=null]]'.
2026-05-11 17:58:08.018 +05:30 [INF] Executed action eCommerce.Api.Controllers.v1.ProductsController.GetAllProducts (eCommerce.Api) in 17.9103ms
2026-05-11 17:58:08.018 +05:30 [INF] Executed endpoint 'eCommerce.Api.Controllers.v1.ProductsController.GetAllProducts (eCommerce.Api)'
2026-05-11 17:58:08.019 +05:30 [INF] Request finished HTTP/2 GET https://localhost:7274/api/v1/products - 200 null application/json; charset=utf-8 23.9623ms
2026-05-11 17:58:16.917 +05:30 [INF] Request starting HTTP/2 GET https://localhost:7274/api/v1/products - null null
2026-05-11 17:58:16.920 +05:30 [INF] CORS policy execution successful.
2026-05-11 17:58:16.922 +05:30 [INF] Executing endpoint 'eCommerce.Api.Controllers.v1.ProductsController.GetAllProducts (eCommerce.Api)'
2026-05-11 17:58:16.922 +05:30 [INF] Route matched with {action = "GetAllProducts", controller = "Products"}. Executing controller action with signature System.Threading.Tasks.Task`1[Microsoft.AspNetCore.Mvc.ActionResult`1[System.Collections.Generic.IEnumerable`1[eCommerce.Application.DTOs.Product.ProductDto]]] GetAllProducts() on controller eCommerce.Api.Controllers.v1.ProductsController (eCommerce.Api).
2026-05-11 17:58:16.932 +05:30 [INF] Executed DbCommand (6ms) [Parameters=[], CommandType='"Text"', CommandTimeout='30']
SELECT [p].[ProductId], [p].[CategoryId], [p].[Description], [p].[Discount], [p].[Gender], [p].[MadeIn], [p].[ManufacturingDate], [p].[Picture], [p].[ProductName], [p].[Quantity], [p].[ReturnPolicy], [p].[ShoeType], [p].[UnitPrice], [p].[WarrantyPeriod]
FROM [Products] AS [p]
2026-05-11 17:58:16.939 +05:30 [INF] Executing OkObjectResult, writing value of type 'System.Collections.Generic.List`1[[eCommerce.Application.DTOs.Product.ProductDto, eCommerce.Application, Version=1.0.0.0, Culture=neutral, PublicKeyToken=null]]'.
2026-05-11 17:58:16.942 +05:30 [INF] Executed action eCommerce.Api.Controllers.v1.ProductsController.GetAllProducts (eCommerce.Api) in 19.8825ms
2026-05-11 17:58:16.942 +05:30 [INF] Executed endpoint 'eCommerce.Api.Controllers.v1.ProductsController.GetAllProducts (eCommerce.Api)'
2026-05-11 17:58:16.944 +05:30 [INF] Request finished HTTP/2 GET https://localhost:7274/api/v1/products - 200 null application/json; charset=utf-8 28.8506ms
2026-05-11 17:58:29.797 +05:30 [INF] Request starting HTTP/2 GET https://localhost:7274/api/v1/products - null null
2026-05-11 17:58:29.798 +05:30 [INF] CORS policy execution successful.
2026-05-11 17:58:29.799 +05:30 [INF] Executing endpoint 'eCommerce.Api.Controllers.v1.ProductsController.GetAllProducts (eCommerce.Api)'
2026-05-11 17:58:29.799 +05:30 [INF] Route matched with {action = "GetAllProducts", controller = "Products"}. Executing controller action with signature System.Threading.Tasks.Task`1[Microsoft.AspNetCore.Mvc.ActionResult`1[System.Collections.Generic.IEnumerable`1[eCommerce.Application.DTOs.Product.ProductDto]]] GetAllProducts() on controller eCommerce.Api.Controllers.v1.ProductsController (eCommerce.Api).
2026-05-11 17:58:29.813 +05:30 [INF] Executed DbCommand (6ms) [Parameters=[], CommandType='"Text"', CommandTimeout='30']
SELECT [p].[ProductId], [p].[CategoryId], [p].[Description], [p].[Discount], [p].[Gender], [p].[MadeIn], [p].[ManufacturingDate], [p].[Picture], [p].[ProductName], [p].[Quantity], [p].[ReturnPolicy], [p].[ShoeType], [p].[UnitPrice], [p].[WarrantyPeriod]
FROM [Products] AS [p]
2026-05-11 17:58:29.814 +05:30 [INF] Executing OkObjectResult, writing value of type 'System.Collections.Generic.List`1[[eCommerce.Application.DTOs.Product.ProductDto, eCommerce.Application, Version=1.0.0.0, Culture=neutral, PublicKeyToken=null]]'.
2026-05-11 17:58:29.816 +05:30 [INF] Executed action eCommerce.Api.Controllers.v1.ProductsController.GetAllProducts (eCommerce.Api) in 17.3266ms
2026-05-11 17:58:29.816 +05:30 [INF] Executed endpoint 'eCommerce.Api.Controllers.v1.ProductsController.GetAllProducts (eCommerce.Api)'
2026-05-11 17:58:29.817 +05:30 [INF] Request finished HTTP/2 GET https://localhost:7274/api/v1/products - 200 null application/json; charset=utf-8 21.1681ms
2026-05-11 17:58:34.644 +05:30 [INF] Request starting HTTP/2 GET https://localhost:7274/api/v1/products - null null
2026-05-11 17:58:34.646 +05:30 [INF] CORS policy execution successful.
2026-05-11 17:58:34.646 +05:30 [INF] Executing endpoint 'eCommerce.Api.Controllers.v1.ProductsController.GetAllProducts (eCommerce.Api)'
2026-05-11 17:58:34.646 +05:30 [INF] Route matched with {action = "GetAllProducts", controller = "Products"}. Executing controller action with signature System.Threading.Tasks.Task`1[Microsoft.AspNetCore.Mvc.ActionResult`1[System.Collections.Generic.IEnumerable`1[eCommerce.Application.DTOs.Product.ProductDto]]] GetAllProducts() on controller eCommerce.Api.Controllers.v1.ProductsController (eCommerce.Api).
2026-05-11 17:58:34.656 +05:30 [INF] Executed DbCommand (6ms) [Parameters=[], CommandType='"Text"', CommandTimeout='30']
SELECT [p].[ProductId], [p].[CategoryId], [p].[Description], [p].[Discount], [p].[Gender], [p].[MadeIn], [p].[ManufacturingDate], [p].[Picture], [p].[ProductName], [p].[Quantity], [p].[ReturnPolicy], [p].[ShoeType], [p].[UnitPrice], [p].[WarrantyPeriod]
FROM [Products] AS [p]
2026-05-11 17:58:34.661 +05:30 [INF] Executing OkObjectResult, writing value of type 'System.Collections.Generic.List`1[[eCommerce.Application.DTOs.Product.ProductDto, eCommerce.Application, Version=1.0.0.0, Culture=neutral, PublicKeyToken=null]]'.
2026-05-11 17:58:34.666 +05:30 [INF] Executed action eCommerce.Api.Controllers.v1.ProductsController.GetAllProducts (eCommerce.Api) in 19.7918ms
2026-05-11 17:58:34.667 +05:30 [INF] Executed endpoint 'eCommerce.Api.Controllers.v1.ProductsController.GetAllProducts (eCommerce.Api)'
2026-05-11 17:58:34.669 +05:30 [INF] Request finished HTTP/2 GET https://localhost:7274/api/v1/products - 200 null application/json; charset=utf-8 26.3264ms
2026-05-11 17:59:15.343 +05:30 [INF] Request starting HTTP/2 GET https://localhost:7274/api/v1/products - null null
2026-05-11 17:59:15.346 +05:30 [INF] CORS policy execution successful.
2026-05-11 17:59:15.347 +05:30 [INF] Executing endpoint 'eCommerce.Api.Controllers.v1.ProductsController.GetAllProducts (eCommerce.Api)'
2026-05-11 17:59:15.347 +05:30 [INF] Route matched with {action = "GetAllProducts", controller = "Products"}. Executing controller action with signature System.Threading.Tasks.Task`1[Microsoft.AspNetCore.Mvc.ActionResult`1[System.Collections.Generic.IEnumerable`1[eCommerce.Application.DTOs.Product.ProductDto]]] GetAllProducts() on controller eCommerce.Api.Controllers.v1.ProductsController (eCommerce.Api).
2026-05-11 17:59:15.355 +05:30 [INF] Executed DbCommand (5ms) [Parameters=[], CommandType='"Text"', CommandTimeout='30']
SELECT [p].[ProductId], [p].[CategoryId], [p].[Description], [p].[Discount], [p].[Gender], [p].[MadeIn], [p].[ManufacturingDate], [p].[Picture], [p].[ProductName], [p].[Quantity], [p].[ReturnPolicy], [p].[ShoeType], [p].[UnitPrice], [p].[WarrantyPeriod]
FROM [Products] AS [p]
2026-05-11 17:59:15.357 +05:30 [INF] Executing OkObjectResult, writing value of type 'System.Collections.Generic.List`1[[eCommerce.Application.DTOs.Product.ProductDto, eCommerce.Application, Version=1.0.0.0, Culture=neutral, PublicKeyToken=null]]'.
2026-05-11 17:59:15.363 +05:30 [INF] Executed action eCommerce.Api.Controllers.v1.ProductsController.GetAllProducts (eCommerce.Api) in 16.4122ms
2026-05-11 17:59:15.363 +05:30 [INF] Executed endpoint 'eCommerce.Api.Controllers.v1.ProductsController.GetAllProducts (eCommerce.Api)'
2026-05-11 17:59:15.369 +05:30 [INF] Request finished HTTP/2 GET https://localhost:7274/api/v1/products - 200 null application/json; charset=utf-8 21.0428ms
2026-05-11 18:03:54.953 +05:30 [INF] Request starting HTTP/2 GET https://localhost:7274/api/v1/products - null null
2026-05-11 18:03:55.049 +05:30 [INF] CORS policy execution successful.
2026-05-11 18:03:55.065 +05:30 [INF] Executing endpoint 'eCommerce.Api.Controllers.v1.ProductsController.GetAllProducts (eCommerce.Api)'
2026-05-11 18:03:55.080 +05:30 [INF] Route matched with {action = "GetAllProducts", controller = "Products"}. Executing controller action with signature System.Threading.Tasks.Task`1[Microsoft.AspNetCore.Mvc.ActionResult`1[System.Collections.Generic.IEnumerable`1[eCommerce.Application.DTOs.Product.ProductDto]]] GetAllProducts() on controller eCommerce.Api.Controllers.v1.ProductsController (eCommerce.Api).
2026-05-11 18:03:55.235 +05:30 [INF] Executed DbCommand (84ms) [Parameters=[], CommandType='"Text"', CommandTimeout='30']
SELECT [p].[ProductId], [p].[CategoryId], [p].[Description], [p].[Discount], [p].[Gender], [p].[MadeIn], [p].[ManufacturingDate], [p].[Picture], [p].[ProductName], [p].[Quantity], [p].[ReturnPolicy], [p].[ShoeType], [p].[UnitPrice], [p].[WarrantyPeriod]
FROM [Products] AS [p]
2026-05-11 18:03:55.259 +05:30 [INF] Executing OkObjectResult, writing value of type 'System.Collections.Generic.List`1[[eCommerce.Application.DTOs.Product.ProductDto, eCommerce.Application, Version=1.0.0.0, Culture=neutral, PublicKeyToken=null]]'.
2026-05-11 18:03:55.276 +05:30 [INF] Executed action eCommerce.Api.Controllers.v1.ProductsController.GetAllProducts (eCommerce.Api) in 194.9193ms
2026-05-11 18:03:55.277 +05:30 [INF] Executed endpoint 'eCommerce.Api.Controllers.v1.ProductsController.GetAllProducts (eCommerce.Api)'
2026-05-11 18:03:55.280 +05:30 [INF] Request finished HTTP/2 GET https://localhost:7274/api/v1/products - 200 null application/json; charset=utf-8 386.4719ms
2026-05-11 18:04:01.810 +05:30 [INF] Request starting HTTP/2 GET https://localhost:7274/api/v1/products - null null
2026-05-11 18:04:01.811 +05:30 [INF] CORS policy execution successful.
2026-05-11 18:04:01.811 +05:30 [INF] Executing endpoint 'eCommerce.Api.Controllers.v1.ProductsController.GetAllProducts (eCommerce.Api)'
2026-05-11 18:04:01.812 +05:30 [INF] Route matched with {action = "GetAllProducts", controller = "Products"}. Executing controller action with signature System.Threading.Tasks.Task`1[Microsoft.AspNetCore.Mvc.ActionResult`1[System.Collections.Generic.IEnumerable`1[eCommerce.Application.DTOs.Product.ProductDto]]] GetAllProducts() on controller eCommerce.Api.Controllers.v1.ProductsController (eCommerce.Api).
2026-05-11 18:04:01.830 +05:30 [INF] Executed DbCommand (4ms) [Parameters=[], CommandType='"Text"', CommandTimeout='30']
SELECT [p].[ProductId], [p].[CategoryId], [p].[Description], [p].[Discount], [p].[Gender], [p].[MadeIn], [p].[ManufacturingDate], [p].[Picture], [p].[ProductName], [p].[Quantity], [p].[ReturnPolicy], [p].[ShoeType], [p].[UnitPrice], [p].[WarrantyPeriod]
FROM [Products] AS [p]
2026-05-11 18:04:01.831 +05:30 [INF] Executing OkObjectResult, writing value of type 'System.Collections.Generic.List`1[[eCommerce.Application.DTOs.Product.ProductDto, eCommerce.Application, Version=1.0.0.0, Culture=neutral, PublicKeyToken=null]]'.
2026-05-11 18:04:01.833 +05:30 [INF] Executed action eCommerce.Api.Controllers.v1.ProductsController.GetAllProducts (eCommerce.Api) in 21.0786ms
2026-05-11 18:04:01.833 +05:30 [INF] Executed endpoint 'eCommerce.Api.Controllers.v1.ProductsController.GetAllProducts (eCommerce.Api)'
2026-05-11 18:04:01.834 +05:30 [INF] Request finished HTTP/2 GET https://localhost:7274/api/v1/products - 200 null application/json; charset=utf-8 23.9629ms
2026-05-11 18:04:41.189 +05:30 [INF] Request starting HTTP/2 GET https://localhost:7274/api/v1/products - null null
2026-05-11 18:04:41.190 +05:30 [INF] CORS policy execution successful.
2026-05-11 18:04:41.190 +05:30 [INF] Executing endpoint 'eCommerce.Api.Controllers.v1.ProductsController.GetAllProducts (eCommerce.Api)'
2026-05-11 18:04:41.190 +05:30 [INF] Route matched with {action = "GetAllProducts", controller = "Products"}. Executing controller action with signature System.Threading.Tasks.Task`1[Microsoft.AspNetCore.Mvc.ActionResult`1[System.Collections.Generic.IEnumerable`1[eCommerce.Application.DTOs.Product.ProductDto]]] GetAllProducts() on controller eCommerce.Api.Controllers.v1.ProductsController (eCommerce.Api).
2026-05-11 18:04:41.205 +05:30 [INF] Executed DbCommand (4ms) [Parameters=[], CommandType='"Text"', CommandTimeout='30']
SELECT [p].[ProductId], [p].[CategoryId], [p].[Description], [p].[Discount], [p].[Gender], [p].[MadeIn], [p].[ManufacturingDate], [p].[Picture], [p].[ProductName], [p].[Quantity], [p].[ReturnPolicy], [p].[ShoeType], [p].[UnitPrice], [p].[WarrantyPeriod]
FROM [Products] AS [p]
2026-05-11 18:04:41.207 +05:30 [INF] Executing OkObjectResult, writing value of type 'System.Collections.Generic.List`1[[eCommerce.Application.DTOs.Product.ProductDto, eCommerce.Application, Version=1.0.0.0, Culture=neutral, PublicKeyToken=null]]'.
2026-05-11 18:04:41.209 +05:30 [INF] Executed action eCommerce.Api.Controllers.v1.ProductsController.GetAllProducts (eCommerce.Api) in 18.447ms
2026-05-11 18:04:41.209 +05:30 [INF] Executed endpoint 'eCommerce.Api.Controllers.v1.ProductsController.GetAllProducts (eCommerce.Api)'
2026-05-11 18:04:41.209 +05:30 [INF] Request finished HTTP/2 GET https://localhost:7274/api/v1/products - 200 null application/json; charset=utf-8 20.3847ms
2026-05-11 18:05:06.156 +05:30 [INF] Request starting HTTP/2 GET https://localhost:7274/api/v1/Categories - null null
2026-05-11 18:05:06.192 +05:30 [INF] CORS policy execution successful.
2026-05-11 18:05:06.193 +05:30 [INF] Executing endpoint 'eCommerce.Api.Controllers.v1.CategoriesController.GetAllAsync (eCommerce.Api)'
2026-05-11 18:05:06.196 +05:30 [INF] Route matched with {action = "GetAll", controller = "Categories"}. Executing controller action with signature System.Threading.Tasks.Task`1[Microsoft.AspNetCore.Mvc.ActionResult`1[System.Collections.Generic.IEnumerable`1[eCommerce.Application.DTOs.Category.CategoryDto]]] GetAllAsync() on controller eCommerce.Api.Controllers.v1.CategoriesController (eCommerce.Api).
2026-05-11 18:05:06.198 +05:30 [INF] Get all categories
2026-05-11 18:05:06.237 +05:30 [INF] Executed DbCommand (21ms) [Parameters=[], CommandType='"Text"', CommandTimeout='30']
SELECT [c].[CategoryId], [c].[CategoryName], [c].[Description]
FROM [Categories] AS [c]
2026-05-11 18:05:06.248 +05:30 [INF] Executing OkObjectResult, writing value of type 'System.Collections.Generic.List`1[[eCommerce.Application.DTOs.Category.CategoryDto, eCommerce.Application, Version=1.0.0.0, Culture=neutral, PublicKeyToken=null]]'.
2026-05-11 18:05:06.249 +05:30 [INF] Executed action eCommerce.Api.Controllers.v1.CategoriesController.GetAllAsync (eCommerce.Api) in 53.07ms
2026-05-11 18:05:06.249 +05:30 [INF] Executed endpoint 'eCommerce.Api.Controllers.v1.CategoriesController.GetAllAsync (eCommerce.Api)'
2026-05-11 18:05:06.250 +05:30 [INF] Request finished HTTP/2 GET https://localhost:7274/api/v1/Categories - 200 null application/json; charset=utf-8 94.0209ms
2026-05-11 18:06:34.970 +05:30 [INF] Request starting HTTP/2 GET https://localhost:7274/api/v1/Categories - null null
2026-05-11 18:06:34.981 +05:30 [INF] CORS policy execution successful.
2026-05-11 18:06:34.982 +05:30 [INF] Executing endpoint 'eCommerce.Api.Controllers.v1.CategoriesController.GetAllAsync (eCommerce.Api)'
2026-05-11 18:06:34.984 +05:30 [INF] Route matched with {action = "GetAll", controller = "Categories"}. Executing controller action with signature System.Threading.Tasks.Task`1[Microsoft.AspNetCore.Mvc.ActionResult`1[System.Collections.Generic.IEnumerable`1[eCommerce.Application.DTOs.Category.CategoryDto]]] GetAllAsync() on controller eCommerce.Api.Controllers.v1.CategoriesController (eCommerce.Api).
2026-05-11 18:06:34.989 +05:30 [INF] Get all categories
2026-05-11 18:06:35.017 +05:30 [INF] Executed DbCommand (15ms) [Parameters=[], CommandType='"Text"', CommandTimeout='30']
SELECT [c].[CategoryId], [c].[CategoryName], [c].[Description]
FROM [Categories] AS [c]
2026-05-11 18:06:35.021 +05:30 [INF] Executing OkObjectResult, writing value of type 'System.Collections.Generic.List`1[[eCommerce.Application.DTOs.Category.CategoryDto, eCommerce.Application, Version=1.0.0.0, Culture=neutral, PublicKeyToken=null]]'.
2026-05-11 18:06:35.024 +05:30 [INF] Executed action eCommerce.Api.Controllers.v1.CategoriesController.GetAllAsync (eCommerce.Api) in 39.456ms
2026-05-11 18:06:35.024 +05:30 [INF] Executed endpoint 'eCommerce.Api.Controllers.v1.CategoriesController.GetAllAsync (eCommerce.Api)'
2026-05-11 18:06:35.024 +05:30 [INF] Request finished HTTP/2 GET https://localhost:7274/api/v1/Categories - 200 null application/json; charset=utf-8 55.7523ms
2026-05-11 18:06:38.814 +05:30 [INF] Request starting HTTP/2 GET https://localhost:7274/api/v1/Categories - null null
2026-05-11 18:06:38.821 +05:30 [INF] CORS policy execution successful.
2026-05-11 18:06:38.825 +05:30 [INF] Executing endpoint 'eCommerce.Api.Controllers.v1.CategoriesController.GetAllAsync (eCommerce.Api)'
2026-05-11 18:06:38.826 +05:30 [INF] Route matched with {action = "GetAll", controller = "Categories"}. Executing controller action with signature System.Threading.Tasks.Task`1[Microsoft.AspNetCore.Mvc.ActionResult`1[System.Collections.Generic.IEnumerable`1[eCommerce.Application.DTOs.Category.CategoryDto]]] GetAllAsync() on controller eCommerce.Api.Controllers.v1.CategoriesController (eCommerce.Api).
2026-05-11 18:06:38.827 +05:30 [INF] Get all categories
2026-05-11 18:06:38.827 +05:30 [INF] Executing OkObjectResult, writing value of type 'System.Collections.Generic.List`1[[eCommerce.Application.DTOs.Category.CategoryDto, eCommerce.Application, Version=1.0.0.0, Culture=neutral, PublicKeyToken=null]]'.
2026-05-11 18:06:38.829 +05:30 [INF] Executed action eCommerce.Api.Controllers.v1.CategoriesController.GetAllAsync (eCommerce.Api) in 2.4822ms
2026-05-11 18:06:38.829 +05:30 [INF] Executed endpoint 'eCommerce.Api.Controllers.v1.CategoriesController.GetAllAsync (eCommerce.Api)'
2026-05-11 18:06:38.829 +05:30 [INF] Request finished HTTP/2 GET https://localhost:7274/api/v1/Categories - 200 null application/json; charset=utf-8 15.3734ms
2026-05-11 18:06:54.441 +05:30 [INF] Request starting HTTP/2 GET https://localhost:7274/api/v1/Categories - null null
2026-05-11 18:06:54.443 +05:30 [INF] CORS policy execution successful.
2026-05-11 18:06:54.443 +05:30 [INF] Executing endpoint 'eCommerce.Api.Controllers.v1.CategoriesController.GetAllAsync (eCommerce.Api)'
2026-05-11 18:06:54.444 +05:30 [INF] Route matched with {action = "GetAll", controller = "Categories"}. Executing controller action with signature System.Threading.Tasks.Task`1[Microsoft.AspNetCore.Mvc.ActionResult`1[System.Collections.Generic.IEnumerable`1[eCommerce.Application.DTOs.Category.CategoryDto]]] GetAllAsync() on controller eCommerce.Api.Controllers.v1.CategoriesController (eCommerce.Api).
2026-05-11 18:06:54.444 +05:30 [INF] Get all categories
2026-05-11 18:06:54.444 +05:30 [INF] Executing OkObjectResult, writing value of type 'System.Collections.Generic.List`1[[eCommerce.Application.DTOs.Category.CategoryDto, eCommerce.Application, Version=1.0.0.0, Culture=neutral, PublicKeyToken=null]]'.
2026-05-11 18:06:54.445 +05:30 [INF] Executed action eCommerce.Api.Controllers.v1.CategoriesController.GetAllAsync (eCommerce.Api) in 1.19ms
2026-05-11 18:06:54.445 +05:30 [INF] Executed endpoint 'eCommerce.Api.Controllers.v1.CategoriesController.GetAllAsync (eCommerce.Api)'
2026-05-11 18:06:54.445 +05:30 [INF] Request finished HTTP/2 GET https://localhost:7274/api/v1/Categories - 200 null application/json; charset=utf-8 3.9684ms
2026-05-11 18:07:00.557 +05:30 [INF] Request starting HTTP/2 GET https://localhost:7274/api/v1/Categories - null null
2026-05-11 18:07:00.559 +05:30 [INF] CORS policy execution successful.
2026-05-11 18:07:00.559 +05:30 [INF] Executing endpoint 'eCommerce.Api.Controllers.v1.CategoriesController.GetAllAsync (eCommerce.Api)'
2026-05-11 18:07:00.559 +05:30 [INF] Route matched with {action = "GetAll", controller = "Categories"}. Executing controller action with signature System.Threading.Tasks.Task`1[Microsoft.AspNetCore.Mvc.ActionResult`1[System.Collections.Generic.IEnumerable`1[eCommerce.Application.DTOs.Category.CategoryDto]]] GetAllAsync() on controller eCommerce.Api.Controllers.v1.CategoriesController (eCommerce.Api).
2026-05-11 18:07:00.560 +05:30 [INF] Get all categories
2026-05-11 18:07:00.560 +05:30 [INF] Executing OkObjectResult, writing value of type 'System.Collections.Generic.List`1[[eCommerce.Application.DTOs.Category.CategoryDto, eCommerce.Application, Version=1.0.0.0, Culture=neutral, PublicKeyToken=null]]'.
2026-05-11 18:07:00.561 +05:30 [INF] Executed action eCommerce.Api.Controllers.v1.CategoriesController.GetAllAsync (eCommerce.Api) in 1.0266ms
2026-05-11 18:07:00.561 +05:30 [INF] Executed endpoint 'eCommerce.Api.Controllers.v1.CategoriesController.GetAllAsync (eCommerce.Api)'
2026-05-11 18:07:00.561 +05:30 [INF] Request finished HTTP/2 GET https://localhost:7274/api/v1/Categories - 200 null application/json; charset=utf-8 4.4024ms
2026-05-11 18:07:03.480 +05:30 [INF] Request starting HTTP/2 GET https://localhost:7274/api/v1/Categories/1 - null null
2026-05-11 18:07:03.501 +05:30 [INF] CORS policy execution successful.
2026-05-11 18:07:03.501 +05:30 [INF] Executing endpoint 'eCommerce.Api.Controllers.v1.CategoriesController.GetById (eCommerce.Api)'
2026-05-11 18:07:03.684 +05:30 [INF] Route matched with {action = "GetById", controller = "Categories"}. Executing controller action with signature System.Threading.Tasks.Task`1[Microsoft.AspNetCore.Mvc.ActionResult`1[eCommerce.Application.DTOs.Category.CategoryDto]] GetById(Int32) on controller eCommerce.Api.Controllers.v1.CategoriesController (eCommerce.Api).
2026-05-11 18:07:03.872 +05:30 [INF] Fetching category 1
2026-05-11 18:07:04.680 +05:30 [INF] Executed DbCommand (207ms) [Parameters=[@__p_0='?' (DbType = Int32)], CommandType='"Text"', CommandTimeout='30']
SELECT TOP(1) [c].[CategoryId], [c].[CategoryName], [c].[Description]
FROM [Categories] AS [c]
WHERE [c].[CategoryId] = @__p_0
2026-05-11 18:07:04.703 +05:30 [INF] Executing OkObjectResult, writing value of type 'eCommerce.Application.DTOs.Category.CategoryDto'.
2026-05-11 18:07:04.706 +05:30 [INF] Executed action eCommerce.Api.Controllers.v1.CategoriesController.GetById (eCommerce.Api) in 1021.5711ms
2026-05-11 18:07:04.706 +05:30 [INF] Executed endpoint 'eCommerce.Api.Controllers.v1.CategoriesController.GetById (eCommerce.Api)'
2026-05-11 18:07:04.706 +05:30 [INF] Request finished HTTP/2 GET https://localhost:7274/api/v1/Categories/1 - 200 null application/json; charset=utf-8 1227.175ms
2026-05-11 18:07:07.271 +05:30 [INF] Request starting HTTP/2 GET https://localhost:7274/api/v1/Categories/2 - null null
2026-05-11 18:07:07.272 +05:30 [INF] CORS policy execution successful.
2026-05-11 18:07:07.272 +05:30 [INF] Executing endpoint 'eCommerce.Api.Controllers.v1.CategoriesController.GetById (eCommerce.Api)'
2026-05-11 18:07:07.272 +05:30 [INF] Route matched with {action = "GetById", controller = "Categories"}. Executing controller action with signature System.Threading.Tasks.Task`1[Microsoft.AspNetCore.Mvc.ActionResult`1[eCommerce.Application.DTOs.Category.CategoryDto]] GetById(Int32) on controller eCommerce.Api.Controllers.v1.CategoriesController (eCommerce.Api).
2026-05-11 18:07:07.278 +05:30 [INF] Fetching category 2
2026-05-11 18:07:07.295 +05:30 [INF] Executed DbCommand (4ms) [Parameters=[@__p_0='?' (DbType = Int32)], CommandType='"Text"', CommandTimeout='30']
SELECT TOP(1) [c].[CategoryId], [c].[CategoryName], [c].[Description]
FROM [Categories] AS [c]
WHERE [c].[CategoryId] = @__p_0
2026-05-11 18:07:07.296 +05:30 [INF] Executing OkObjectResult, writing value of type 'eCommerce.Application.DTOs.Category.CategoryDto'.
2026-05-11 18:07:07.296 +05:30 [INF] Executed action eCommerce.Api.Controllers.v1.CategoriesController.GetById (eCommerce.Api) in 24.2883ms
2026-05-11 18:07:07.297 +05:30 [INF] Executed endpoint 'eCommerce.Api.Controllers.v1.CategoriesController.GetById (eCommerce.Api)'
2026-05-11 18:07:07.297 +05:30 [INF] Request finished HTTP/2 GET https://localhost:7274/api/v1/Categories/2 - 200 null application/json; charset=utf-8 27.7527ms
2026-05-11 18:07:09.073 +05:30 [INF] Request starting HTTP/2 GET https://localhost:7274/api/v1/Categories - null null
2026-05-11 18:07:09.076 +05:30 [INF] CORS policy execution successful.
2026-05-11 18:07:09.077 +05:30 [INF] Executing endpoint 'eCommerce.Api.Controllers.v1.CategoriesController.GetAllAsync (eCommerce.Api)'
2026-05-11 18:07:09.077 +05:30 [INF] Route matched with {action = "GetAll", controller = "Categories"}. Executing controller action with signature System.Threading.Tasks.Task`1[Microsoft.AspNetCore.Mvc.ActionResult`1[System.Collections.Generic.IEnumerable`1[eCommerce.Application.DTOs.Category.CategoryDto]]] GetAllAsync() on controller eCommerce.Api.Controllers.v1.CategoriesController (eCommerce.Api).
2026-05-11 18:07:09.079 +05:30 [INF] Get all categories
2026-05-11 18:07:09.079 +05:30 [INF] Executing OkObjectResult, writing value of type 'System.Collections.Generic.List`1[[eCommerce.Application.DTOs.Category.CategoryDto, eCommerce.Application, Version=1.0.0.0, Culture=neutral, PublicKeyToken=null]]'.
2026-05-11 18:07:09.080 +05:30 [INF] Executed action eCommerce.Api.Controllers.v1.CategoriesController.GetAllAsync (eCommerce.Api) in 3.4225ms
2026-05-11 18:07:09.081 +05:30 [INF] Executed endpoint 'eCommerce.Api.Controllers.v1.CategoriesController.GetAllAsync (eCommerce.Api)'
2026-05-11 18:07:09.083 +05:30 [INF] Request finished HTTP/2 GET https://localhost:7274/api/v1/Categories - 200 null application/json; charset=utf-8 9.4348ms
2026-05-11 18:07:10.472 +05:30 [INF] Request starting HTTP/2 GET https://localhost:7274/api/v1/Categories/1 - null null
2026-05-11 18:07:10.474 +05:30 [INF] CORS policy execution successful.
2026-05-11 18:07:10.474 +05:30 [INF] Executing endpoint 'eCommerce.Api.Controllers.v1.CategoriesController.GetById (eCommerce.Api)'
2026-05-11 18:07:10.475 +05:30 [INF] Route matched with {action = "GetById", controller = "Categories"}. Executing controller action with signature System.Threading.Tasks.Task`1[Microsoft.AspNetCore.Mvc.ActionResult`1[eCommerce.Application.DTOs.Category.CategoryDto]] GetById(Int32) on controller eCommerce.Api.Controllers.v1.CategoriesController (eCommerce.Api).
2026-05-11 18:07:10.475 +05:30 [INF] Fetching category 1
2026-05-11 18:07:10.480 +05:30 [INF] Executed DbCommand (2ms) [Parameters=[@__p_0='?' (DbType = Int32)], CommandType='"Text"', CommandTimeout='30']
SELECT TOP(1) [c].[CategoryId], [c].[CategoryName], [c].[Description]
FROM [Categories] AS [c]
WHERE [c].[CategoryId] = @__p_0
2026-05-11 18:07:10.482 +05:30 [INF] Executing OkObjectResult, writing value of type 'eCommerce.Application.DTOs.Category.CategoryDto'.
2026-05-11 18:07:10.484 +05:30 [INF] Executed action eCommerce.Api.Controllers.v1.CategoriesController.GetById (eCommerce.Api) in 9.4997ms
2026-05-11 18:07:10.484 +05:30 [INF] Executed endpoint 'eCommerce.Api.Controllers.v1.CategoriesController.GetById (eCommerce.Api)'
2026-05-11 18:07:10.485 +05:30 [INF] Request finished HTTP/2 GET https://localhost:7274/api/v1/Categories/1 - 200 null application/json; charset=utf-8 14.0605ms
2026-05-11 18:08:27.137 +05:30 [INF] Request starting HTTP/2 GET https://localhost:7274/api/v1/Categories/2 - null null
2026-05-11 18:08:27.142 +05:30 [INF] CORS policy execution successful.
2026-05-11 18:08:27.143 +05:30 [INF] Executing endpoint 'eCommerce.Api.Controllers.v1.CategoriesController.GetById (eCommerce.Api)'
2026-05-11 18:08:27.153 +05:30 [INF] Route matched with {action = "GetById", controller = "Categories"}. Executing controller action with signature System.Threading.Tasks.Task`1[Microsoft.AspNetCore.Mvc.ActionResult`1[eCommerce.Application.DTOs.Category.CategoryDto]] GetById(Int32) on controller eCommerce.Api.Controllers.v1.CategoriesController (eCommerce.Api).
2026-05-11 18:08:27.154 +05:30 [INF] Fetching category 2
2026-05-11 18:08:27.173 +05:30 [INF] Executed DbCommand (8ms) [Parameters=[@__p_0='?' (DbType = Int32)], CommandType='"Text"', CommandTimeout='30']
SELECT TOP(1) [c].[CategoryId], [c].[CategoryName], [c].[Description]
FROM [Categories] AS [c]
WHERE [c].[CategoryId] = @__p_0
2026-05-11 18:08:27.175 +05:30 [INF] Executing OkObjectResult, writing value of type 'eCommerce.Application.DTOs.Category.CategoryDto'.
2026-05-11 18:08:27.176 +05:30 [INF] Executed action eCommerce.Api.Controllers.v1.CategoriesController.GetById (eCommerce.Api) in 22.8942ms
2026-05-11 18:08:27.176 +05:30 [INF] Executed endpoint 'eCommerce.Api.Controllers.v1.CategoriesController.GetById (eCommerce.Api)'
2026-05-11 18:08:27.176 +05:30 [INF] Request finished HTTP/2 GET https://localhost:7274/api/v1/Categories/2 - 200 null application/json; charset=utf-8 39.9933ms
2026-05-11 18:08:28.320 +05:30 [INF] Request starting HTTP/2 GET https://localhost:7274/api/v1/Categories/1 - null null
2026-05-11 18:08:28.321 +05:30 [INF] CORS policy execution successful.
2026-05-11 18:08:28.321 +05:30 [INF] Executing endpoint 'eCommerce.Api.Controllers.v1.CategoriesController.GetById (eCommerce.Api)'
2026-05-11 18:08:28.321 +05:30 [INF] Route matched with {action = "GetById", controller = "Categories"}. Executing controller action with signature System.Threading.Tasks.Task`1[Microsoft.AspNetCore.Mvc.ActionResult`1[eCommerce.Application.DTOs.Category.CategoryDto]] GetById(Int32) on controller eCommerce.Api.Controllers.v1.CategoriesController (eCommerce.Api).
2026-05-11 18:08:28.323 +05:30 [INF] Fetching category 1
2026-05-11 18:08:28.394 +05:30 [INF] Executed DbCommand (7ms) [Parameters=[@__p_0='?' (DbType = Int32)], CommandType='"Text"', CommandTimeout='30']
SELECT TOP(1) [c].[CategoryId], [c].[CategoryName], [c].[Description]
FROM [Categories] AS [c]
WHERE [c].[CategoryId] = @__p_0
2026-05-11 18:08:28.397 +05:30 [INF] Executing OkObjectResult, writing value of type 'eCommerce.Application.DTOs.Category.CategoryDto'.
2026-05-11 18:08:28.404 +05:30 [INF] Executed action eCommerce.Api.Controllers.v1.CategoriesController.GetById (eCommerce.Api) in 81.5968ms
2026-05-11 18:08:28.404 +05:30 [INF] Executed endpoint 'eCommerce.Api.Controllers.v1.CategoriesController.GetById (eCommerce.Api)'
2026-05-11 18:08:28.404 +05:30 [INF] Request finished HTTP/2 GET https://localhost:7274/api/v1/Categories/1 - 200 null application/json; charset=utf-8 85.0289ms
2026-05-11 18:08:30.116 +05:30 [INF] Request starting HTTP/2 GET https://localhost:7274/api/v1/Categories/1002 - null null
2026-05-11 18:08:30.118 +05:30 [INF] CORS policy execution successful.
2026-05-11 18:08:30.119 +05:30 [INF] Executing endpoint 'eCommerce.Api.Controllers.v1.CategoriesController.GetById (eCommerce.Api)'
2026-05-11 18:08:30.130 +05:30 [INF] Route matched with {action = "GetById", controller = "Categories"}. Executing controller action with signature System.Threading.Tasks.Task`1[Microsoft.AspNetCore.Mvc.ActionResult`1[eCommerce.Application.DTOs.Category.CategoryDto]] GetById(Int32) on controller eCommerce.Api.Controllers.v1.CategoriesController (eCommerce.Api).
2026-05-11 18:08:30.131 +05:30 [INF] Fetching category 1002
2026-05-11 18:08:30.138 +05:30 [INF] Executed DbCommand (3ms) [Parameters=[@__p_0='?' (DbType = Int32)], CommandType='"Text"', CommandTimeout='30']
SELECT TOP(1) [c].[CategoryId], [c].[CategoryName], [c].[Description]
FROM [Categories] AS [c]
WHERE [c].[CategoryId] = @__p_0
2026-05-11 18:08:30.139 +05:30 [INF] Executing OkObjectResult, writing value of type 'eCommerce.Application.DTOs.Category.CategoryDto'.
2026-05-11 18:08:30.140 +05:30 [INF] Executed action eCommerce.Api.Controllers.v1.CategoriesController.GetById (eCommerce.Api) in 10.4983ms
2026-05-11 18:08:30.140 +05:30 [INF] Executed endpoint 'eCommerce.Api.Controllers.v1.CategoriesController.GetById (eCommerce.Api)'
2026-05-11 18:08:30.140 +05:30 [INF] Request finished HTTP/2 GET https://localhost:7274/api/v1/Categories/1002 - 200 null application/json; charset=utf-8 25.2297ms
2026-05-11 18:08:31.172 +05:30 [INF] Request starting HTTP/2 GET https://localhost:7274/api/v1/Categories/1003 - null null
2026-05-11 18:08:31.173 +05:30 [INF] CORS policy execution successful.
2026-05-11 18:08:31.174 +05:30 [INF] Executing endpoint 'eCommerce.Api.Controllers.v1.CategoriesController.GetById (eCommerce.Api)'
2026-05-11 18:08:31.174 +05:30 [INF] Route matched with {action = "GetById", controller = "Categories"}. Executing controller action with signature System.Threading.Tasks.Task`1[Microsoft.AspNetCore.Mvc.ActionResult`1[eCommerce.Application.DTOs.Category.CategoryDto]] GetById(Int32) on controller eCommerce.Api.Controllers.v1.CategoriesController (eCommerce.Api).
2026-05-11 18:08:31.175 +05:30 [INF] Fetching category 1003
2026-05-11 18:08:31.188 +05:30 [INF] Executed DbCommand (8ms) [Parameters=[@__p_0='?' (DbType = Int32)], CommandType='"Text"', CommandTimeout='30']
SELECT TOP(1) [c].[CategoryId], [c].[CategoryName], [c].[Description]
FROM [Categories] AS [c]
WHERE [c].[CategoryId] = @__p_0
2026-05-11 18:08:31.191 +05:30 [INF] Executing OkObjectResult, writing value of type 'eCommerce.Application.DTOs.Category.CategoryDto'.
2026-05-11 18:08:31.193 +05:30 [INF] Executed action eCommerce.Api.Controllers.v1.CategoriesController.GetById (eCommerce.Api) in 18.4554ms
2026-05-11 18:08:31.193 +05:30 [INF] Executed endpoint 'eCommerce.Api.Controllers.v1.CategoriesController.GetById (eCommerce.Api)'
2026-05-11 18:08:31.193 +05:30 [INF] Request finished HTTP/2 GET https://localhost:7274/api/v1/Categories/1003 - 200 null application/json; charset=utf-8 23.0872ms
2026-05-11 18:08:32.518 +05:30 [INF] Request starting HTTP/2 GET https://localhost:7274/api/v1/Categories/1004 - null null
2026-05-11 18:08:32.519 +05:30 [INF] CORS policy execution successful.
2026-05-11 18:08:32.519 +05:30 [INF] Executing endpoint 'eCommerce.Api.Controllers.v1.CategoriesController.GetById (eCommerce.Api)'
2026-05-11 18:08:32.519 +05:30 [INF] Route matched with {action = "GetById", controller = "Categories"}. Executing controller action with signature System.Threading.Tasks.Task`1[Microsoft.AspNetCore.Mvc.ActionResult`1[eCommerce.Application.DTOs.Category.CategoryDto]] GetById(Int32) on controller eCommerce.Api.Controllers.v1.CategoriesController (eCommerce.Api).
2026-05-11 18:08:32.522 +05:30 [INF] Fetching category 1004
2026-05-11 18:08:32.534 +05:30 [INF] Executed DbCommand (8ms) [Parameters=[@__p_0='?' (DbType = Int32)], CommandType='"Text"', CommandTimeout='30']
SELECT TOP(1) [c].[CategoryId], [c].[CategoryName], [c].[Description]
FROM [Categories] AS [c]
WHERE [c].[CategoryId] = @__p_0
2026-05-11 18:08:32.537 +05:30 [INF] Executing OkObjectResult, writing value of type 'eCommerce.Application.DTOs.Category.CategoryDto'.
2026-05-11 18:08:32.541 +05:30 [INF] Executed action eCommerce.Api.Controllers.v1.CategoriesController.GetById (eCommerce.Api) in 21.8939ms
2026-05-11 18:08:32.541 +05:30 [INF] Executed endpoint 'eCommerce.Api.Controllers.v1.CategoriesController.GetById (eCommerce.Api)'
2026-05-11 18:08:32.542 +05:30 [INF] Request finished HTTP/2 GET https://localhost:7274/api/v1/Categories/1004 - 200 null application/json; charset=utf-8 25.072ms
2026-05-11 18:09:04.757 +05:30 [INF] Request starting HTTP/2 GET https://localhost:7274/api/v1/Categories - null null
2026-05-11 18:09:04.758 +05:30 [INF] CORS policy execution successful.
2026-05-11 18:09:04.758 +05:30 [INF] Executing endpoint 'eCommerce.Api.Controllers.v1.CategoriesController.GetAllAsync (eCommerce.Api)'
2026-05-11 18:09:04.758 +05:30 [INF] Route matched with {action = "GetAll", controller = "Categories"}. Executing controller action with signature System.Threading.Tasks.Task`1[Microsoft.AspNetCore.Mvc.ActionResult`1[System.Collections.Generic.IEnumerable`1[eCommerce.Application.DTOs.Category.CategoryDto]]] GetAllAsync() on controller eCommerce.Api.Controllers.v1.CategoriesController (eCommerce.Api).
2026-05-11 18:09:04.768 +05:30 [INF] Get all categories
2026-05-11 18:09:04.781 +05:30 [INF] Executed DbCommand (6ms) [Parameters=[], CommandType='"Text"', CommandTimeout='30']
SELECT [c].[CategoryId], [c].[CategoryName], [c].[Description]
FROM [Categories] AS [c]
2026-05-11 18:09:04.784 +05:30 [INF] Executing OkObjectResult, writing value of type 'System.Collections.Generic.List`1[[eCommerce.Application.DTOs.Category.CategoryDto, eCommerce.Application, Version=1.0.0.0, Culture=neutral, PublicKeyToken=null]]'.
2026-05-11 18:09:04.785 +05:30 [INF] Executed action eCommerce.Api.Controllers.v1.CategoriesController.GetAllAsync (eCommerce.Api) in 25.4252ms
2026-05-11 18:09:04.786 +05:30 [INF] Executed endpoint 'eCommerce.Api.Controllers.v1.CategoriesController.GetAllAsync (eCommerce.Api)'
2026-05-11 18:09:04.786 +05:30 [INF] Request finished HTTP/2 GET https://localhost:7274/api/v1/Categories - 200 null application/json; charset=utf-8 29.4869ms
2026-05-11 18:09:10.172 +05:30 [INF] Request starting HTTP/2 GET https://localhost:7274/api/v1/Categories/1 - null null
2026-05-11 18:09:10.176 +05:30 [INF] CORS policy execution successful.
2026-05-11 18:09:10.176 +05:30 [INF] Executing endpoint 'eCommerce.Api.Controllers.v1.CategoriesController.GetById (eCommerce.Api)'
2026-05-11 18:09:10.177 +05:30 [INF] Route matched with {action = "GetById", controller = "Categories"}. Executing controller action with signature System.Threading.Tasks.Task`1[Microsoft.AspNetCore.Mvc.ActionResult`1[eCommerce.Application.DTOs.Category.CategoryDto]] GetById(Int32) on controller eCommerce.Api.Controllers.v1.CategoriesController (eCommerce.Api).
2026-05-11 18:09:10.178 +05:30 [INF] Fetching category 1
2026-05-11 18:09:10.197 +05:30 [INF] Executed DbCommand (13ms) [Parameters=[@__p_0='?' (DbType = Int32)], CommandType='"Text"', CommandTimeout='30']
SELECT TOP(1) [c].[CategoryId], [c].[CategoryName], [c].[Description]
FROM [Categories] AS [c]
WHERE [c].[CategoryId] = @__p_0
2026-05-11 18:09:10.198 +05:30 [INF] Executing OkObjectResult, writing value of type 'eCommerce.Application.DTOs.Category.CategoryDto'.
2026-05-11 18:09:10.199 +05:30 [INF] Executed action eCommerce.Api.Controllers.v1.CategoriesController.GetById (eCommerce.Api) in 21.6038ms
2026-05-11 18:09:10.199 +05:30 [INF] Executed endpoint 'eCommerce.Api.Controllers.v1.CategoriesController.GetById (eCommerce.Api)'
2026-05-11 18:09:10.199 +05:30 [INF] Request finished HTTP/2 GET https://localhost:7274/api/v1/Categories/1 - 200 null application/json; charset=utf-8 27.925ms
2026-05-11 18:09:22.351 +05:30 [INF] Request starting HTTP/2 GET https://localhost:7274/api/v1/Categories/2 - null null
2026-05-11 18:09:22.353 +05:30 [INF] CORS policy execution successful.
2026-05-11 18:09:22.354 +05:30 [INF] Executing endpoint 'eCommerce.Api.Controllers.v1.CategoriesController.GetById (eCommerce.Api)'
2026-05-11 18:09:22.354 +05:30 [INF] Route matched with {action = "GetById", controller = "Categories"}. Executing controller action with signature System.Threading.Tasks.Task`1[Microsoft.AspNetCore.Mvc.ActionResult`1[eCommerce.Application.DTOs.Category.CategoryDto]] GetById(Int32) on controller eCommerce.Api.Controllers.v1.CategoriesController (eCommerce.Api).
2026-05-11 18:09:22.354 +05:30 [INF] Fetching category 2
2026-05-11 18:09:22.371 +05:30 [INF] Executed DbCommand (14ms) [Parameters=[@__p_0='?' (DbType = Int32)], CommandType='"Text"', CommandTimeout='30']
SELECT TOP(1) [c].[CategoryId], [c].[CategoryName], [c].[Description]
FROM [Categories] AS [c]
WHERE [c].[CategoryId] = @__p_0
2026-05-11 18:09:22.373 +05:30 [INF] Executing OkObjectResult, writing value of type 'eCommerce.Application.DTOs.Category.CategoryDto'.
2026-05-11 18:09:22.380 +05:30 [INF] Executed action eCommerce.Api.Controllers.v1.CategoriesController.GetById (eCommerce.Api) in 26.6292ms
2026-05-11 18:09:22.381 +05:30 [INF] Executed endpoint 'eCommerce.Api.Controllers.v1.CategoriesController.GetById (eCommerce.Api)'
2026-05-11 18:09:22.381 +05:30 [INF] Request finished HTTP/2 GET https://localhost:7274/api/v1/Categories/2 - 200 null application/json; charset=utf-8 30.4165ms
2026-05-11 18:10:04.669 +05:30 [INF] Request starting HTTP/2 GET https://localhost:7274/api/v1/Categories - null null
2026-05-11 18:10:04.670 +05:30 [INF] CORS policy execution successful.
2026-05-11 18:10:04.670 +05:30 [INF] Executing endpoint 'eCommerce.Api.Controllers.v1.CategoriesController.GetAllAsync (eCommerce.Api)'
2026-05-11 18:10:04.670 +05:30 [INF] Route matched with {action = "GetAll", controller = "Categories"}. Executing controller action with signature System.Threading.Tasks.Task`1[Microsoft.AspNetCore.Mvc.ActionResult`1[System.Collections.Generic.IEnumerable`1[eCommerce.Application.DTOs.Category.CategoryDto]]] GetAllAsync() on controller eCommerce.Api.Controllers.v1.CategoriesController (eCommerce.Api).
2026-05-11 18:10:04.670 +05:30 [INF] Get all categories
2026-05-11 18:10:04.697 +05:30 [INF] Executing OkObjectResult, writing value of type 'System.Collections.Generic.List`1[[eCommerce.Application.DTOs.Category.CategoryDto, eCommerce.Application, Version=1.0.0.0, Culture=neutral, PublicKeyToken=null]]'.
2026-05-11 18:10:04.705 +05:30 [INF] Executed action eCommerce.Api.Controllers.v1.CategoriesController.GetAllAsync (eCommerce.Api) in 34.7483ms
2026-05-11 18:10:04.705 +05:30 [INF] Executed endpoint 'eCommerce.Api.Controllers.v1.CategoriesController.GetAllAsync (eCommerce.Api)'
2026-05-11 18:10:04.705 +05:30 [INF] Request finished HTTP/2 GET https://localhost:7274/api/v1/Categories - 200 null application/json; charset=utf-8 37.0771ms
2026-05-11 18:10:06.913 +05:30 [INF] Request starting HTTP/2 GET https://localhost:7274/api/v1/Categories/1 - null null
2026-05-11 18:10:06.914 +05:30 [INF] CORS policy execution successful.
2026-05-11 18:10:06.914 +05:30 [INF] Executing endpoint 'eCommerce.Api.Controllers.v1.CategoriesController.GetById (eCommerce.Api)'
2026-05-11 18:10:06.915 +05:30 [INF] Route matched with {action = "GetById", controller = "Categories"}. Executing controller action with signature System.Threading.Tasks.Task`1[Microsoft.AspNetCore.Mvc.ActionResult`1[eCommerce.Application.DTOs.Category.CategoryDto]] GetById(Int32) on controller eCommerce.Api.Controllers.v1.CategoriesController (eCommerce.Api).
2026-05-11 18:10:06.915 +05:30 [INF] Fetching category 1
2026-05-11 18:10:06.926 +05:30 [INF] Executed DbCommand (4ms) [Parameters=[@__p_0='?' (DbType = Int32)], CommandType='"Text"', CommandTimeout='30']
SELECT TOP(1) [c].[CategoryId], [c].[CategoryName], [c].[Description]
FROM [Categories] AS [c]
WHERE [c].[CategoryId] = @__p_0
2026-05-11 18:10:06.926 +05:30 [INF] Executing OkObjectResult, writing value of type 'eCommerce.Application.DTOs.Category.CategoryDto'.
2026-05-11 18:10:06.927 +05:30 [INF] Executed action eCommerce.Api.Controllers.v1.CategoriesController.GetById (eCommerce.Api) in 11.8878ms
2026-05-11 18:10:06.927 +05:30 [INF] Executed endpoint 'eCommerce.Api.Controllers.v1.CategoriesController.GetById (eCommerce.Api)'
2026-05-11 18:10:06.927 +05:30 [INF] Request finished HTTP/2 GET https://localhost:7274/api/v1/Categories/1 - 200 null application/json; charset=utf-8 14.1322ms
2026-05-11 18:10:10.779 +05:30 [INF] Request starting HTTP/2 GET https://localhost:7274/api/v1/Categories/2 - null null
2026-05-11 18:10:10.779 +05:30 [INF] CORS policy execution successful.
2026-05-11 18:10:10.779 +05:30 [INF] Executing endpoint 'eCommerce.Api.Controllers.v1.CategoriesController.GetById (eCommerce.Api)'
2026-05-11 18:10:10.780 +05:30 [INF] Route matched with {action = "GetById", controller = "Categories"}. Executing controller action with signature System.Threading.Tasks.Task`1[Microsoft.AspNetCore.Mvc.ActionResult`1[eCommerce.Application.DTOs.Category.CategoryDto]] GetById(Int32) on controller eCommerce.Api.Controllers.v1.CategoriesController (eCommerce.Api).
2026-05-11 18:10:10.781 +05:30 [INF] Fetching category 2
2026-05-11 18:10:10.797 +05:30 [INF] Executed DbCommand (9ms) [Parameters=[@__p_0='?' (DbType = Int32)], CommandType='"Text"', CommandTimeout='30']
SELECT TOP(1) [c].[CategoryId], [c].[CategoryName], [c].[Description]
FROM [Categories] AS [c]
WHERE [c].[CategoryId] = @__p_0
2026-05-11 18:10:10.813 +05:30 [INF] Executing OkObjectResult, writing value of type 'eCommerce.Application.DTOs.Category.CategoryDto'.
2026-05-11 18:10:10.814 +05:30 [INF] Executed action eCommerce.Api.Controllers.v1.CategoriesController.GetById (eCommerce.Api) in 33.2283ms
2026-05-11 18:10:10.814 +05:30 [INF] Executed endpoint 'eCommerce.Api.Controllers.v1.CategoriesController.GetById (eCommerce.Api)'
2026-05-11 18:10:10.814 +05:30 [INF] Request finished HTTP/2 GET https://localhost:7274/api/v1/Categories/2 - 200 null application/json; charset=utf-8 36.0059ms
2026-05-11 18:10:30.823 +05:30 [INF] Request starting HTTP/2 GET https://localhost:7274/api/v1/Categories - null null
2026-05-11 18:10:30.824 +05:30 [INF] CORS policy execution successful.
2026-05-11 18:10:30.824 +05:30 [INF] Executing endpoint 'eCommerce.Api.Controllers.v1.CategoriesController.GetAllAsync (eCommerce.Api)'
2026-05-11 18:10:30.825 +05:30 [INF] Route matched with {action = "GetAll", controller = "Categories"}. Executing controller action with signature System.Threading.Tasks.Task`1[Microsoft.AspNetCore.Mvc.ActionResult`1[System.Collections.Generic.IEnumerable`1[eCommerce.Application.DTOs.Category.CategoryDto]]] GetAllAsync() on controller eCommerce.Api.Controllers.v1.CategoriesController (eCommerce.Api).
2026-05-11 18:10:30.825 +05:30 [INF] Get all categories
2026-05-11 18:10:30.826 +05:30 [INF] Executing OkObjectResult, writing value of type 'System.Collections.Generic.List`1[[eCommerce.Application.DTOs.Category.CategoryDto, eCommerce.Application, Version=1.0.0.0, Culture=neutral, PublicKeyToken=null]]'.
2026-05-11 18:10:30.826 +05:30 [INF] Executed action eCommerce.Api.Controllers.v1.CategoriesController.GetAllAsync (eCommerce.Api) in 1.1398ms
2026-05-11 18:10:30.826 +05:30 [INF] Executed endpoint 'eCommerce.Api.Controllers.v1.CategoriesController.GetAllAsync (eCommerce.Api)'
2026-05-11 18:10:30.826 +05:30 [INF] Request finished HTTP/2 GET https://localhost:7274/api/v1/Categories - 200 null application/json; charset=utf-8 3.0092ms
2026-05-11 18:10:30.841 +05:30 [INF] Request starting HTTP/2 GET https://localhost:7274/api/v1/Categories/2 - null null
2026-05-11 18:10:30.842 +05:30 [INF] CORS policy execution successful.
2026-05-11 18:10:30.842 +05:30 [INF] Executing endpoint 'eCommerce.Api.Controllers.v1.CategoriesController.GetById (eCommerce.Api)'
2026-05-11 18:10:30.842 +05:30 [INF] Route matched with {action = "GetById", controller = "Categories"}. Executing controller action with signature System.Threading.Tasks.Task`1[Microsoft.AspNetCore.Mvc.ActionResult`1[eCommerce.Application.DTOs.Category.CategoryDto]] GetById(Int32) on controller eCommerce.Api.Controllers.v1.CategoriesController (eCommerce.Api).
2026-05-11 18:10:30.843 +05:30 [INF] Fetching category 2
2026-05-11 18:10:30.854 +05:30 [INF] Executed DbCommand (7ms) [Parameters=[@__p_0='?' (DbType = Int32)], CommandType='"Text"', CommandTimeout='30']
SELECT TOP(1) [c].[CategoryId], [c].[CategoryName], [c].[Description]
FROM [Categories] AS [c]
WHERE [c].[CategoryId] = @__p_0
2026-05-11 18:10:30.856 +05:30 [INF] Executing OkObjectResult, writing value of type 'eCommerce.Application.DTOs.Category.CategoryDto'.
2026-05-11 18:10:30.856 +05:30 [INF] Executed action eCommerce.Api.Controllers.v1.CategoriesController.GetById (eCommerce.Api) in 13.9537ms
2026-05-11 18:10:30.856 +05:30 [INF] Executed endpoint 'eCommerce.Api.Controllers.v1.CategoriesController.GetById (eCommerce.Api)'
2026-05-11 18:10:30.856 +05:30 [INF] Request finished HTTP/2 GET https://localhost:7274/api/v1/Categories/2 - 200 null application/json; charset=utf-8 15.6528ms
2026-05-11 18:10:31.549 +05:30 [INF] Request starting HTTP/2 GET https://localhost:7274/api/v1/Categories - null null
2026-05-11 18:10:31.549 +05:30 [INF] CORS policy execution successful.
2026-05-11 18:10:31.550 +05:30 [INF] Executing endpoint 'eCommerce.Api.Controllers.v1.CategoriesController.GetAllAsync (eCommerce.Api)'
2026-05-11 18:10:31.550 +05:30 [INF] Route matched with {action = "GetAll", controller = "Categories"}. Executing controller action with signature System.Threading.Tasks.Task`1[Microsoft.AspNetCore.Mvc.ActionResult`1[System.Collections.Generic.IEnumerable`1[eCommerce.Application.DTOs.Category.CategoryDto]]] GetAllAsync() on controller eCommerce.Api.Controllers.v1.CategoriesController (eCommerce.Api).
2026-05-11 18:10:31.550 +05:30 [INF] Get all categories
2026-05-11 18:10:31.550 +05:30 [INF] Executing OkObjectResult, writing value of type 'System.Collections.Generic.List`1[[eCommerce.Application.DTOs.Category.CategoryDto, eCommerce.Application, Version=1.0.0.0, Culture=neutral, PublicKeyToken=null]]'.
2026-05-11 18:10:31.551 +05:30 [INF] Executed action eCommerce.Api.Controllers.v1.CategoriesController.GetAllAsync (eCommerce.Api) in 0.9665ms
2026-05-11 18:10:31.551 +05:30 [INF] Executed endpoint 'eCommerce.Api.Controllers.v1.CategoriesController.GetAllAsync (eCommerce.Api)'
2026-05-11 18:10:31.551 +05:30 [INF] Request finished HTTP/2 GET https://localhost:7274/api/v1/Categories - 200 null application/json; charset=utf-8 2.3375ms
2026-05-11 18:10:31.556 +05:30 [INF] Request starting HTTP/2 GET https://localhost:7274/api/v1/Categories/2 - null null
2026-05-11 18:10:31.558 +05:30 [INF] CORS policy execution successful.
2026-05-11 18:10:31.558 +05:30 [INF] Executing endpoint 'eCommerce.Api.Controllers.v1.CategoriesController.GetById (eCommerce.Api)'
2026-05-11 18:10:31.558 +05:30 [INF] Route matched with {action = "GetById", controller = "Categories"}. Executing controller action with signature System.Threading.Tasks.Task`1[Microsoft.AspNetCore.Mvc.ActionResult`1[eCommerce.Application.DTOs.Category.CategoryDto]] GetById(Int32) on controller eCommerce.Api.Controllers.v1.CategoriesController (eCommerce.Api).
2026-05-11 18:10:31.559 +05:30 [INF] Fetching category 2
2026-05-11 18:10:31.564 +05:30 [INF] Executed DbCommand (3ms) [Parameters=[@__p_0='?' (DbType = Int32)], CommandType='"Text"', CommandTimeout='30']
SELECT TOP(1) [c].[CategoryId], [c].[CategoryName], [c].[Description]
FROM [Categories] AS [c]
WHERE [c].[CategoryId] = @__p_0
2026-05-11 18:10:31.564 +05:30 [INF] Executing OkObjectResult, writing value of type 'eCommerce.Application.DTOs.Category.CategoryDto'.
2026-05-11 18:10:31.565 +05:30 [INF] Executed action eCommerce.Api.Controllers.v1.CategoriesController.GetById (eCommerce.Api) in 6.8547ms
2026-05-11 18:10:31.565 +05:30 [INF] Executed endpoint 'eCommerce.Api.Controllers.v1.CategoriesController.GetById (eCommerce.Api)'
2026-05-11 18:10:31.565 +05:30 [INF] Request finished HTTP/2 GET https://localhost:7274/api/v1/Categories/2 - 200 null application/json; charset=utf-8 9.501ms
2026-05-11 18:10:35.383 +05:30 [INF] Request starting HTTP/2 GET https://localhost:7274/api/v1/Categories - null null
2026-05-11 18:10:35.385 +05:30 [INF] CORS policy execution successful.
2026-05-11 18:10:35.385 +05:30 [INF] Executing endpoint 'eCommerce.Api.Controllers.v1.CategoriesController.GetAllAsync (eCommerce.Api)'
2026-05-11 18:10:35.386 +05:30 [INF] Route matched with {action = "GetAll", controller = "Categories"}. Executing controller action with signature System.Threading.Tasks.Task`1[Microsoft.AspNetCore.Mvc.ActionResult`1[System.Collections.Generic.IEnumerable`1[eCommerce.Application.DTOs.Category.CategoryDto]]] GetAllAsync() on controller eCommerce.Api.Controllers.v1.CategoriesController (eCommerce.Api).
2026-05-11 18:10:35.388 +05:30 [INF] Get all categories
2026-05-11 18:10:35.388 +05:30 [INF] Executing OkObjectResult, writing value of type 'System.Collections.Generic.List`1[[eCommerce.Application.DTOs.Category.CategoryDto, eCommerce.Application, Version=1.0.0.0, Culture=neutral, PublicKeyToken=null]]'.
2026-05-11 18:10:35.391 +05:30 [INF] Executed action eCommerce.Api.Controllers.v1.CategoriesController.GetAllAsync (eCommerce.Api) in 5.2028ms
2026-05-11 18:10:35.391 +05:30 [INF] Executed endpoint 'eCommerce.Api.Controllers.v1.CategoriesController.GetAllAsync (eCommerce.Api)'
2026-05-11 18:10:35.391 +05:30 [INF] Request finished HTTP/2 GET https://localhost:7274/api/v1/Categories - 200 null application/json; charset=utf-8 11.9593ms
2026-05-11 18:10:37.911 +05:30 [INF] Request starting HTTP/2 GET https://localhost:7274/api/v1/Categories/1 - null null
2026-05-11 18:10:37.912 +05:30 [INF] CORS policy execution successful.
2026-05-11 18:10:37.912 +05:30 [INF] Executing endpoint 'eCommerce.Api.Controllers.v1.CategoriesController.GetById (eCommerce.Api)'
2026-05-11 18:10:37.913 +05:30 [INF] Route matched with {action = "GetById", controller = "Categories"}. Executing controller action with signature System.Threading.Tasks.Task`1[Microsoft.AspNetCore.Mvc.ActionResult`1[eCommerce.Application.DTOs.Category.CategoryDto]] GetById(Int32) on controller eCommerce.Api.Controllers.v1.CategoriesController (eCommerce.Api).
2026-05-11 18:10:37.914 +05:30 [INF] Fetching category 1
2026-05-11 18:10:37.917 +05:30 [INF] Executed DbCommand (2ms) [Parameters=[@__p_0='?' (DbType = Int32)], CommandType='"Text"', CommandTimeout='30']
SELECT TOP(1) [c].[CategoryId], [c].[CategoryName], [c].[Description]
FROM [Categories] AS [c]
WHERE [c].[CategoryId] = @__p_0
2026-05-11 18:10:37.917 +05:30 [INF] Executing OkObjectResult, writing value of type 'eCommerce.Application.DTOs.Category.CategoryDto'.
2026-05-11 18:10:37.917 +05:30 [INF] Executed action eCommerce.Api.Controllers.v1.CategoriesController.GetById (eCommerce.Api) in 4.824ms
2026-05-11 18:10:37.917 +05:30 [INF] Executed endpoint 'eCommerce.Api.Controllers.v1.CategoriesController.GetById (eCommerce.Api)'
2026-05-11 18:10:37.918 +05:30 [INF] Request finished HTTP/2 GET https://localhost:7274/api/v1/Categories/1 - 200 null application/json; charset=utf-8 7.6668ms
2026-05-11 18:10:40.244 +05:30 [INF] Request starting HTTP/2 GET https://localhost:7274/api/v1/Categories/2 - null null
2026-05-11 18:10:40.246 +05:30 [INF] CORS policy execution successful.
2026-05-11 18:10:40.246 +05:30 [INF] Executing endpoint 'eCommerce.Api.Controllers.v1.CategoriesController.GetById (eCommerce.Api)'
2026-05-11 18:10:40.246 +05:30 [INF] Route matched with {action = "GetById", controller = "Categories"}. Executing controller action with signature System.Threading.Tasks.Task`1[Microsoft.AspNetCore.Mvc.ActionResult`1[eCommerce.Application.DTOs.Category.CategoryDto]] GetById(Int32) on controller eCommerce.Api.Controllers.v1.CategoriesController (eCommerce.Api).
2026-05-11 18:10:40.249 +05:30 [INF] Fetching category 2
2026-05-11 18:10:40.264 +05:30 [INF] Executed DbCommand (10ms) [Parameters=[@__p_0='?' (DbType = Int32)], CommandType='"Text"', CommandTimeout='30']
SELECT TOP(1) [c].[CategoryId], [c].[CategoryName], [c].[Description]
FROM [Categories] AS [c]
WHERE [c].[CategoryId] = @__p_0
2026-05-11 18:10:40.265 +05:30 [INF] Executing OkObjectResult, writing value of type 'eCommerce.Application.DTOs.Category.CategoryDto'.
2026-05-11 18:10:40.266 +05:30 [INF] Executed action eCommerce.Api.Controllers.v1.CategoriesController.GetById (eCommerce.Api) in 19.2633ms
2026-05-11 18:10:40.266 +05:30 [INF] Executed endpoint 'eCommerce.Api.Controllers.v1.CategoriesController.GetById (eCommerce.Api)'
2026-05-11 18:10:40.266 +05:30 [INF] Request finished HTTP/2 GET https://localhost:7274/api/v1/Categories/2 - 200 null application/json; charset=utf-8 22.2165ms
2026-05-11 18:10:42.397 +05:30 [INF] Request starting HTTP/2 GET https://localhost:7274/api/v1/Categories/1002 - null null
2026-05-11 18:10:42.398 +05:30 [INF] CORS policy execution successful.
2026-05-11 18:10:42.398 +05:30 [INF] Executing endpoint 'eCommerce.Api.Controllers.v1.CategoriesController.GetById (eCommerce.Api)'
2026-05-11 18:10:42.398 +05:30 [INF] Route matched with {action = "GetById", controller = "Categories"}. Executing controller action with signature System.Threading.Tasks.Task`1[Microsoft.AspNetCore.Mvc.ActionResult`1[eCommerce.Application.DTOs.Category.CategoryDto]] GetById(Int32) on controller eCommerce.Api.Controllers.v1.CategoriesController (eCommerce.Api).
2026-05-11 18:10:42.399 +05:30 [INF] Fetching category 1002
2026-05-11 18:10:42.412 +05:30 [INF] Executed DbCommand (10ms) [Parameters=[@__p_0='?' (DbType = Int32)], CommandType='"Text"', CommandTimeout='30']
SELECT TOP(1) [c].[CategoryId], [c].[CategoryName], [c].[Description]
FROM [Categories] AS [c]
WHERE [c].[CategoryId] = @__p_0
2026-05-11 18:10:42.415 +05:30 [INF] Executing OkObjectResult, writing value of type 'eCommerce.Application.DTOs.Category.CategoryDto'.
2026-05-11 18:10:42.421 +05:30 [INF] Executed action eCommerce.Api.Controllers.v1.CategoriesController.GetById (eCommerce.Api) in 22.8375ms
2026-05-11 18:10:42.421 +05:30 [INF] Executed endpoint 'eCommerce.Api.Controllers.v1.CategoriesController.GetById (eCommerce.Api)'
2026-05-11 18:10:42.425 +05:30 [INF] Request finished HTTP/2 GET https://localhost:7274/api/v1/Categories/1002 - 200 null application/json; charset=utf-8 28.6795ms
2026-05-11 18:10:43.177 +05:30 [INF] Request starting HTTP/2 GET https://localhost:7274/api/v1/Categories/1003 - null null
2026-05-11 18:10:43.178 +05:30 [INF] CORS policy execution successful.
2026-05-11 18:10:43.178 +05:30 [INF] Executing endpoint 'eCommerce.Api.Controllers.v1.CategoriesController.GetById (eCommerce.Api)'
2026-05-11 18:10:43.178 +05:30 [INF] Route matched with {action = "GetById", controller = "Categories"}. Executing controller action with signature System.Threading.Tasks.Task`1[Microsoft.AspNetCore.Mvc.ActionResult`1[eCommerce.Application.DTOs.Category.CategoryDto]] GetById(Int32) on controller eCommerce.Api.Controllers.v1.CategoriesController (eCommerce.Api).
2026-05-11 18:10:43.179 +05:30 [INF] Fetching category 1003
2026-05-11 18:10:43.184 +05:30 [INF] Executed DbCommand (2ms) [Parameters=[@__p_0='?' (DbType = Int32)], CommandType='"Text"', CommandTimeout='30']
SELECT TOP(1) [c].[CategoryId], [c].[CategoryName], [c].[Description]
FROM [Categories] AS [c]
WHERE [c].[CategoryId] = @__p_0
2026-05-11 18:10:43.185 +05:30 [INF] Executing OkObjectResult, writing value of type 'eCommerce.Application.DTOs.Category.CategoryDto'.
2026-05-11 18:10:43.186 +05:30 [INF] Executed action eCommerce.Api.Controllers.v1.CategoriesController.GetById (eCommerce.Api) in 7.2341ms
2026-05-11 18:10:43.186 +05:30 [INF] Executed endpoint 'eCommerce.Api.Controllers.v1.CategoriesController.GetById (eCommerce.Api)'
2026-05-11 18:10:43.186 +05:30 [INF] Request finished HTTP/2 GET https://localhost:7274/api/v1/Categories/1003 - 200 null application/json; charset=utf-8 8.9862ms
2026-05-11 18:10:44.063 +05:30 [INF] Request starting HTTP/2 GET https://localhost:7274/api/v1/Categories/1004 - null null
2026-05-11 18:10:44.065 +05:30 [INF] CORS policy execution successful.
2026-05-11 18:10:44.065 +05:30 [INF] Executing endpoint 'eCommerce.Api.Controllers.v1.CategoriesController.GetById (eCommerce.Api)'
2026-05-11 18:10:44.065 +05:30 [INF] Route matched with {action = "GetById", controller = "Categories"}. Executing controller action with signature System.Threading.Tasks.Task`1[Microsoft.AspNetCore.Mvc.ActionResult`1[eCommerce.Application.DTOs.Category.CategoryDto]] GetById(Int32) on controller eCommerce.Api.Controllers.v1.CategoriesController (eCommerce.Api).
2026-05-11 18:10:44.067 +05:30 [INF] Fetching category 1004
2026-05-11 18:10:44.084 +05:30 [INF] Executed DbCommand (12ms) [Parameters=[@__p_0='?' (DbType = Int32)], CommandType='"Text"', CommandTimeout='30']
SELECT TOP(1) [c].[CategoryId], [c].[CategoryName], [c].[Description]
FROM [Categories] AS [c]
WHERE [c].[CategoryId] = @__p_0
2026-05-11 18:10:44.086 +05:30 [INF] Executing OkObjectResult, writing value of type 'eCommerce.Application.DTOs.Category.CategoryDto'.
2026-05-11 18:10:44.087 +05:30 [INF] Executed action eCommerce.Api.Controllers.v1.CategoriesController.GetById (eCommerce.Api) in 21.4418ms
2026-05-11 18:10:44.087 +05:30 [INF] Executed endpoint 'eCommerce.Api.Controllers.v1.CategoriesController.GetById (eCommerce.Api)'
2026-05-11 18:10:44.088 +05:30 [INF] Request finished HTTP/2 GET https://localhost:7274/api/v1/Categories/1004 - 200 null application/json; charset=utf-8 24.6693ms
2026-05-11 18:10:44.817 +05:30 [INF] Request starting HTTP/2 GET https://localhost:7274/api/v1/Categories/1015 - null null
2026-05-11 18:10:44.817 +05:30 [INF] CORS policy execution successful.
2026-05-11 18:10:44.817 +05:30 [INF] Executing endpoint 'eCommerce.Api.Controllers.v1.CategoriesController.GetById (eCommerce.Api)'
2026-05-11 18:10:44.818 +05:30 [INF] Route matched with {action = "GetById", controller = "Categories"}. Executing controller action with signature System.Threading.Tasks.Task`1[Microsoft.AspNetCore.Mvc.ActionResult`1[eCommerce.Application.DTOs.Category.CategoryDto]] GetById(Int32) on controller eCommerce.Api.Controllers.v1.CategoriesController (eCommerce.Api).
2026-05-11 18:10:44.819 +05:30 [INF] Fetching category 1015
2026-05-11 18:10:44.832 +05:30 [INF] Executed DbCommand (8ms) [Parameters=[@__p_0='?' (DbType = Int32)], CommandType='"Text"', CommandTimeout='30']
SELECT TOP(1) [c].[CategoryId], [c].[CategoryName], [c].[Description]
FROM [Categories] AS [c]
WHERE [c].[CategoryId] = @__p_0
2026-05-11 18:10:44.835 +05:30 [INF] Executing OkObjectResult, writing value of type 'eCommerce.Application.DTOs.Category.CategoryDto'.
2026-05-11 18:10:44.835 +05:30 [INF] Executed action eCommerce.Api.Controllers.v1.CategoriesController.GetById (eCommerce.Api) in 17.4674ms
2026-05-11 18:10:44.835 +05:30 [INF] Executed endpoint 'eCommerce.Api.Controllers.v1.CategoriesController.GetById (eCommerce.Api)'
2026-05-11 18:10:44.836 +05:30 [INF] Request finished HTTP/2 GET https://localhost:7274/api/v1/Categories/1015 - 200 null application/json; charset=utf-8 20.7593ms
2026-05-11 18:10:45.495 +05:30 [INF] Request starting HTTP/2 GET https://localhost:7274/api/v1/Categories/1016 - null null
2026-05-11 18:10:45.497 +05:30 [INF] CORS policy execution successful.
2026-05-11 18:10:45.502 +05:30 [INF] Executing endpoint 'eCommerce.Api.Controllers.v1.CategoriesController.GetById (eCommerce.Api)'
2026-05-11 18:10:45.502 +05:30 [INF] Route matched with {action = "GetById", controller = "Categories"}. Executing controller action with signature System.Threading.Tasks.Task`1[Microsoft.AspNetCore.Mvc.ActionResult`1[eCommerce.Application.DTOs.Category.CategoryDto]] GetById(Int32) on controller eCommerce.Api.Controllers.v1.CategoriesController (eCommerce.Api).
2026-05-11 18:10:45.504 +05:30 [INF] Fetching category 1016
2026-05-11 18:10:45.532 +05:30 [INF] Executed DbCommand (21ms) [Parameters=[@__p_0='?' (DbType = Int32)], CommandType='"Text"', CommandTimeout='30']
SELECT TOP(1) [c].[CategoryId], [c].[CategoryName], [c].[Description]
FROM [Categories] AS [c]
WHERE [c].[CategoryId] = @__p_0
2026-05-11 18:10:45.533 +05:30 [INF] Executing OkObjectResult, writing value of type 'eCommerce.Application.DTOs.Category.CategoryDto'.
2026-05-11 18:10:45.533 +05:30 [INF] Executed action eCommerce.Api.Controllers.v1.CategoriesController.GetById (eCommerce.Api) in 31.4266ms
2026-05-11 18:10:45.534 +05:30 [INF] Executed endpoint 'eCommerce.Api.Controllers.v1.CategoriesController.GetById (eCommerce.Api)'
2026-05-11 18:10:45.534 +05:30 [INF] Request finished HTTP/2 GET https://localhost:7274/api/v1/Categories/1016 - 200 null application/json; charset=utf-8 39.2122ms
2026-05-11 18:10:46.177 +05:30 [INF] Request starting HTTP/2 GET https://localhost:7274/api/v1/Categories/1018 - null null
2026-05-11 18:10:46.177 +05:30 [INF] CORS policy execution successful.
2026-05-11 18:10:46.178 +05:30 [INF] Executing endpoint 'eCommerce.Api.Controllers.v1.CategoriesController.GetById (eCommerce.Api)'
2026-05-11 18:10:46.178 +05:30 [INF] Route matched with {action = "GetById", controller = "Categories"}. Executing controller action with signature System.Threading.Tasks.Task`1[Microsoft.AspNetCore.Mvc.ActionResult`1[eCommerce.Application.DTOs.Category.CategoryDto]] GetById(Int32) on controller eCommerce.Api.Controllers.v1.CategoriesController (eCommerce.Api).
2026-05-11 18:10:46.178 +05:30 [INF] Fetching category 1018
2026-05-11 18:10:46.183 +05:30 [INF] Executed DbCommand (3ms) [Parameters=[@__p_0='?' (DbType = Int32)], CommandType='"Text"', CommandTimeout='30']
SELECT TOP(1) [c].[CategoryId], [c].[CategoryName], [c].[Description]
FROM [Categories] AS [c]
WHERE [c].[CategoryId] = @__p_0
2026-05-11 18:10:46.183 +05:30 [INF] Executing OkObjectResult, writing value of type 'eCommerce.Application.DTOs.Category.CategoryDto'.
2026-05-11 18:10:46.183 +05:30 [INF] Executed action eCommerce.Api.Controllers.v1.CategoriesController.GetById (eCommerce.Api) in 5.4655ms
2026-05-11 18:10:46.183 +05:30 [INF] Executed endpoint 'eCommerce.Api.Controllers.v1.CategoriesController.GetById (eCommerce.Api)'
2026-05-11 18:10:46.183 +05:30 [INF] Request finished HTTP/2 GET https://localhost:7274/api/v1/Categories/1018 - 200 null application/json; charset=utf-8 6.7427ms
2026-05-11 18:10:47.742 +05:30 [INF] Request starting HTTP/2 GET https://localhost:7274/api/v1/Categories/1 - null null
2026-05-11 18:10:47.743 +05:30 [INF] CORS policy execution successful.
2026-05-11 18:10:47.743 +05:30 [INF] Executing endpoint 'eCommerce.Api.Controllers.v1.CategoriesController.GetById (eCommerce.Api)'
2026-05-11 18:10:47.743 +05:30 [INF] Route matched with {action = "GetById", controller = "Categories"}. Executing controller action with signature System.Threading.Tasks.Task`1[Microsoft.AspNetCore.Mvc.ActionResult`1[eCommerce.Application.DTOs.Category.CategoryDto]] GetById(Int32) on controller eCommerce.Api.Controllers.v1.CategoriesController (eCommerce.Api).
2026-05-11 18:10:47.744 +05:30 [INF] Fetching category 1
2026-05-11 18:10:47.750 +05:30 [INF] Executed DbCommand (3ms) [Parameters=[@__p_0='?' (DbType = Int32)], CommandType='"Text"', CommandTimeout='30']
SELECT TOP(1) [c].[CategoryId], [c].[CategoryName], [c].[Description]
FROM [Categories] AS [c]
WHERE [c].[CategoryId] = @__p_0
2026-05-11 18:10:47.750 +05:30 [INF] Executing OkObjectResult, writing value of type 'eCommerce.Application.DTOs.Category.CategoryDto'.
2026-05-11 18:10:47.750 +05:30 [INF] Executed action eCommerce.Api.Controllers.v1.CategoriesController.GetById (eCommerce.Api) in 6.915ms
2026-05-11 18:10:47.750 +05:30 [INF] Executed endpoint 'eCommerce.Api.Controllers.v1.CategoriesController.GetById (eCommerce.Api)'
2026-05-11 18:10:47.750 +05:30 [INF] Request finished HTTP/2 GET https://localhost:7274/api/v1/Categories/1 - 200 null application/json; charset=utf-8 7.7749ms
2026-05-11 18:10:52.480 +05:30 [INF] Request starting HTTP/2 GET https://localhost:7274/api/v1/Categories/2 - null null
2026-05-11 18:10:52.481 +05:30 [INF] CORS policy execution successful.
2026-05-11 18:10:52.481 +05:30 [INF] Executing endpoint 'eCommerce.Api.Controllers.v1.CategoriesController.GetById (eCommerce.Api)'
2026-05-11 18:10:52.481 +05:30 [INF] Route matched with {action = "GetById", controller = "Categories"}. Executing controller action with signature System.Threading.Tasks.Task`1[Microsoft.AspNetCore.Mvc.ActionResult`1[eCommerce.Application.DTOs.Category.CategoryDto]] GetById(Int32) on controller eCommerce.Api.Controllers.v1.CategoriesController (eCommerce.Api).
2026-05-11 18:10:52.483 +05:30 [INF] Fetching category 2
2026-05-11 18:10:52.499 +05:30 [INF] Executed DbCommand (12ms) [Parameters=[@__p_0='?' (DbType = Int32)], CommandType='"Text"', CommandTimeout='30']
SELECT TOP(1) [c].[CategoryId], [c].[CategoryName], [c].[Description]
FROM [Categories] AS [c]
WHERE [c].[CategoryId] = @__p_0
2026-05-11 18:10:52.500 +05:30 [INF] Executing OkObjectResult, writing value of type 'eCommerce.Application.DTOs.Category.CategoryDto'.
2026-05-11 18:10:52.500 +05:30 [INF] Executed action eCommerce.Api.Controllers.v1.CategoriesController.GetById (eCommerce.Api) in 18.3325ms
2026-05-11 18:10:52.500 +05:30 [INF] Executed endpoint 'eCommerce.Api.Controllers.v1.CategoriesController.GetById (eCommerce.Api)'
2026-05-11 18:10:52.500 +05:30 [INF] Request finished HTTP/2 GET https://localhost:7274/api/v1/Categories/2 - 200 null application/json; charset=utf-8 21.4408ms
2026-05-11 18:10:53.360 +05:30 [INF] Request starting HTTP/2 GET https://localhost:7274/api/v1/Categories/1002 - null null
2026-05-11 18:10:53.363 +05:30 [INF] CORS policy execution successful.
2026-05-11 18:10:53.363 +05:30 [INF] Executing endpoint 'eCommerce.Api.Controllers.v1.CategoriesController.GetById (eCommerce.Api)'
2026-05-11 18:10:53.363 +05:30 [INF] Route matched with {action = "GetById", controller = "Categories"}. Executing controller action with signature System.Threading.Tasks.Task`1[Microsoft.AspNetCore.Mvc.ActionResult`1[eCommerce.Application.DTOs.Category.CategoryDto]] GetById(Int32) on controller eCommerce.Api.Controllers.v1.CategoriesController (eCommerce.Api).
2026-05-11 18:10:53.364 +05:30 [INF] Fetching category 1002
2026-05-11 18:10:53.375 +05:30 [INF] Executed DbCommand (8ms) [Parameters=[@__p_0='?' (DbType = Int32)], CommandType='"Text"', CommandTimeout='30']
SELECT TOP(1) [c].[CategoryId], [c].[CategoryName], [c].[Description]
FROM [Categories] AS [c]
WHERE [c].[CategoryId] = @__p_0
2026-05-11 18:10:53.377 +05:30 [INF] Executing OkObjectResult, writing value of type 'eCommerce.Application.DTOs.Category.CategoryDto'.
2026-05-11 18:10:53.377 +05:30 [INF] Executed action eCommerce.Api.Controllers.v1.CategoriesController.GetById (eCommerce.Api) in 14.3293ms
2026-05-11 18:10:53.377 +05:30 [INF] Executed endpoint 'eCommerce.Api.Controllers.v1.CategoriesController.GetById (eCommerce.Api)'
2026-05-11 18:10:53.377 +05:30 [INF] Request finished HTTP/2 GET https://localhost:7274/api/v1/Categories/1002 - 200 null application/json; charset=utf-8 17.4402ms
2026-05-11 18:10:54.210 +05:30 [INF] Request starting HTTP/2 GET https://localhost:7274/api/v1/Categories/1003 - null null
2026-05-11 18:10:54.210 +05:30 [INF] CORS policy execution successful.
2026-05-11 18:10:54.210 +05:30 [INF] Executing endpoint 'eCommerce.Api.Controllers.v1.CategoriesController.GetById (eCommerce.Api)'
2026-05-11 18:10:54.210 +05:30 [INF] Route matched with {action = "GetById", controller = "Categories"}. Executing controller action with signature System.Threading.Tasks.Task`1[Microsoft.AspNetCore.Mvc.ActionResult`1[eCommerce.Application.DTOs.Category.CategoryDto]] GetById(Int32) on controller eCommerce.Api.Controllers.v1.CategoriesController (eCommerce.Api).
2026-05-11 18:10:54.211 +05:30 [INF] Fetching category 1003
2026-05-11 18:10:54.220 +05:30 [INF] Executed DbCommand (5ms) [Parameters=[@__p_0='?' (DbType = Int32)], CommandType='"Text"', CommandTimeout='30']
SELECT TOP(1) [c].[CategoryId], [c].[CategoryName], [c].[Description]
FROM [Categories] AS [c]
WHERE [c].[CategoryId] = @__p_0
2026-05-11 18:10:54.223 +05:30 [INF] Executing OkObjectResult, writing value of type 'eCommerce.Application.DTOs.Category.CategoryDto'.
2026-05-11 18:10:54.223 +05:30 [INF] Executed action eCommerce.Api.Controllers.v1.CategoriesController.GetById (eCommerce.Api) in 12.7141ms
2026-05-11 18:10:54.223 +05:30 [INF] Executed endpoint 'eCommerce.Api.Controllers.v1.CategoriesController.GetById (eCommerce.Api)'
2026-05-11 18:10:54.224 +05:30 [INF] Request finished HTTP/2 GET https://localhost:7274/api/v1/Categories/1003 - 200 null application/json; charset=utf-8 15.0801ms
2026-05-11 18:10:55.432 +05:30 [INF] Request starting HTTP/2 GET https://localhost:7274/api/v1/Categories/1004 - null null
2026-05-11 18:10:55.432 +05:30 [INF] CORS policy execution successful.
2026-05-11 18:10:55.433 +05:30 [INF] Executing endpoint 'eCommerce.Api.Controllers.v1.CategoriesController.GetById (eCommerce.Api)'
2026-05-11 18:10:55.434 +05:30 [INF] Route matched with {action = "GetById", controller = "Categories"}. Executing controller action with signature System.Threading.Tasks.Task`1[Microsoft.AspNetCore.Mvc.ActionResult`1[eCommerce.Application.DTOs.Category.CategoryDto]] GetById(Int32) on controller eCommerce.Api.Controllers.v1.CategoriesController (eCommerce.Api).
2026-05-11 18:10:55.435 +05:30 [INF] Fetching category 1004
2026-05-11 18:10:55.448 +05:30 [INF] Executed DbCommand (9ms) [Parameters=[@__p_0='?' (DbType = Int32)], CommandType='"Text"', CommandTimeout='30']
SELECT TOP(1) [c].[CategoryId], [c].[CategoryName], [c].[Description]
FROM [Categories] AS [c]
WHERE [c].[CategoryId] = @__p_0
2026-05-11 18:10:55.451 +05:30 [INF] Executing OkObjectResult, writing value of type 'eCommerce.Application.DTOs.Category.CategoryDto'.
2026-05-11 18:10:55.452 +05:30 [INF] Executed action eCommerce.Api.Controllers.v1.CategoriesController.GetById (eCommerce.Api) in 17.9788ms
2026-05-11 18:10:55.452 +05:30 [INF] Executed endpoint 'eCommerce.Api.Controllers.v1.CategoriesController.GetById (eCommerce.Api)'
2026-05-11 18:10:55.454 +05:30 [INF] Request finished HTTP/2 GET https://localhost:7274/api/v1/Categories/1004 - 200 null application/json; charset=utf-8 21.2913ms
2026-05-11 18:10:56.191 +05:30 [INF] Request starting HTTP/2 GET https://localhost:7274/api/v1/Categories/1015 - null null
2026-05-11 18:10:56.195 +05:30 [INF] CORS policy execution successful.
2026-05-11 18:10:56.195 +05:30 [INF] Executing endpoint 'eCommerce.Api.Controllers.v1.CategoriesController.GetById (eCommerce.Api)'
2026-05-11 18:10:56.195 +05:30 [INF] Route matched with {action = "GetById", controller = "Categories"}. Executing controller action with signature System.Threading.Tasks.Task`1[Microsoft.AspNetCore.Mvc.ActionResult`1[eCommerce.Application.DTOs.Category.CategoryDto]] GetById(Int32) on controller eCommerce.Api.Controllers.v1.CategoriesController (eCommerce.Api).
2026-05-11 18:10:56.195 +05:30 [INF] Fetching category 1015
2026-05-11 18:10:56.198 +05:30 [INF] Executed DbCommand (2ms) [Parameters=[@__p_0='?' (DbType = Int32)], CommandType='"Text"', CommandTimeout='30']
SELECT TOP(1) [c].[CategoryId], [c].[CategoryName], [c].[Description]
FROM [Categories] AS [c]
WHERE [c].[CategoryId] = @__p_0
2026-05-11 18:10:56.199 +05:30 [INF] Executing OkObjectResult, writing value of type 'eCommerce.Application.DTOs.Category.CategoryDto'.
2026-05-11 18:10:56.199 +05:30 [INF] Executed action eCommerce.Api.Controllers.v1.CategoriesController.GetById (eCommerce.Api) in 4.3702ms
2026-05-11 18:10:56.199 +05:30 [INF] Executed endpoint 'eCommerce.Api.Controllers.v1.CategoriesController.GetById (eCommerce.Api)'
2026-05-11 18:10:56.199 +05:30 [INF] Request finished HTTP/2 GET https://localhost:7274/api/v1/Categories/1015 - 200 null application/json; charset=utf-8 8.5289ms
2026-05-11 18:10:56.930 +05:30 [INF] Request starting HTTP/2 GET https://localhost:7274/api/v1/Categories/1016 - null null
2026-05-11 18:10:56.931 +05:30 [INF] CORS policy execution successful.
2026-05-11 18:10:56.931 +05:30 [INF] Executing endpoint 'eCommerce.Api.Controllers.v1.CategoriesController.GetById (eCommerce.Api)'
2026-05-11 18:10:56.932 +05:30 [INF] Route matched with {action = "GetById", controller = "Categories"}. Executing controller action with signature System.Threading.Tasks.Task`1[Microsoft.AspNetCore.Mvc.ActionResult`1[eCommerce.Application.DTOs.Category.CategoryDto]] GetById(Int32) on controller eCommerce.Api.Controllers.v1.CategoriesController (eCommerce.Api).
2026-05-11 18:10:56.932 +05:30 [INF] Fetching category 1016
2026-05-11 18:10:56.943 +05:30 [INF] Executed DbCommand (8ms) [Parameters=[@__p_0='?' (DbType = Int32)], CommandType='"Text"', CommandTimeout='30']
SELECT TOP(1) [c].[CategoryId], [c].[CategoryName], [c].[Description]
FROM [Categories] AS [c]
WHERE [c].[CategoryId] = @__p_0
2026-05-11 18:10:56.945 +05:30 [INF] Executing OkObjectResult, writing value of type 'eCommerce.Application.DTOs.Category.CategoryDto'.
2026-05-11 18:10:56.946 +05:30 [INF] Executed action eCommerce.Api.Controllers.v1.CategoriesController.GetById (eCommerce.Api) in 14.314ms
2026-05-11 18:10:56.946 +05:30 [INF] Executed endpoint 'eCommerce.Api.Controllers.v1.CategoriesController.GetById (eCommerce.Api)'
2026-05-11 18:10:56.947 +05:30 [INF] Request finished HTTP/2 GET https://localhost:7274/api/v1/Categories/1016 - 200 null application/json; charset=utf-8 17.8947ms
2026-05-11 18:10:57.725 +05:30 [INF] Request starting HTTP/2 GET https://localhost:7274/api/v1/Categories/1018 - null null
2026-05-11 18:10:57.725 +05:30 [INF] CORS policy execution successful.
2026-05-11 18:10:57.726 +05:30 [INF] Executing endpoint 'eCommerce.Api.Controllers.v1.CategoriesController.GetById (eCommerce.Api)'
2026-05-11 18:10:57.726 +05:30 [INF] Route matched with {action = "GetById", controller = "Categories"}. Executing controller action with signature System.Threading.Tasks.Task`1[Microsoft.AspNetCore.Mvc.ActionResult`1[eCommerce.Application.DTOs.Category.CategoryDto]] GetById(Int32) on controller eCommerce.Api.Controllers.v1.CategoriesController (eCommerce.Api).
2026-05-11 18:10:57.727 +05:30 [INF] Fetching category 1018
2026-05-11 18:10:57.732 +05:30 [INF] Executed DbCommand (2ms) [Parameters=[@__p_0='?' (DbType = Int32)], CommandType='"Text"', CommandTimeout='30']
SELECT TOP(1) [c].[CategoryId], [c].[CategoryName], [c].[Description]
FROM [Categories] AS [c]
WHERE [c].[CategoryId] = @__p_0
2026-05-11 18:10:57.733 +05:30 [INF] Executing OkObjectResult, writing value of type 'eCommerce.Application.DTOs.Category.CategoryDto'.
2026-05-11 18:10:57.733 +05:30 [INF] Executed action eCommerce.Api.Controllers.v1.CategoriesController.GetById (eCommerce.Api) in 7.0773ms
2026-05-11 18:10:57.733 +05:30 [INF] Executed endpoint 'eCommerce.Api.Controllers.v1.CategoriesController.GetById (eCommerce.Api)'
2026-05-11 18:10:57.733 +05:30 [INF] Request finished HTTP/2 GET https://localhost:7274/api/v1/Categories/1018 - 200 null application/json; charset=utf-8 8.9348ms
2026-05-11 18:10:59.392 +05:30 [INF] Request starting HTTP/2 GET https://localhost:7274/api/v1/Categories/1 - null null
2026-05-11 18:10:59.393 +05:30 [INF] CORS policy execution successful.
2026-05-11 18:10:59.393 +05:30 [INF] Executing endpoint 'eCommerce.Api.Controllers.v1.CategoriesController.GetById (eCommerce.Api)'
2026-05-11 18:10:59.393 +05:30 [INF] Route matched with {action = "GetById", controller = "Categories"}. Executing controller action with signature System.Threading.Tasks.Task`1[Microsoft.AspNetCore.Mvc.ActionResult`1[eCommerce.Application.DTOs.Category.CategoryDto]] GetById(Int32) on controller eCommerce.Api.Controllers.v1.CategoriesController (eCommerce.Api).
2026-05-11 18:10:59.395 +05:30 [INF] Fetching category 1
2026-05-11 18:10:59.399 +05:30 [INF] Executed DbCommand (2ms) [Parameters=[@__p_0='?' (DbType = Int32)], CommandType='"Text"', CommandTimeout='30']
SELECT TOP(1) [c].[CategoryId], [c].[CategoryName], [c].[Description]
FROM [Categories] AS [c]
WHERE [c].[CategoryId] = @__p_0
2026-05-11 18:10:59.400 +05:30 [INF] Executing OkObjectResult, writing value of type 'eCommerce.Application.DTOs.Category.CategoryDto'.
2026-05-11 18:10:59.400 +05:30 [INF] Executed action eCommerce.Api.Controllers.v1.CategoriesController.GetById (eCommerce.Api) in 6.5043ms
2026-05-11 18:10:59.400 +05:30 [INF] Executed endpoint 'eCommerce.Api.Controllers.v1.CategoriesController.GetById (eCommerce.Api)'
2026-05-11 18:10:59.400 +05:30 [INF] Request finished HTTP/2 GET https://localhost:7274/api/v1/Categories/1 - 200 null application/json; charset=utf-8 8.187ms
2026-05-11 18:11:13.349 +05:30 [INF] Request starting HTTP/2 GET https://localhost:7274/api/v1/Categories/1018 - null null
2026-05-11 18:11:13.351 +05:30 [INF] CORS policy execution successful.
2026-05-11 18:11:13.354 +05:30 [INF] Executing endpoint 'eCommerce.Api.Controllers.v1.CategoriesController.GetById (eCommerce.Api)'
2026-05-11 18:11:13.354 +05:30 [INF] Route matched with {action = "GetById", controller = "Categories"}. Executing controller action with signature System.Threading.Tasks.Task`1[Microsoft.AspNetCore.Mvc.ActionResult`1[eCommerce.Application.DTOs.Category.CategoryDto]] GetById(Int32) on controller eCommerce.Api.Controllers.v1.CategoriesController (eCommerce.Api).
2026-05-11 18:11:13.359 +05:30 [INF] Fetching category 1018
2026-05-11 18:11:13.365 +05:30 [INF] Executed DbCommand (3ms) [Parameters=[@__p_0='?' (DbType = Int32)], CommandType='"Text"', CommandTimeout='30']
SELECT TOP(1) [c].[CategoryId], [c].[CategoryName], [c].[Description]
FROM [Categories] AS [c]
WHERE [c].[CategoryId] = @__p_0
2026-05-11 18:11:13.365 +05:30 [INF] Executing OkObjectResult, writing value of type 'eCommerce.Application.DTOs.Category.CategoryDto'.
2026-05-11 18:11:13.366 +05:30 [INF] Executed action eCommerce.Api.Controllers.v1.CategoriesController.GetById (eCommerce.Api) in 11.3118ms
2026-05-11 18:11:13.366 +05:30 [INF] Executed endpoint 'eCommerce.Api.Controllers.v1.CategoriesController.GetById (eCommerce.Api)'
2026-05-11 18:11:13.366 +05:30 [INF] Request finished HTTP/2 GET https://localhost:7274/api/v1/Categories/1018 - 200 null application/json; charset=utf-8 17.2817ms
2026-05-11 18:11:14.609 +05:30 [INF] Request starting HTTP/2 GET https://localhost:7274/api/v1/Categories/1016 - null null
2026-05-11 18:11:14.609 +05:30 [INF] CORS policy execution successful.
2026-05-11 18:11:14.609 +05:30 [INF] Executing endpoint 'eCommerce.Api.Controllers.v1.CategoriesController.GetById (eCommerce.Api)'
2026-05-11 18:11:14.609 +05:30 [INF] Route matched with {action = "GetById", controller = "Categories"}. Executing controller action with signature System.Threading.Tasks.Task`1[Microsoft.AspNetCore.Mvc.ActionResult`1[eCommerce.Application.DTOs.Category.CategoryDto]] GetById(Int32) on controller eCommerce.Api.Controllers.v1.CategoriesController (eCommerce.Api).
2026-05-11 18:11:14.609 +05:30 [INF] Fetching category 1016
2026-05-11 18:11:14.615 +05:30 [INF] Executed DbCommand (4ms) [Parameters=[@__p_0='?' (DbType = Int32)], CommandType='"Text"', CommandTimeout='30']
SELECT TOP(1) [c].[CategoryId], [c].[CategoryName], [c].[Description]
FROM [Categories] AS [c]
WHERE [c].[CategoryId] = @__p_0
2026-05-11 18:11:14.615 +05:30 [INF] Executing OkObjectResult, writing value of type 'eCommerce.Application.DTOs.Category.CategoryDto'.
2026-05-11 18:11:14.615 +05:30 [INF] Executed action eCommerce.Api.Controllers.v1.CategoriesController.GetById (eCommerce.Api) in 5.9118ms
2026-05-11 18:11:14.615 +05:30 [INF] Executed endpoint 'eCommerce.Api.Controllers.v1.CategoriesController.GetById (eCommerce.Api)'
2026-05-11 18:11:14.615 +05:30 [INF] Request finished HTTP/2 GET https://localhost:7274/api/v1/Categories/1016 - 200 null application/json; charset=utf-8 7.0564ms
2026-05-11 18:12:01.877 +05:30 [INF] Request starting HTTP/2 GET https://localhost:7274/api/v1/Categories - null null
2026-05-11 18:12:01.877 +05:30 [INF] CORS policy execution successful.
2026-05-11 18:12:01.877 +05:30 [INF] Executing endpoint 'eCommerce.Api.Controllers.v1.CategoriesController.GetAllAsync (eCommerce.Api)'
2026-05-11 18:12:01.878 +05:30 [INF] Route matched with {action = "GetAll", controller = "Categories"}. Executing controller action with signature System.Threading.Tasks.Task`1[Microsoft.AspNetCore.Mvc.ActionResult`1[System.Collections.Generic.IEnumerable`1[eCommerce.Application.DTOs.Category.CategoryDto]]] GetAllAsync() on controller eCommerce.Api.Controllers.v1.CategoriesController (eCommerce.Api).
2026-05-11 18:12:01.880 +05:30 [INF] Get all categories
2026-05-11 18:12:01.905 +05:30 [INF] Executed DbCommand (10ms) [Parameters=[], CommandType='"Text"', CommandTimeout='30']
SELECT [c].[CategoryId], [c].[CategoryName], [c].[Description]
FROM [Categories] AS [c]
2026-05-11 18:12:01.940 +05:30 [INF] Executing OkObjectResult, writing value of type 'System.Collections.Generic.List`1[[eCommerce.Application.DTOs.Category.CategoryDto, eCommerce.Application, Version=1.0.0.0, Culture=neutral, PublicKeyToken=null]]'.
2026-05-11 18:12:01.940 +05:30 [INF] Executed action eCommerce.Api.Controllers.v1.CategoriesController.GetAllAsync (eCommerce.Api) in 62.5619ms
2026-05-11 18:12:01.940 +05:30 [INF] Executed endpoint 'eCommerce.Api.Controllers.v1.CategoriesController.GetAllAsync (eCommerce.Api)'
2026-05-11 18:12:01.940 +05:30 [INF] Request finished HTTP/2 GET https://localhost:7274/api/v1/Categories - 200 null application/json; charset=utf-8 63.7084ms
2026-05-11 18:12:05.747 +05:30 [INF] Request starting HTTP/2 GET https://localhost:7274/api/v1/Categories - null null
2026-05-11 18:12:05.748 +05:30 [INF] CORS policy execution successful.
2026-05-11 18:12:05.748 +05:30 [INF] Executing endpoint 'eCommerce.Api.Controllers.v1.CategoriesController.GetAllAsync (eCommerce.Api)'
2026-05-11 18:12:05.748 +05:30 [INF] Route matched with {action = "GetAll", controller = "Categories"}. Executing controller action with signature System.Threading.Tasks.Task`1[Microsoft.AspNetCore.Mvc.ActionResult`1[System.Collections.Generic.IEnumerable`1[eCommerce.Application.DTOs.Category.CategoryDto]]] GetAllAsync() on controller eCommerce.Api.Controllers.v1.CategoriesController (eCommerce.Api).
2026-05-11 18:12:05.748 +05:30 [INF] Get all categories
2026-05-11 18:12:05.749 +05:30 [INF] Executing OkObjectResult, writing value of type 'System.Collections.Generic.List`1[[eCommerce.Application.DTOs.Category.CategoryDto, eCommerce.Application, Version=1.0.0.0, Culture=neutral, PublicKeyToken=null]]'.
2026-05-11 18:12:05.749 +05:30 [INF] Executed action eCommerce.Api.Controllers.v1.CategoriesController.GetAllAsync (eCommerce.Api) in 0.6588ms
2026-05-11 18:12:05.749 +05:30 [INF] Executed endpoint 'eCommerce.Api.Controllers.v1.CategoriesController.GetAllAsync (eCommerce.Api)'
2026-05-11 18:12:05.749 +05:30 [INF] Request finished HTTP/2 GET https://localhost:7274/api/v1/Categories - 200 null application/json; charset=utf-8 2.6795ms
2026-05-11 18:12:08.844 +05:30 [INF] Request starting HTTP/2 GET https://localhost:7274/api/v1/Categories/1 - null null
2026-05-11 18:12:08.845 +05:30 [INF] CORS policy execution successful.
2026-05-11 18:12:08.845 +05:30 [INF] Executing endpoint 'eCommerce.Api.Controllers.v1.CategoriesController.GetById (eCommerce.Api)'
2026-05-11 18:12:08.845 +05:30 [INF] Route matched with {action = "GetById", controller = "Categories"}. Executing controller action with signature System.Threading.Tasks.Task`1[Microsoft.AspNetCore.Mvc.ActionResult`1[eCommerce.Application.DTOs.Category.CategoryDto]] GetById(Int32) on controller eCommerce.Api.Controllers.v1.CategoriesController (eCommerce.Api).
2026-05-11 18:12:08.845 +05:30 [INF] Fetching category 1
2026-05-11 18:12:08.857 +05:30 [INF] Executed DbCommand (9ms) [Parameters=[@__p_0='?' (DbType = Int32)], CommandType='"Text"', CommandTimeout='30']
SELECT TOP(1) [c].[CategoryId], [c].[CategoryName], [c].[Description]
FROM [Categories] AS [c]
WHERE [c].[CategoryId] = @__p_0
2026-05-11 18:12:08.860 +05:30 [INF] Executing OkObjectResult, writing value of type 'eCommerce.Application.DTOs.Category.CategoryDto'.
2026-05-11 18:12:08.861 +05:30 [INF] Executed action eCommerce.Api.Controllers.v1.CategoriesController.GetById (eCommerce.Api) in 15.7462ms
2026-05-11 18:12:08.861 +05:30 [INF] Executed endpoint 'eCommerce.Api.Controllers.v1.CategoriesController.GetById (eCommerce.Api)'
2026-05-11 18:12:08.861 +05:30 [INF] Request finished HTTP/2 GET https://localhost:7274/api/v1/Categories/1 - 200 null application/json; charset=utf-8 18.3676ms
2026-05-11 18:12:11.877 +05:30 [INF] Request starting HTTP/2 GET https://localhost:7274/api/v1/Categories/2 - null null
2026-05-11 18:12:11.878 +05:30 [INF] CORS policy execution successful.
2026-05-11 18:12:11.878 +05:30 [INF] Executing endpoint 'eCommerce.Api.Controllers.v1.CategoriesController.GetById (eCommerce.Api)'
2026-05-11 18:12:11.878 +05:30 [INF] Route matched with {action = "GetById", controller = "Categories"}. Executing controller action with signature System.Threading.Tasks.Task`1[Microsoft.AspNetCore.Mvc.ActionResult`1[eCommerce.Application.DTOs.Category.CategoryDto]] GetById(Int32) on controller eCommerce.Api.Controllers.v1.CategoriesController (eCommerce.Api).
2026-05-11 18:12:11.879 +05:30 [INF] Fetching category 2
2026-05-11 18:12:11.893 +05:30 [INF] Executed DbCommand (12ms) [Parameters=[@__p_0='?' (DbType = Int32)], CommandType='"Text"', CommandTimeout='30']
SELECT TOP(1) [c].[CategoryId], [c].[CategoryName], [c].[Description]
FROM [Categories] AS [c]
WHERE [c].[CategoryId] = @__p_0
2026-05-11 18:12:11.894 +05:30 [INF] Executing OkObjectResult, writing value of type 'eCommerce.Application.DTOs.Category.CategoryDto'.
2026-05-11 18:12:11.895 +05:30 [INF] Executed action eCommerce.Api.Controllers.v1.CategoriesController.GetById (eCommerce.Api) in 16.3509ms
2026-05-11 18:12:11.895 +05:30 [INF] Executed endpoint 'eCommerce.Api.Controllers.v1.CategoriesController.GetById (eCommerce.Api)'
2026-05-11 18:12:11.895 +05:30 [INF] Request finished HTTP/2 GET https://localhost:7274/api/v1/Categories/2 - 200 null application/json; charset=utf-8 19.1373ms
2026-05-11 18:20:35.900 +05:30 [INF] Request starting HTTP/2 GET https://localhost:7274/api/v1/Categories - null null
2026-05-11 18:20:35.945 +05:30 [INF] CORS policy execution successful.
2026-05-11 18:20:35.949 +05:30 [INF] Executing endpoint 'eCommerce.Api.Controllers.v1.CategoriesController.GetAllAsync (eCommerce.Api)'
2026-05-11 18:20:35.955 +05:30 [INF] Route matched with {action = "GetAll", controller = "Categories"}. Executing controller action with signature System.Threading.Tasks.Task`1[Microsoft.AspNetCore.Mvc.ActionResult`1[System.Collections.Generic.IEnumerable`1[eCommerce.Application.DTOs.Category.CategoryDto]]] GetAllAsync() on controller eCommerce.Api.Controllers.v1.CategoriesController (eCommerce.Api).
2026-05-11 18:20:35.978 +05:30 [INF] Get all categories
2026-05-11 18:20:37.010 +05:30 [INF] Executed DbCommand (65ms) [Parameters=[], CommandType='"Text"', CommandTimeout='30']
SELECT [c].[CategoryId], [c].[CategoryName], [c].[Description]
FROM [Categories] AS [c]
2026-05-11 18:20:37.028 +05:30 [INF] Executing OkObjectResult, writing value of type 'System.Collections.Generic.List`1[[eCommerce.Application.DTOs.Category.CategoryDto, eCommerce.Application, Version=1.0.0.0, Culture=neutral, PublicKeyToken=null]]'.
2026-05-11 18:20:37.031 +05:30 [INF] Executed action eCommerce.Api.Controllers.v1.CategoriesController.GetAllAsync (eCommerce.Api) in 1074.8527ms
2026-05-11 18:20:37.032 +05:30 [INF] Executed endpoint 'eCommerce.Api.Controllers.v1.CategoriesController.GetAllAsync (eCommerce.Api)'
2026-05-11 18:20:37.033 +05:30 [INF] Request finished HTTP/2 GET https://localhost:7274/api/v1/Categories - 200 null application/json; charset=utf-8 1142.5022ms
2026-05-11 18:20:44.233 +05:30 [INF] Request starting HTTP/2 GET https://localhost:7274/api/v1/Categories - null null
2026-05-11 18:20:44.234 +05:30 [INF] CORS policy execution successful.
2026-05-11 18:20:44.234 +05:30 [INF] Executing endpoint 'eCommerce.Api.Controllers.v1.CategoriesController.GetAllAsync (eCommerce.Api)'
2026-05-11 18:20:44.234 +05:30 [INF] Route matched with {action = "GetAll", controller = "Categories"}. Executing controller action with signature System.Threading.Tasks.Task`1[Microsoft.AspNetCore.Mvc.ActionResult`1[System.Collections.Generic.IEnumerable`1[eCommerce.Application.DTOs.Category.CategoryDto]]] GetAllAsync() on controller eCommerce.Api.Controllers.v1.CategoriesController (eCommerce.Api).
2026-05-11 18:20:44.235 +05:30 [INF] Get all categories
2026-05-11 18:20:44.235 +05:30 [INF] Executing OkObjectResult, writing value of type 'System.Collections.Generic.List`1[[eCommerce.Application.DTOs.Category.CategoryDto, eCommerce.Application, Version=1.0.0.0, Culture=neutral, PublicKeyToken=null]]'.
2026-05-11 18:20:44.235 +05:30 [INF] Executed action eCommerce.Api.Controllers.v1.CategoriesController.GetAllAsync (eCommerce.Api) in 0.6858ms
2026-05-11 18:20:44.235 +05:30 [INF] Executed endpoint 'eCommerce.Api.Controllers.v1.CategoriesController.GetAllAsync (eCommerce.Api)'
2026-05-11 18:20:44.236 +05:30 [INF] Request finished HTTP/2 GET https://localhost:7274/api/v1/Categories - 200 null application/json; charset=utf-8 6.4014ms
2026-05-11 18:20:46.234 +05:30 [INF] Request starting HTTP/2 GET https://localhost:7274/api/v1/Categories/1 - null null
2026-05-11 18:20:46.239 +05:30 [INF] CORS policy execution successful.
2026-05-11 18:20:46.239 +05:30 [INF] Executing endpoint 'eCommerce.Api.Controllers.v1.CategoriesController.GetById (eCommerce.Api)'
2026-05-11 18:20:46.239 +05:30 [INF] Route matched with {action = "GetById", controller = "Categories"}. Executing controller action with signature System.Threading.Tasks.Task`1[Microsoft.AspNetCore.Mvc.ActionResult`1[eCommerce.Application.DTOs.Category.CategoryDto]] GetById(Int32) on controller eCommerce.Api.Controllers.v1.CategoriesController (eCommerce.Api).
2026-05-11 18:20:46.248 +05:30 [INF] Fetching category 1
2026-05-11 18:20:46.335 +05:30 [INF] Executed DbCommand (50ms) [Parameters=[@__p_0='?' (DbType = Int32)], CommandType='"Text"', CommandTimeout='30']
SELECT TOP(1) [c].[CategoryId], [c].[CategoryName], [c].[Description]
FROM [Categories] AS [c]
WHERE [c].[CategoryId] = @__p_0
2026-05-11 18:20:46.336 +05:30 [INF] Executing OkObjectResult, writing value of type 'eCommerce.Application.DTOs.Category.CategoryDto'.
2026-05-11 18:20:46.336 +05:30 [INF] Executed action eCommerce.Api.Controllers.v1.CategoriesController.GetById (eCommerce.Api) in 96.3514ms
2026-05-11 18:20:46.336 +05:30 [INF] Executed endpoint 'eCommerce.Api.Controllers.v1.CategoriesController.GetById (eCommerce.Api)'
2026-05-11 18:20:46.336 +05:30 [INF] Request finished HTTP/2 GET https://localhost:7274/api/v1/Categories/1 - 200 null application/json; charset=utf-8 104.454ms
2026-05-11 18:20:50.286 +05:30 [INF] Request starting HTTP/2 GET https://localhost:7274/api/v1/Categories/2 - null null
2026-05-11 18:20:50.287 +05:30 [INF] CORS policy execution successful.
2026-05-11 18:20:50.288 +05:30 [INF] Executing endpoint 'eCommerce.Api.Controllers.v1.CategoriesController.GetById (eCommerce.Api)'
2026-05-11 18:20:50.288 +05:30 [INF] Route matched with {action = "GetById", controller = "Categories"}. Executing controller action with signature System.Threading.Tasks.Task`1[Microsoft.AspNetCore.Mvc.ActionResult`1[eCommerce.Application.DTOs.Category.CategoryDto]] GetById(Int32) on controller eCommerce.Api.Controllers.v1.CategoriesController (eCommerce.Api).
2026-05-11 18:20:50.289 +05:30 [INF] Fetching category 2
2026-05-11 18:20:50.308 +05:30 [INF] Executed DbCommand (8ms) [Parameters=[@__p_0='?' (DbType = Int32)], CommandType='"Text"', CommandTimeout='30']
SELECT TOP(1) [c].[CategoryId], [c].[CategoryName], [c].[Description]
FROM [Categories] AS [c]
WHERE [c].[CategoryId] = @__p_0
2026-05-11 18:20:50.309 +05:30 [INF] Executing OkObjectResult, writing value of type 'eCommerce.Application.DTOs.Category.CategoryDto'.
2026-05-11 18:20:50.309 +05:30 [INF] Executed action eCommerce.Api.Controllers.v1.CategoriesController.GetById (eCommerce.Api) in 21.2682ms
2026-05-11 18:20:50.309 +05:30 [INF] Executed endpoint 'eCommerce.Api.Controllers.v1.CategoriesController.GetById (eCommerce.Api)'
2026-05-11 18:20:50.310 +05:30 [INF] Request finished HTTP/2 GET https://localhost:7274/api/v1/Categories/2 - 200 null application/json; charset=utf-8 23.7029ms
2026-05-11 18:20:51.289 +05:30 [INF] Request starting HTTP/2 GET https://localhost:7274/api/v1/Categories/1002 - null null
2026-05-11 18:20:51.290 +05:30 [INF] CORS policy execution successful.
2026-05-11 18:20:51.290 +05:30 [INF] Executing endpoint 'eCommerce.Api.Controllers.v1.CategoriesController.GetById (eCommerce.Api)'
2026-05-11 18:20:51.290 +05:30 [INF] Route matched with {action = "GetById", controller = "Categories"}. Executing controller action with signature System.Threading.Tasks.Task`1[Microsoft.AspNetCore.Mvc.ActionResult`1[eCommerce.Application.DTOs.Category.CategoryDto]] GetById(Int32) on controller eCommerce.Api.Controllers.v1.CategoriesController (eCommerce.Api).
2026-05-11 18:20:51.291 +05:30 [INF] Fetching category 1002
2026-05-11 18:20:51.306 +05:30 [INF] Executed DbCommand (8ms) [Parameters=[@__p_0='?' (DbType = Int32)], CommandType='"Text"', CommandTimeout='30']
SELECT TOP(1) [c].[CategoryId], [c].[CategoryName], [c].[Description]
FROM [Categories] AS [c]
WHERE [c].[CategoryId] = @__p_0
2026-05-11 18:20:51.309 +05:30 [INF] Executing OkObjectResult, writing value of type 'eCommerce.Application.DTOs.Category.CategoryDto'.
2026-05-11 18:20:51.310 +05:30 [INF] Executed action eCommerce.Api.Controllers.v1.CategoriesController.GetById (eCommerce.Api) in 19.3152ms
2026-05-11 18:20:51.310 +05:30 [INF] Executed endpoint 'eCommerce.Api.Controllers.v1.CategoriesController.GetById (eCommerce.Api)'
2026-05-11 18:20:51.310 +05:30 [INF] Request finished HTTP/2 GET https://localhost:7274/api/v1/Categories/1002 - 200 null application/json; charset=utf-8 21.8749ms
2026-05-11 18:20:53.321 +05:30 [INF] Request starting HTTP/2 GET https://localhost:7274/api/v1/Categories/1003 - null null
2026-05-11 18:20:53.322 +05:30 [INF] CORS policy execution successful.
2026-05-11 18:20:53.322 +05:30 [INF] Executing endpoint 'eCommerce.Api.Controllers.v1.CategoriesController.GetById (eCommerce.Api)'
2026-05-11 18:20:53.322 +05:30 [INF] Route matched with {action = "GetById", controller = "Categories"}. Executing controller action with signature System.Threading.Tasks.Task`1[Microsoft.AspNetCore.Mvc.ActionResult`1[eCommerce.Application.DTOs.Category.CategoryDto]] GetById(Int32) on controller eCommerce.Api.Controllers.v1.CategoriesController (eCommerce.Api).
2026-05-11 18:20:53.323 +05:30 [INF] Fetching category 1003
2026-05-11 18:20:53.335 +05:30 [INF] Executed DbCommand (8ms) [Parameters=[@__p_0='?' (DbType = Int32)], CommandType='"Text"', CommandTimeout='30']
SELECT TOP(1) [c].[CategoryId], [c].[CategoryName], [c].[Description]
FROM [Categories] AS [c]
WHERE [c].[CategoryId] = @__p_0
2026-05-11 18:20:53.341 +05:30 [INF] Executing OkObjectResult, writing value of type 'eCommerce.Application.DTOs.Category.CategoryDto'.
2026-05-11 18:20:53.342 +05:30 [INF] Executed action eCommerce.Api.Controllers.v1.CategoriesController.GetById (eCommerce.Api) in 20.0085ms
2026-05-11 18:20:53.342 +05:30 [INF] Executed endpoint 'eCommerce.Api.Controllers.v1.CategoriesController.GetById (eCommerce.Api)'
2026-05-11 18:20:53.342 +05:30 [INF] Request finished HTTP/2 GET https://localhost:7274/api/v1/Categories/1003 - 200 null application/json; charset=utf-8 21.3988ms
2026-05-11 18:22:36.449 +05:30 [INF] Request starting HTTP/2 GET https://localhost:7274/api/v1/Categories - null null
2026-05-11 18:22:36.463 +05:30 [INF] CORS policy execution successful.
2026-05-11 18:22:36.464 +05:30 [INF] Executing endpoint 'eCommerce.Api.Controllers.v1.CategoriesController.GetAllAsync (eCommerce.Api)'
2026-05-11 18:22:36.466 +05:30 [INF] Route matched with {action = "GetAll", controller = "Categories"}. Executing controller action with signature System.Threading.Tasks.Task`1[Microsoft.AspNetCore.Mvc.ActionResult`1[System.Collections.Generic.IEnumerable`1[eCommerce.Application.DTOs.Category.CategoryDto]]] GetAllAsync() on controller eCommerce.Api.Controllers.v1.CategoriesController (eCommerce.Api).
2026-05-11 18:22:36.473 +05:30 [INF] Get all categories
2026-05-11 18:22:36.720 +05:30 [INF] Executed DbCommand (155ms) [Parameters=[], CommandType='"Text"', CommandTimeout='30']
SELECT [c].[CategoryId], [c].[CategoryName], [c].[Description]
FROM [Categories] AS [c]
2026-05-11 18:22:36.726 +05:30 [INF] Executing OkObjectResult, writing value of type 'System.Collections.Generic.List`1[[eCommerce.Application.DTOs.Category.CategoryDto, eCommerce.Application, Version=1.0.0.0, Culture=neutral, PublicKeyToken=null]]'.
2026-05-11 18:22:36.727 +05:30 [INF] Executed action eCommerce.Api.Controllers.v1.CategoriesController.GetAllAsync (eCommerce.Api) in 260.6585ms
2026-05-11 18:22:36.728 +05:30 [INF] Executed endpoint 'eCommerce.Api.Controllers.v1.CategoriesController.GetAllAsync (eCommerce.Api)'
2026-05-11 18:22:36.728 +05:30 [INF] Request finished HTTP/2 GET https://localhost:7274/api/v1/Categories - 200 null application/json; charset=utf-8 280.9542ms
2026-05-11 18:22:36.734 +05:30 [INF] Request starting HTTP/2 GET https://localhost:7274/api/v1/Categories - null null
2026-05-11 18:22:36.735 +05:30 [INF] CORS policy execution successful.
2026-05-11 18:22:36.736 +05:30 [INF] Executing endpoint 'eCommerce.Api.Controllers.v1.CategoriesController.GetAllAsync (eCommerce.Api)'
2026-05-11 18:22:36.736 +05:30 [INF] Route matched with {action = "GetAll", controller = "Categories"}. Executing controller action with signature System.Threading.Tasks.Task`1[Microsoft.AspNetCore.Mvc.ActionResult`1[System.Collections.Generic.IEnumerable`1[eCommerce.Application.DTOs.Category.CategoryDto]]] GetAllAsync() on controller eCommerce.Api.Controllers.v1.CategoriesController (eCommerce.Api).
2026-05-11 18:22:36.737 +05:30 [INF] Get all categories
2026-05-11 18:22:36.737 +05:30 [INF] Executing OkObjectResult, writing value of type 'System.Collections.Generic.List`1[[eCommerce.Application.DTOs.Category.CategoryDto, eCommerce.Application, Version=1.0.0.0, Culture=neutral, PublicKeyToken=null]]'.
2026-05-11 18:22:36.737 +05:30 [INF] Executed action eCommerce.Api.Controllers.v1.CategoriesController.GetAllAsync (eCommerce.Api) in 1.209ms
2026-05-11 18:22:36.738 +05:30 [INF] Executed endpoint 'eCommerce.Api.Controllers.v1.CategoriesController.GetAllAsync (eCommerce.Api)'
2026-05-11 18:22:36.738 +05:30 [INF] Request finished HTTP/2 GET https://localhost:7274/api/v1/Categories - 200 null application/json; charset=utf-8 4.7086ms
2026-05-11 18:22:45.256 +05:30 [INF] Request starting HTTP/2 GET https://localhost:7274/api/v1/Categories - null null
2026-05-11 18:22:45.257 +05:30 [INF] CORS policy execution successful.
2026-05-11 18:22:45.257 +05:30 [INF] Executing endpoint 'eCommerce.Api.Controllers.v1.CategoriesController.GetAllAsync (eCommerce.Api)'
2026-05-11 18:22:45.259 +05:30 [INF] Route matched with {action = "GetAll", controller = "Categories"}. Executing controller action with signature System.Threading.Tasks.Task`1[Microsoft.AspNetCore.Mvc.ActionResult`1[System.Collections.Generic.IEnumerable`1[eCommerce.Application.DTOs.Category.CategoryDto]]] GetAllAsync() on controller eCommerce.Api.Controllers.v1.CategoriesController (eCommerce.Api).
2026-05-11 18:22:45.259 +05:30 [INF] Get all categories
2026-05-11 18:22:45.260 +05:30 [INF] Executing OkObjectResult, writing value of type 'System.Collections.Generic.List`1[[eCommerce.Application.DTOs.Category.CategoryDto, eCommerce.Application, Version=1.0.0.0, Culture=neutral, PublicKeyToken=null]]'.
2026-05-11 18:22:45.261 +05:30 [INF] Executed action eCommerce.Api.Controllers.v1.CategoriesController.GetAllAsync (eCommerce.Api) in 2.1931ms
2026-05-11 18:22:45.261 +05:30 [INF] Executed endpoint 'eCommerce.Api.Controllers.v1.CategoriesController.GetAllAsync (eCommerce.Api)'
2026-05-11 18:22:45.261 +05:30 [INF] Request finished HTTP/2 GET https://localhost:7274/api/v1/Categories - 200 null application/json; charset=utf-8 5.7924ms
2026-05-11 18:22:45.318 +05:30 [INF] Request starting HTTP/2 GET https://localhost:7274/api/v1/Categories - null null
2026-05-11 18:22:45.353 +05:30 [INF] CORS policy execution successful.
2026-05-11 18:22:45.353 +05:30 [INF] Executing endpoint 'eCommerce.Api.Controllers.v1.CategoriesController.GetAllAsync (eCommerce.Api)'
2026-05-11 18:22:45.354 +05:30 [INF] Route matched with {action = "GetAll", controller = "Categories"}. Executing controller action with signature System.Threading.Tasks.Task`1[Microsoft.AspNetCore.Mvc.ActionResult`1[System.Collections.Generic.IEnumerable`1[eCommerce.Application.DTOs.Category.CategoryDto]]] GetAllAsync() on controller eCommerce.Api.Controllers.v1.CategoriesController (eCommerce.Api).
2026-05-11 18:22:45.355 +05:30 [INF] Get all categories
2026-05-11 18:22:45.355 +05:30 [INF] Executing OkObjectResult, writing value of type 'System.Collections.Generic.List`1[[eCommerce.Application.DTOs.Category.CategoryDto, eCommerce.Application, Version=1.0.0.0, Culture=neutral, PublicKeyToken=null]]'.
2026-05-11 18:22:45.356 +05:30 [INF] Executed action eCommerce.Api.Controllers.v1.CategoriesController.GetAllAsync (eCommerce.Api) in 1.7192ms
2026-05-11 18:22:45.356 +05:30 [INF] Executed endpoint 'eCommerce.Api.Controllers.v1.CategoriesController.GetAllAsync (eCommerce.Api)'
2026-05-11 18:22:45.356 +05:30 [INF] Request finished HTTP/2 GET https://localhost:7274/api/v1/Categories - 200 null application/json; charset=utf-8 39.2196ms
2026-05-11 18:32:13.433 +05:30 [INF] Request starting HTTP/2 GET https://localhost:7274/api/v1/Categories - null null
2026-05-11 18:32:13.435 +05:30 [INF] CORS policy execution successful.
2026-05-11 18:32:13.435 +05:30 [INF] Executing endpoint 'eCommerce.Api.Controllers.v1.CategoriesController.GetAllAsync (eCommerce.Api)'
2026-05-11 18:32:13.435 +05:30 [INF] Route matched with {action = "GetAll", controller = "Categories"}. Executing controller action with signature System.Threading.Tasks.Task`1[Microsoft.AspNetCore.Mvc.ActionResult`1[System.Collections.Generic.IEnumerable`1[eCommerce.Application.DTOs.Category.CategoryDto]]] GetAllAsync() on controller eCommerce.Api.Controllers.v1.CategoriesController (eCommerce.Api).
2026-05-11 18:32:13.438 +05:30 [INF] Get all categories
2026-05-11 19:11:39.375 +05:30 [ERR] Failed executing DbCommand (2,365,045ms) [Parameters=[], CommandType='"Text"', CommandTimeout='30']
SELECT [c].[CategoryId], [c].[CategoryName], [c].[Description]
FROM [Categories] AS [c]
2026-05-11 19:11:42.430 +05:30 [ERR] An exception occurred while iterating over the results of a query for context type 'eCommerce.Infrastructure.eCommerceDbContext'.
Microsoft.Data.SqlClient.SqlException (0x80131904): Execution Timeout Expired.  The timeout period elapsed prior to completion of the operation or the server is not responding.
 ---> System.ComponentModel.Win32Exception (258): The wait operation timed out.
   at System.Threading.Tasks.ContinuationResultTaskFromResultTask`2.InnerInvoke()
   at System.Threading.ExecutionContext.RunInternal(ExecutionContext executionContext, ContextCallback callback, Object state)
--- End of stack trace from previous location ---
   at System.Threading.ExecutionContext.RunInternal(ExecutionContext executionContext, ContextCallback callback, Object state)
   at System.Threading.Tasks.Task.ExecuteWithThreadLocal(Task& currentTaskSlot, Thread threadPoolThread)
--- End of stack trace from previous location ---
   at Microsoft.EntityFrameworkCore.Storage.RelationalCommand.ExecuteReaderAsync(RelationalCommandParameterObject parameterObject, CancellationToken cancellationToken)
   at Microsoft.EntityFrameworkCore.Storage.RelationalCommand.ExecuteReaderAsync(RelationalCommandParameterObject parameterObject, CancellationToken cancellationToken)
   at Microsoft.EntityFrameworkCore.Query.Internal.SingleQueryingEnumerable`1.AsyncEnumerator.InitializeReaderAsync(AsyncEnumerator enumerator, CancellationToken cancellationToken)
   at Microsoft.EntityFrameworkCore.SqlServer.Storage.Internal.SqlServerExecutionStrategy.ExecuteAsync[TState,TResult](TState state, Func`4 operation, Func`4 verifySucceeded, CancellationToken cancellationToken)
   at Microsoft.EntityFrameworkCore.Query.Internal.SingleQueryingEnumerable`1.AsyncEnumerator.MoveNextAsync()
ClientConnectionId:09a2e6f2-15c8-478c-97eb-753bffff259c
Error Number:-2,State:0,Class:11
Microsoft.Data.SqlClient.SqlException (0x80131904): Execution Timeout Expired.  The timeout period elapsed prior to completion of the operation or the server is not responding.
 ---> System.ComponentModel.Win32Exception (258): The wait operation timed out.
   at System.Threading.Tasks.ContinuationResultTaskFromResultTask`2.InnerInvoke()
   at System.Threading.ExecutionContext.RunInternal(ExecutionContext executionContext, ContextCallback callback, Object state)
--- End of stack trace from previous location ---
   at System.Threading.ExecutionContext.RunInternal(ExecutionContext executionContext, ContextCallback callback, Object state)
   at System.Threading.Tasks.Task.ExecuteWithThreadLocal(Task& currentTaskSlot, Thread threadPoolThread)
--- End of stack trace from previous location ---
   at Microsoft.EntityFrameworkCore.Storage.RelationalCommand.ExecuteReaderAsync(RelationalCommandParameterObject parameterObject, CancellationToken cancellationToken)
   at Microsoft.EntityFrameworkCore.Storage.RelationalCommand.ExecuteReaderAsync(RelationalCommandParameterObject parameterObject, CancellationToken cancellationToken)
   at Microsoft.EntityFrameworkCore.Query.Internal.SingleQueryingEnumerable`1.AsyncEnumerator.InitializeReaderAsync(AsyncEnumerator enumerator, CancellationToken cancellationToken)
   at Microsoft.EntityFrameworkCore.SqlServer.Storage.Internal.SqlServerExecutionStrategy.ExecuteAsync[TState,TResult](TState state, Func`4 operation, Func`4 verifySucceeded, CancellationToken cancellationToken)
   at Microsoft.EntityFrameworkCore.Query.Internal.SingleQueryingEnumerable`1.AsyncEnumerator.MoveNextAsync()
ClientConnectionId:09a2e6f2-15c8-478c-97eb-753bffff259c
Error Number:-2,State:0,Class:11
2026-05-11 19:11:44.021 +05:30 [INF] Executed action eCommerce.Api.Controllers.v1.CategoriesController.GetAllAsync (eCommerce.Api) in 2370576.6365ms
2026-05-11 19:11:44.045 +05:30 [INF] Executed endpoint 'eCommerce.Api.Controllers.v1.CategoriesController.GetAllAsync (eCommerce.Api)'
2026-05-11 19:11:44.154 +05:30 [ERR] An unhandled exception has occurred while executing the request.
Microsoft.Data.SqlClient.SqlException (0x80131904): Execution Timeout Expired.  The timeout period elapsed prior to completion of the operation or the server is not responding.
 ---> System.ComponentModel.Win32Exception (258): The wait operation timed out.
   at System.Threading.Tasks.ContinuationResultTaskFromResultTask`2.InnerInvoke()
   at System.Threading.ExecutionContext.RunInternal(ExecutionContext executionContext, ContextCallback callback, Object state)
--- End of stack trace from previous location ---
   at System.Threading.ExecutionContext.RunInternal(ExecutionContext executionContext, ContextCallback callback, Object state)
   at System.Threading.Tasks.Task.ExecuteWithThreadLocal(Task& currentTaskSlot, Thread threadPoolThread)
--- End of stack trace from previous location ---
   at Microsoft.EntityFrameworkCore.Storage.RelationalCommand.ExecuteReaderAsync(RelationalCommandParameterObject parameterObject, CancellationToken cancellationToken)
   at Microsoft.EntityFrameworkCore.Storage.RelationalCommand.ExecuteReaderAsync(RelationalCommandParameterObject parameterObject, CancellationToken cancellationToken)
   at Microsoft.EntityFrameworkCore.Query.Internal.SingleQueryingEnumerable`1.AsyncEnumerator.InitializeReaderAsync(AsyncEnumerator enumerator, CancellationToken cancellationToken)
   at Microsoft.EntityFrameworkCore.SqlServer.Storage.Internal.SqlServerExecutionStrategy.ExecuteAsync[TState,TResult](TState state, Func`4 operation, Func`4 verifySucceeded, CancellationToken cancellationToken)
   at Microsoft.EntityFrameworkCore.Query.Internal.SingleQueryingEnumerable`1.AsyncEnumerator.MoveNextAsync()
   at Microsoft.EntityFrameworkCore.EntityFrameworkQueryableExtensions.ToListAsync[TSource](IQueryable`1 source, CancellationToken cancellationToken)
   at Microsoft.EntityFrameworkCore.EntityFrameworkQueryableExtensions.ToListAsync[TSource](IQueryable`1 source, CancellationToken cancellationToken)
   at eCommerce.Infrastructure.CommonRepository`1.GetAllAsync() in C:\Users\pilli\OneDrive\Desktop\.net&angular training\ASP.NETCoreWebAPI\CleanArchitecture\eCommerce.Infrastructure\CommonRepository.cs:line 16
   at eCommerce.Application.Services.CategoryService.GetCategoriesAsync() in C:\Users\pilli\OneDrive\Desktop\.net&angular training\ASP.NETCoreWebAPI\CleanArchitecture\eCommerce.Application\Services\CategoryService.cs:line 19
   at eCommerce.Api.Controllers.v1.CategoriesController.GetAllAsync() in C:\Users\pilli\OneDrive\Desktop\.net&angular training\ASP.NETCoreWebAPI\CleanArchitecture\eCommerce.Api\Controllers\v1\CategoriesController.cs:line 30
   at lambda_method11(Closure, Object)
   at Microsoft.AspNetCore.Mvc.Infrastructure.ActionMethodExecutor.AwaitableObjectResultExecutor.Execute(ActionContext actionContext, IActionResultTypeMapper mapper, ObjectMethodExecutor executor, Object controller, Object[] arguments)
   at Microsoft.AspNetCore.Mvc.Infrastructure.ControllerActionInvoker.<InvokeActionMethodAsync>g__Awaited|12_0(ControllerActionInvoker invoker, ValueTask`1 actionResultValueTask)
   at Microsoft.AspNetCore.Mvc.Infrastructure.ControllerActionInvoker.<InvokeNextActionFilterAsync>g__Awaited|10_0(ControllerActionInvoker invoker, Task lastTask, State next, Scope scope, Object state, Boolean isCompleted)
   at Microsoft.AspNetCore.Mvc.Infrastructure.ControllerActionInvoker.Rethrow(ActionExecutedContextSealed context)
   at Microsoft.AspNetCore.Mvc.Infrastructure.ControllerActionInvoker.Next(State& next, Scope& scope, Object& state, Boolean& isCompleted)
   at Microsoft.AspNetCore.Mvc.Infrastructure.ControllerActionInvoker.<InvokeInnerFilterAsync>g__Awaited|13_0(ControllerActionInvoker invoker, Task lastTask, State next, Scope scope, Object state, Boolean isCompleted)
   at Microsoft.AspNetCore.Mvc.Infrastructure.ResourceInvoker.<InvokeFilterPipelineAsync>g__Awaited|20_0(ResourceInvoker invoker, Task lastTask, State next, Scope scope, Object state, Boolean isCompleted)
   at Microsoft.AspNetCore.Mvc.Infrastructure.ResourceInvoker.<InvokeAsync>g__Logged|17_1(ResourceInvoker invoker)
   at Microsoft.AspNetCore.Mvc.Infrastructure.ResourceInvoker.<InvokeAsync>g__Logged|17_1(ResourceInvoker invoker)
   at Microsoft.AspNetCore.Routing.EndpointMiddleware.<Invoke>g__AwaitRequestTask|7_0(Endpoint endpoint, Task requestTask, ILogger logger)
   at Microsoft.AspNetCore.Authorization.AuthorizationMiddleware.Invoke(HttpContext context)
   at Microsoft.AspNetCore.Authentication.AuthenticationMiddleware.Invoke(HttpContext context)
   at Swashbuckle.AspNetCore.SwaggerUI.SwaggerUIMiddleware.Invoke(HttpContext httpContext)
   at Swashbuckle.AspNetCore.Swagger.SwaggerMiddleware.Invoke(HttpContext httpContext, ISwaggerProvider swaggerProvider)
   at Microsoft.AspNetCore.Diagnostics.ExceptionHandlerMiddlewareImpl.<Invoke>g__Awaited|10_0(ExceptionHandlerMiddlewareImpl middleware, HttpContext context, Task task)
ClientConnectionId:09a2e6f2-15c8-478c-97eb-753bffff259c
Error Number:-2,State:0,Class:11
2026-05-11 19:11:44.559 +05:30 [ERR] Exception occurred: Execution Timeout Expired.  The timeout period elapsed prior to completion of the operation or the server is not responding.
Microsoft.Data.SqlClient.SqlException (0x80131904): Execution Timeout Expired.  The timeout period elapsed prior to completion of the operation or the server is not responding.
 ---> System.ComponentModel.Win32Exception (258): The wait operation timed out.
   at System.Threading.Tasks.ContinuationResultTaskFromResultTask`2.InnerInvoke()
   at System.Threading.ExecutionContext.RunInternal(ExecutionContext executionContext, ContextCallback callback, Object state)
--- End of stack trace from previous location ---
   at System.Threading.ExecutionContext.RunInternal(ExecutionContext executionContext, ContextCallback callback, Object state)
   at System.Threading.Tasks.Task.ExecuteWithThreadLocal(Task& currentTaskSlot, Thread threadPoolThread)
--- End of stack trace from previous location ---
   at Microsoft.EntityFrameworkCore.Storage.RelationalCommand.ExecuteReaderAsync(RelationalCommandParameterObject parameterObject, CancellationToken cancellationToken)
   at Microsoft.EntityFrameworkCore.Storage.RelationalCommand.ExecuteReaderAsync(RelationalCommandParameterObject parameterObject, CancellationToken cancellationToken)
   at Microsoft.EntityFrameworkCore.Query.Internal.SingleQueryingEnumerable`1.AsyncEnumerator.InitializeReaderAsync(AsyncEnumerator enumerator, CancellationToken cancellationToken)
   at Microsoft.EntityFrameworkCore.SqlServer.Storage.Internal.SqlServerExecutionStrategy.ExecuteAsync[TState,TResult](TState state, Func`4 operation, Func`4 verifySucceeded, CancellationToken cancellationToken)
   at Microsoft.EntityFrameworkCore.Query.Internal.SingleQueryingEnumerable`1.AsyncEnumerator.MoveNextAsync()
   at Microsoft.EntityFrameworkCore.EntityFrameworkQueryableExtensions.ToListAsync[TSource](IQueryable`1 source, CancellationToken cancellationToken)
   at Microsoft.EntityFrameworkCore.EntityFrameworkQueryableExtensions.ToListAsync[TSource](IQueryable`1 source, CancellationToken cancellationToken)
   at eCommerce.Infrastructure.CommonRepository`1.GetAllAsync() in C:\Users\pilli\OneDrive\Desktop\.net&angular training\ASP.NETCoreWebAPI\CleanArchitecture\eCommerce.Infrastructure\CommonRepository.cs:line 16
   at eCommerce.Application.Services.CategoryService.GetCategoriesAsync() in C:\Users\pilli\OneDrive\Desktop\.net&angular training\ASP.NETCoreWebAPI\CleanArchitecture\eCommerce.Application\Services\CategoryService.cs:line 19
   at eCommerce.Api.Controllers.v1.CategoriesController.GetAllAsync() in C:\Users\pilli\OneDrive\Desktop\.net&angular training\ASP.NETCoreWebAPI\CleanArchitecture\eCommerce.Api\Controllers\v1\CategoriesController.cs:line 30
   at lambda_method11(Closure, Object)
   at Microsoft.AspNetCore.Mvc.Infrastructure.ActionMethodExecutor.AwaitableObjectResultExecutor.Execute(ActionContext actionContext, IActionResultTypeMapper mapper, ObjectMethodExecutor executor, Object controller, Object[] arguments)
   at Microsoft.AspNetCore.Mvc.Infrastructure.ControllerActionInvoker.<InvokeActionMethodAsync>g__Awaited|12_0(ControllerActionInvoker invoker, ValueTask`1 actionResultValueTask)
   at Microsoft.AspNetCore.Mvc.Infrastructure.ControllerActionInvoker.<InvokeNextActionFilterAsync>g__Awaited|10_0(ControllerActionInvoker invoker, Task lastTask, State next, Scope scope, Object state, Boolean isCompleted)
   at Microsoft.AspNetCore.Mvc.Infrastructure.ControllerActionInvoker.Rethrow(ActionExecutedContextSealed context)
   at Microsoft.AspNetCore.Mvc.Infrastructure.ControllerActionInvoker.Next(State& next, Scope& scope, Object& state, Boolean& isCompleted)
   at Microsoft.AspNetCore.Mvc.Infrastructure.ControllerActionInvoker.<InvokeInnerFilterAsync>g__Awaited|13_0(ControllerActionInvoker invoker, Task lastTask, State next, Scope scope, Object state, Boolean isCompleted)
   at Microsoft.AspNetCore.Mvc.Infrastructure.ResourceInvoker.<InvokeFilterPipelineAsync>g__Awaited|20_0(ResourceInvoker invoker, Task lastTask, State next, Scope scope, Object state, Boolean isCompleted)
   at Microsoft.AspNetCore.Mvc.Infrastructure.ResourceInvoker.<InvokeAsync>g__Logged|17_1(ResourceInvoker invoker)
   at Microsoft.AspNetCore.Mvc.Infrastructure.ResourceInvoker.<InvokeAsync>g__Logged|17_1(ResourceInvoker invoker)
   at Microsoft.AspNetCore.Routing.EndpointMiddleware.<Invoke>g__AwaitRequestTask|7_0(Endpoint endpoint, Task requestTask, ILogger logger)
   at Microsoft.AspNetCore.Authorization.AuthorizationMiddleware.Invoke(HttpContext context)
   at Microsoft.AspNetCore.Authentication.AuthenticationMiddleware.Invoke(HttpContext context)
   at Swashbuckle.AspNetCore.SwaggerUI.SwaggerUIMiddleware.Invoke(HttpContext httpContext)
   at Swashbuckle.AspNetCore.Swagger.SwaggerMiddleware.Invoke(HttpContext httpContext, ISwaggerProvider swaggerProvider)
   at Microsoft.AspNetCore.Diagnostics.ExceptionHandlerMiddlewareImpl.<Invoke>g__Awaited|10_0(ExceptionHandlerMiddlewareImpl middleware, HttpContext context, Task task)
ClientConnectionId:09a2e6f2-15c8-478c-97eb-753bffff259c
Error Number:-2,State:0,Class:11
2026-05-11 19:11:46.383 +05:30 [ERR] An exception was thrown attempting to execute the error handler.
System.OperationCanceledException: The operation was canceled.
   at System.Threading.CancellationToken.ThrowOperationCanceledException()
   at System.Text.Json.PooledByteBufferWriter.FlushAsync(CancellationToken cancellationToken)
   at System.Text.Json.Serialization.Metadata.JsonTypeInfo`1.SerializeAsync(PipeWriter pipeWriter, T rootValue, Int32 flushThreshold, CancellationToken cancellationToken, Object rootValueBoxed)
   at System.Text.Json.Serialization.Metadata.JsonTypeInfo`1.SerializeAsync(PipeWriter pipeWriter, T rootValue, Int32 flushThreshold, CancellationToken cancellationToken, Object rootValueBoxed)
   at System.Text.Json.Serialization.Metadata.JsonTypeInfo`1.SerializeAsync(PipeWriter pipeWriter, T rootValue, Int32 flushThreshold, CancellationToken cancellationToken, Object rootValueBoxed)
   at eCommerce.Api.ExceptionHandler.GlobalExceptionHandler.TryHandleAsync(HttpContext httpContext, Exception exception, CancellationToken cancellationToken) in C:\Users\pilli\OneDrive\Desktop\.net&angular training\ASP.NETCoreWebAPI\CleanArchitecture\eCommerce.Api\ExceptionHandler\GolbalExceptionHandler.cs:line 32
   at Microsoft.AspNetCore.Diagnostics.ExceptionHandlerMiddlewareImpl.HandleException(HttpContext context, ExceptionDispatchInfo edi)
2026-05-11 19:11:46.428 +05:30 [ERR] An unhandled exception has occurred while executing the request.
Microsoft.Data.SqlClient.SqlException (0x80131904): Execution Timeout Expired.  The timeout period elapsed prior to completion of the operation or the server is not responding.
 ---> System.ComponentModel.Win32Exception (258): The wait operation timed out.
   at System.Threading.Tasks.ContinuationResultTaskFromResultTask`2.InnerInvoke()
   at System.Threading.ExecutionContext.RunInternal(ExecutionContext executionContext, ContextCallback callback, Object state)
--- End of stack trace from previous location ---
   at System.Threading.ExecutionContext.RunInternal(ExecutionContext executionContext, ContextCallback callback, Object state)
   at System.Threading.Tasks.Task.ExecuteWithThreadLocal(Task& currentTaskSlot, Thread threadPoolThread)
--- End of stack trace from previous location ---
   at Microsoft.EntityFrameworkCore.Storage.RelationalCommand.ExecuteReaderAsync(RelationalCommandParameterObject parameterObject, CancellationToken cancellationToken)
   at Microsoft.EntityFrameworkCore.Storage.RelationalCommand.ExecuteReaderAsync(RelationalCommandParameterObject parameterObject, CancellationToken cancellationToken)
   at Microsoft.EntityFrameworkCore.Query.Internal.SingleQueryingEnumerable`1.AsyncEnumerator.InitializeReaderAsync(AsyncEnumerator enumerator, CancellationToken cancellationToken)
   at Microsoft.EntityFrameworkCore.SqlServer.Storage.Internal.SqlServerExecutionStrategy.ExecuteAsync[TState,TResult](TState state, Func`4 operation, Func`4 verifySucceeded, CancellationToken cancellationToken)
   at Microsoft.EntityFrameworkCore.Query.Internal.SingleQueryingEnumerable`1.AsyncEnumerator.MoveNextAsync()
   at Microsoft.EntityFrameworkCore.EntityFrameworkQueryableExtensions.ToListAsync[TSource](IQueryable`1 source, CancellationToken cancellationToken)
   at Microsoft.EntityFrameworkCore.EntityFrameworkQueryableExtensions.ToListAsync[TSource](IQueryable`1 source, CancellationToken cancellationToken)
   at eCommerce.Infrastructure.CommonRepository`1.GetAllAsync() in C:\Users\pilli\OneDrive\Desktop\.net&angular training\ASP.NETCoreWebAPI\CleanArchitecture\eCommerce.Infrastructure\CommonRepository.cs:line 16
   at eCommerce.Application.Services.CategoryService.GetCategoriesAsync() in C:\Users\pilli\OneDrive\Desktop\.net&angular training\ASP.NETCoreWebAPI\CleanArchitecture\eCommerce.Application\Services\CategoryService.cs:line 19
   at eCommerce.Api.Controllers.v1.CategoriesController.GetAllAsync() in C:\Users\pilli\OneDrive\Desktop\.net&angular training\ASP.NETCoreWebAPI\CleanArchitecture\eCommerce.Api\Controllers\v1\CategoriesController.cs:line 30
   at lambda_method11(Closure, Object)
   at Microsoft.AspNetCore.Mvc.Infrastructure.ActionMethodExecutor.AwaitableObjectResultExecutor.Execute(ActionContext actionContext, IActionResultTypeMapper mapper, ObjectMethodExecutor executor, Object controller, Object[] arguments)
   at Microsoft.AspNetCore.Mvc.Infrastructure.ControllerActionInvoker.<InvokeActionMethodAsync>g__Awaited|12_0(ControllerActionInvoker invoker, ValueTask`1 actionResultValueTask)
   at Microsoft.AspNetCore.Mvc.Infrastructure.ControllerActionInvoker.<InvokeNextActionFilterAsync>g__Awaited|10_0(ControllerActionInvoker invoker, Task lastTask, State next, Scope scope, Object state, Boolean isCompleted)
   at Microsoft.AspNetCore.Mvc.Infrastructure.ControllerActionInvoker.Rethrow(ActionExecutedContextSealed context)
   at Microsoft.AspNetCore.Mvc.Infrastructure.ControllerActionInvoker.Next(State& next, Scope& scope, Object& state, Boolean& isCompleted)
   at Microsoft.AspNetCore.Mvc.Infrastructure.ControllerActionInvoker.<InvokeInnerFilterAsync>g__Awaited|13_0(ControllerActionInvoker invoker, Task lastTask, State next, Scope scope, Object state, Boolean isCompleted)
   at Microsoft.AspNetCore.Mvc.Infrastructure.ResourceInvoker.<InvokeFilterPipelineAsync>g__Awaited|20_0(ResourceInvoker invoker, Task lastTask, State next, Scope scope, Object state, Boolean isCompleted)
   at Microsoft.AspNetCore.Mvc.Infrastructure.ResourceInvoker.<InvokeAsync>g__Logged|17_1(ResourceInvoker invoker)
   at Microsoft.AspNetCore.Mvc.Infrastructure.ResourceInvoker.<InvokeAsync>g__Logged|17_1(ResourceInvoker invoker)
   at Microsoft.AspNetCore.Routing.EndpointMiddleware.<Invoke>g__AwaitRequestTask|7_0(Endpoint endpoint, Task requestTask, ILogger logger)
   at Microsoft.AspNetCore.Authorization.AuthorizationMiddleware.Invoke(HttpContext context)
   at Microsoft.AspNetCore.Authentication.AuthenticationMiddleware.Invoke(HttpContext context)
   at Swashbuckle.AspNetCore.SwaggerUI.SwaggerUIMiddleware.Invoke(HttpContext httpContext)
   at Swashbuckle.AspNetCore.Swagger.SwaggerMiddleware.Invoke(HttpContext httpContext, ISwaggerProvider swaggerProvider)
   at Microsoft.AspNetCore.Diagnostics.ExceptionHandlerMiddlewareImpl.<Invoke>g__Awaited|10_0(ExceptionHandlerMiddlewareImpl middleware, HttpContext context, Task task)
   at Microsoft.AspNetCore.Diagnostics.ExceptionHandlerMiddlewareImpl.HandleException(HttpContext context, ExceptionDispatchInfo edi)
   at Microsoft.AspNetCore.Diagnostics.ExceptionHandlerMiddlewareImpl.<Invoke>g__Awaited|10_0(ExceptionHandlerMiddlewareImpl middleware, HttpContext context, Task task)
   at Microsoft.AspNetCore.Diagnostics.DeveloperExceptionPageMiddlewareImpl.Invoke(HttpContext context)
ClientConnectionId:09a2e6f2-15c8-478c-97eb-753bffff259c
Error Number:-2,State:0,Class:11
2026-05-11 19:11:47.219 +05:30 [INF] Request finished HTTP/2 GET https://localhost:7274/api/v1/Categories - 499 null application/problem+json 2373781.9527ms
2026-05-11 23:07:25.721 +05:30 [INF] Now listening on: https://localhost:7274
2026-05-11 23:07:25.825 +05:30 [INF] Now listening on: http://localhost:5169
2026-05-11 23:07:25.945 +05:30 [INF] Application started. Press Ctrl+C to shut down.
2026-05-11 23:07:25.946 +05:30 [INF] Hosting environment: Development
2026-05-11 23:07:25.946 +05:30 [INF] Content root path: C:\Users\pilli\OneDrive\Desktop\.net&angular training\ASP.NETCoreWebAPI\CleanArchitecture\eCommerce.Api
2026-05-11 23:07:27.014 +05:30 [INF] Request starting HTTP/2 GET https://localhost:7274/swagger/index.html - null null
2026-05-11 23:07:27.494 +05:30 [INF] Request finished HTTP/2 GET https://localhost:7274/swagger/index.html - 200 null text/html;charset=utf-8 502.5817ms
2026-05-11 23:07:27.553 +05:30 [INF] Request starting HTTP/2 GET https://localhost:7274/_framework/aspnetcore-browser-refresh.js - null null
2026-05-11 23:07:27.553 +05:30 [INF] Request starting HTTP/2 GET https://localhost:7274/_vs/browserLink - null null
2026-05-11 23:07:27.576 +05:30 [INF] Request finished HTTP/2 GET https://localhost:7274/_framework/aspnetcore-browser-refresh.js - 200 16511 application/javascript; charset=utf-8 23.6434ms
2026-05-11 23:07:27.943 +05:30 [INF] Request finished HTTP/2 GET https://localhost:7274/_vs/browserLink - 200 null text/javascript; charset=UTF-8 390.7866ms
2026-05-11 23:07:28.050 +05:30 [INF] Request starting HTTP/2 GET https://localhost:7274/swagger/v1/swagger.json - null null
2026-05-11 23:07:28.194 +05:30 [INF] Request finished HTTP/2 GET https://localhost:7274/swagger/v1/swagger.json - 200 null application/json;charset=utf-8 144.5909ms
2026-05-11 23:07:36.857 +05:30 [INF] Request starting HTTP/2 GET https://localhost:7274/api/v1/Categories - null null
2026-05-11 23:07:36.912 +05:30 [INF] Executing endpoint 'eCommerce.Api.Controllers.v1.CategoriesController.GetAllAsync (eCommerce.Api)'
2026-05-11 23:07:36.972 +05:30 [INF] Route matched with {action = "GetAll", controller = "Categories"}. Executing controller action with signature System.Threading.Tasks.Task`1[Microsoft.AspNetCore.Mvc.ActionResult`1[System.Collections.Generic.IEnumerable`1[eCommerce.Application.DTOs.Category.CategoryDto]]] GetAllAsync() on controller eCommerce.Api.Controllers.v1.CategoriesController (eCommerce.Api).
2026-05-11 23:07:37.624 +05:30 [WRN] You do not have a valid license key for the Lucky Penny software AutoMapper. This is allowed for development and testing scenarios. If you are running in production you are required to have a licensed version. Please visit https://luckypennysoftware.com to obtain a valid license.
2026-05-11 23:07:37.640 +05:30 [INF] Get all categories
2026-05-11 23:07:41.527 +05:30 [INF] Executed DbCommand (69ms) [Parameters=[], CommandType='"Text"', CommandTimeout='30']
SELECT [c].[CategoryId], [c].[CategoryName], [c].[Description]
FROM [Categories] AS [c]
2026-05-11 23:07:41.725 +05:30 [INF] Executing OkObjectResult, writing value of type 'System.Collections.Generic.List`1[[eCommerce.Application.DTOs.Category.CategoryDto, eCommerce.Application, Version=1.0.0.0, Culture=neutral, PublicKeyToken=null]]'.
2026-05-11 23:07:41.744 +05:30 [INF] Executed action eCommerce.Api.Controllers.v1.CategoriesController.GetAllAsync (eCommerce.Api) in 4764.0542ms
2026-05-11 23:07:41.745 +05:30 [INF] Executed endpoint 'eCommerce.Api.Controllers.v1.CategoriesController.GetAllAsync (eCommerce.Api)'
2026-05-11 23:07:41.759 +05:30 [INF] Request finished HTTP/2 GET https://localhost:7274/api/v1/Categories - 200 null application/json; charset=utf-8 4902.861ms
2026-05-11 23:08:29.063 +05:30 [INF] Request starting HTTP/2 GET https://localhost:7274/api/v1/Categories - null null
2026-05-11 23:08:29.063 +05:30 [INF] Request starting HTTP/2 GET https://localhost:7274/api/v1/products - null null
2026-05-11 23:08:29.096 +05:30 [INF] CORS policy execution successful.
2026-05-11 23:08:29.097 +05:30 [INF] CORS policy execution successful.
2026-05-11 23:08:29.100 +05:30 [INF] Executing endpoint 'eCommerce.Api.Controllers.v1.ProductsController.GetAllProducts (eCommerce.Api)'
2026-05-11 23:08:29.100 +05:30 [INF] Executing endpoint 'eCommerce.Api.Controllers.v1.CategoriesController.GetAllAsync (eCommerce.Api)'
2026-05-11 23:08:29.105 +05:30 [INF] Route matched with {action = "GetAll", controller = "Categories"}. Executing controller action with signature System.Threading.Tasks.Task`1[Microsoft.AspNetCore.Mvc.ActionResult`1[System.Collections.Generic.IEnumerable`1[eCommerce.Application.DTOs.Category.CategoryDto]]] GetAllAsync() on controller eCommerce.Api.Controllers.v1.CategoriesController (eCommerce.Api).
2026-05-11 23:08:29.112 +05:30 [INF] Get all categories
2026-05-11 23:08:29.115 +05:30 [INF] Executing OkObjectResult, writing value of type 'System.Collections.Generic.List`1[[eCommerce.Application.DTOs.Category.CategoryDto, eCommerce.Application, Version=1.0.0.0, Culture=neutral, PublicKeyToken=null]]'.
2026-05-11 23:08:29.122 +05:30 [INF] Executed action eCommerce.Api.Controllers.v1.CategoriesController.GetAllAsync (eCommerce.Api) in 16.4226ms
2026-05-11 23:08:29.122 +05:30 [INF] Executed endpoint 'eCommerce.Api.Controllers.v1.CategoriesController.GetAllAsync (eCommerce.Api)'
2026-05-11 23:08:29.124 +05:30 [INF] Request finished HTTP/2 GET https://localhost:7274/api/v1/Categories - 200 null application/json; charset=utf-8 61.8471ms
2026-05-11 23:08:29.128 +05:30 [INF] Route matched with {action = "GetAllProducts", controller = "Products"}. Executing controller action with signature System.Threading.Tasks.Task`1[Microsoft.AspNetCore.Mvc.ActionResult`1[System.Collections.Generic.IEnumerable`1[eCommerce.Application.DTOs.Product.ProductDto]]] GetAllProducts() on controller eCommerce.Api.Controllers.v1.ProductsController (eCommerce.Api).
2026-05-11 23:08:29.251 +05:30 [INF] Executed DbCommand (18ms) [Parameters=[], CommandType='"Text"', CommandTimeout='30']
SELECT [p].[ProductId], [p].[CategoryId], [p].[Description], [p].[Discount], [p].[Gender], [p].[MadeIn], [p].[ManufacturingDate], [p].[Picture], [p].[ProductName], [p].[Quantity], [p].[ReturnPolicy], [p].[ShoeType], [p].[UnitPrice], [p].[WarrantyPeriod]
FROM [Products] AS [p]
2026-05-11 23:08:29.337 +05:30 [INF] Executing OkObjectResult, writing value of type 'System.Collections.Generic.List`1[[eCommerce.Application.DTOs.Product.ProductDto, eCommerce.Application, Version=1.0.0.0, Culture=neutral, PublicKeyToken=null]]'.
2026-05-11 23:08:29.399 +05:30 [INF] Executed action eCommerce.Api.Controllers.v1.ProductsController.GetAllProducts (eCommerce.Api) in 270.6137ms
2026-05-11 23:08:29.399 +05:30 [INF] Executed endpoint 'eCommerce.Api.Controllers.v1.ProductsController.GetAllProducts (eCommerce.Api)'
2026-05-11 23:08:29.400 +05:30 [INF] Request finished HTTP/2 GET https://localhost:7274/api/v1/products - 200 null application/json; charset=utf-8 337.8082ms
2026-05-11 23:08:31.723 +05:30 [INF] Request starting HTTP/2 GET https://localhost:7274/api/v1/Categories/1 - null null
2026-05-11 23:08:31.727 +05:30 [INF] CORS policy execution successful.
2026-05-11 23:08:31.727 +05:30 [INF] Executing endpoint 'eCommerce.Api.Controllers.v1.CategoriesController.GetById (eCommerce.Api)'
2026-05-11 23:08:31.742 +05:30 [INF] Route matched with {action = "GetById", controller = "Categories"}. Executing controller action with signature System.Threading.Tasks.Task`1[Microsoft.AspNetCore.Mvc.ActionResult`1[eCommerce.Application.DTOs.Category.CategoryDto]] GetById(Int32) on controller eCommerce.Api.Controllers.v1.CategoriesController (eCommerce.Api).
2026-05-11 23:08:31.776 +05:30 [INF] Fetching category 1
2026-05-11 23:08:31.994 +05:30 [INF] Executed DbCommand (57ms) [Parameters=[@__p_0='?' (DbType = Int32)], CommandType='"Text"', CommandTimeout='30']
SELECT TOP(1) [c].[CategoryId], [c].[CategoryName], [c].[Description]
FROM [Categories] AS [c]
WHERE [c].[CategoryId] = @__p_0
2026-05-11 23:08:31.998 +05:30 [INF] Executing OkObjectResult, writing value of type 'eCommerce.Application.DTOs.Category.CategoryDto'.
2026-05-11 23:08:31.998 +05:30 [INF] Executed action eCommerce.Api.Controllers.v1.CategoriesController.GetById (eCommerce.Api) in 255.9139ms
2026-05-11 23:08:31.998 +05:30 [INF] Executed endpoint 'eCommerce.Api.Controllers.v1.CategoriesController.GetById (eCommerce.Api)'
2026-05-11 23:08:31.998 +05:30 [INF] Request finished HTTP/2 GET https://localhost:7274/api/v1/Categories/1 - 200 null application/json; charset=utf-8 275.6779ms
2026-05-11 23:09:33.669 +05:30 [INF] Request starting HTTP/2 GET https://localhost:7274/api/v1/Categories - null null
2026-05-11 23:09:33.671 +05:30 [INF] CORS policy execution successful.
2026-05-11 23:09:33.675 +05:30 [INF] Executing endpoint 'eCommerce.Api.Controllers.v1.CategoriesController.GetAllAsync (eCommerce.Api)'
2026-05-11 23:09:33.681 +05:30 [INF] Route matched with {action = "GetAll", controller = "Categories"}. Executing controller action with signature System.Threading.Tasks.Task`1[Microsoft.AspNetCore.Mvc.ActionResult`1[System.Collections.Generic.IEnumerable`1[eCommerce.Application.DTOs.Category.CategoryDto]]] GetAllAsync() on controller eCommerce.Api.Controllers.v1.CategoriesController (eCommerce.Api).
2026-05-11 23:09:33.685 +05:30 [INF] Request starting HTTP/2 GET https://localhost:7274/api/v1/products - null null
2026-05-11 23:09:33.691 +05:30 [INF] Get all categories
2026-05-11 23:09:33.691 +05:30 [INF] CORS policy execution successful.
2026-05-11 23:09:33.691 +05:30 [INF] Executing endpoint 'eCommerce.Api.Controllers.v1.ProductsController.GetAllProducts (eCommerce.Api)'
2026-05-11 23:09:33.691 +05:30 [INF] Route matched with {action = "GetAllProducts", controller = "Products"}. Executing controller action with signature System.Threading.Tasks.Task`1[Microsoft.AspNetCore.Mvc.ActionResult`1[System.Collections.Generic.IEnumerable`1[eCommerce.Application.DTOs.Product.ProductDto]]] GetAllProducts() on controller eCommerce.Api.Controllers.v1.ProductsController (eCommerce.Api).
2026-05-11 23:09:33.728 +05:30 [INF] Executed DbCommand (15ms) [Parameters=[], CommandType='"Text"', CommandTimeout='30']
SELECT [p].[ProductId], [p].[CategoryId], [p].[Description], [p].[Discount], [p].[Gender], [p].[MadeIn], [p].[ManufacturingDate], [p].[Picture], [p].[ProductName], [p].[Quantity], [p].[ReturnPolicy], [p].[ShoeType], [p].[UnitPrice], [p].[WarrantyPeriod]
FROM [Products] AS [p]
2026-05-11 23:09:33.739 +05:30 [INF] Executing OkObjectResult, writing value of type 'System.Collections.Generic.List`1[[eCommerce.Application.DTOs.Product.ProductDto, eCommerce.Application, Version=1.0.0.0, Culture=neutral, PublicKeyToken=null]]'.
2026-05-11 23:09:33.773 +05:30 [INF] Executed action eCommerce.Api.Controllers.v1.ProductsController.GetAllProducts (eCommerce.Api) in 81.6708ms
2026-05-11 23:09:33.773 +05:30 [INF] Executed endpoint 'eCommerce.Api.Controllers.v1.ProductsController.GetAllProducts (eCommerce.Api)'
2026-05-11 23:09:33.774 +05:30 [INF] Request finished HTTP/2 GET https://localhost:7274/api/v1/products - 200 null application/json; charset=utf-8 88.5876ms
2026-05-11 23:09:33.863 +05:30 [INF] Executed DbCommand (9ms) [Parameters=[], CommandType='"Text"', CommandTimeout='30']
SELECT [c].[CategoryId], [c].[CategoryName], [c].[Description]
FROM [Categories] AS [c]
2026-05-11 23:09:33.869 +05:30 [INF] Executing OkObjectResult, writing value of type 'System.Collections.Generic.List`1[[eCommerce.Application.DTOs.Category.CategoryDto, eCommerce.Application, Version=1.0.0.0, Culture=neutral, PublicKeyToken=null]]'.
2026-05-11 23:09:33.869 +05:30 [INF] Executed action eCommerce.Api.Controllers.v1.CategoriesController.GetAllAsync (eCommerce.Api) in 187.5535ms
2026-05-11 23:09:33.869 +05:30 [INF] Executed endpoint 'eCommerce.Api.Controllers.v1.CategoriesController.GetAllAsync (eCommerce.Api)'
2026-05-11 23:09:33.870 +05:30 [INF] Request finished HTTP/2 GET https://localhost:7274/api/v1/Categories - 200 null application/json; charset=utf-8 201.8073ms
2026-05-11 23:09:40.476 +05:30 [INF] Request starting HTTP/2 GET https://localhost:7274/api/v1/products/2 - null null
2026-05-11 23:09:40.476 +05:30 [INF] Request starting HTTP/2 GET https://localhost:7274/api/v1/products/4 - null null
2026-05-11 23:09:40.477 +05:30 [INF] Request starting HTTP/2 GET https://localhost:7274/api/v1/products/3 - null null
2026-05-11 23:09:40.477 +05:30 [INF] Request starting HTTP/2 GET https://localhost:7274/api/v1/products/1 - null null
2026-05-11 23:09:40.481 +05:30 [INF] Request starting HTTP/2 GET https://localhost:7274/api/v1/products/5 - null null
2026-05-11 23:09:40.484 +05:30 [INF] Request starting HTTP/2 GET https://localhost:7274/api/v1/products/6 - null null
2026-05-11 23:09:40.528 +05:30 [INF] CORS policy execution successful.
2026-05-11 23:09:40.529 +05:30 [INF] CORS policy execution successful.
2026-05-11 23:09:40.529 +05:30 [INF] CORS policy execution successful.
2026-05-11 23:09:40.529 +05:30 [INF] CORS policy execution successful.
2026-05-11 23:09:40.529 +05:30 [INF] CORS policy execution successful.
2026-05-11 23:09:40.529 +05:30 [INF] Executing endpoint 'eCommerce.Api.Controllers.v1.ProductsController.GetProductDetails (eCommerce.Api)'
2026-05-11 23:09:40.529 +05:30 [INF] Executing endpoint 'eCommerce.Api.Controllers.v1.ProductsController.GetProductDetails (eCommerce.Api)'
2026-05-11 23:09:40.534 +05:30 [INF] Executing endpoint 'eCommerce.Api.Controllers.v1.ProductsController.GetProductDetails (eCommerce.Api)'
2026-05-11 23:09:40.534 +05:30 [INF] Executing endpoint 'eCommerce.Api.Controllers.v1.ProductsController.GetProductDetails (eCommerce.Api)'
2026-05-11 23:09:40.534 +05:30 [INF] CORS policy execution successful.
2026-05-11 23:09:40.534 +05:30 [INF] Executing endpoint 'eCommerce.Api.Controllers.v1.ProductsController.GetProductDetails (eCommerce.Api)'
2026-05-11 23:09:40.534 +05:30 [INF] Executing endpoint 'eCommerce.Api.Controllers.v1.ProductsController.GetProductDetails (eCommerce.Api)'
2026-05-11 23:09:40.536 +05:30 [INF] Request starting HTTP/2 GET https://localhost:7274/api/v1/products/7 - null null
2026-05-11 23:09:40.545 +05:30 [INF] CORS policy execution successful.
2026-05-11 23:09:40.545 +05:30 [INF] Executing endpoint 'eCommerce.Api.Controllers.v1.ProductsController.GetProductDetails (eCommerce.Api)'
2026-05-11 23:09:40.554 +05:30 [INF] Request starting HTTP/2 GET https://localhost:7274/api/v1/products/8 - null null
2026-05-11 23:09:40.562 +05:30 [INF] CORS policy execution successful.
2026-05-11 23:09:40.562 +05:30 [INF] Executing endpoint 'eCommerce.Api.Controllers.v1.ProductsController.GetProductDetails (eCommerce.Api)'
2026-05-11 23:09:40.567 +05:30 [INF] Route matched with {action = "GetProductDetails", controller = "Products"}. Executing controller action with signature System.Threading.Tasks.Task`1[Microsoft.AspNetCore.Mvc.ActionResult`1[eCommerce.Application.DTOs.Product.ProductDto]] GetProductDetails(Int32) on controller eCommerce.Api.Controllers.v1.ProductsController (eCommerce.Api).
2026-05-11 23:09:40.567 +05:30 [INF] Route matched with {action = "GetProductDetails", controller = "Products"}. Executing controller action with signature System.Threading.Tasks.Task`1[Microsoft.AspNetCore.Mvc.ActionResult`1[eCommerce.Application.DTOs.Product.ProductDto]] GetProductDetails(Int32) on controller eCommerce.Api.Controllers.v1.ProductsController (eCommerce.Api).
2026-05-11 23:09:40.568 +05:30 [INF] Route matched with {action = "GetProductDetails", controller = "Products"}. Executing controller action with signature System.Threading.Tasks.Task`1[Microsoft.AspNetCore.Mvc.ActionResult`1[eCommerce.Application.DTOs.Product.ProductDto]] GetProductDetails(Int32) on controller eCommerce.Api.Controllers.v1.ProductsController (eCommerce.Api).
2026-05-11 23:09:40.567 +05:30 [INF] Route matched with {action = "GetProductDetails", controller = "Products"}. Executing controller action with signature System.Threading.Tasks.Task`1[Microsoft.AspNetCore.Mvc.ActionResult`1[eCommerce.Application.DTOs.Product.ProductDto]] GetProductDetails(Int32) on controller eCommerce.Api.Controllers.v1.ProductsController (eCommerce.Api).
2026-05-11 23:09:40.567 +05:30 [INF] Route matched with {action = "GetProductDetails", controller = "Products"}. Executing controller action with signature System.Threading.Tasks.Task`1[Microsoft.AspNetCore.Mvc.ActionResult`1[eCommerce.Application.DTOs.Product.ProductDto]] GetProductDetails(Int32) on controller eCommerce.Api.Controllers.v1.ProductsController (eCommerce.Api).
2026-05-11 23:09:40.567 +05:30 [INF] Route matched with {action = "GetProductDetails", controller = "Products"}. Executing controller action with signature System.Threading.Tasks.Task`1[Microsoft.AspNetCore.Mvc.ActionResult`1[eCommerce.Application.DTOs.Product.ProductDto]] GetProductDetails(Int32) on controller eCommerce.Api.Controllers.v1.ProductsController (eCommerce.Api).
2026-05-11 23:09:40.568 +05:30 [INF] Route matched with {action = "GetProductDetails", controller = "Products"}. Executing controller action with signature System.Threading.Tasks.Task`1[Microsoft.AspNetCore.Mvc.ActionResult`1[eCommerce.Application.DTOs.Product.ProductDto]] GetProductDetails(Int32) on controller eCommerce.Api.Controllers.v1.ProductsController (eCommerce.Api).
2026-05-11 23:09:40.569 +05:30 [INF] Request starting HTTP/2 GET https://localhost:7274/api/v1/products/9 - null null
2026-05-11 23:09:40.577 +05:30 [INF] CORS policy execution successful.
2026-05-11 23:09:40.577 +05:30 [INF] Executing endpoint 'eCommerce.Api.Controllers.v1.ProductsController.GetProductDetails (eCommerce.Api)'
2026-05-11 23:09:40.577 +05:30 [INF] Route matched with {action = "GetProductDetails", controller = "Products"}. Executing controller action with signature System.Threading.Tasks.Task`1[Microsoft.AspNetCore.Mvc.ActionResult`1[eCommerce.Application.DTOs.Product.ProductDto]] GetProductDetails(Int32) on controller eCommerce.Api.Controllers.v1.ProductsController (eCommerce.Api).
2026-05-11 23:09:40.584 +05:30 [INF] Route matched with {action = "GetProductDetails", controller = "Products"}. Executing controller action with signature System.Threading.Tasks.Task`1[Microsoft.AspNetCore.Mvc.ActionResult`1[eCommerce.Application.DTOs.Product.ProductDto]] GetProductDetails(Int32) on controller eCommerce.Api.Controllers.v1.ProductsController (eCommerce.Api).
2026-05-11 23:09:40.583 +05:30 [INF] Request starting HTTP/2 GET https://localhost:7274/api/v1/products/10 - null null
2026-05-11 23:09:40.595 +05:30 [INF] CORS policy execution successful.
2026-05-11 23:09:40.596 +05:30 [INF] Executing endpoint 'eCommerce.Api.Controllers.v1.ProductsController.GetProductDetails (eCommerce.Api)'
2026-05-11 23:09:40.596 +05:30 [INF] Route matched with {action = "GetProductDetails", controller = "Products"}. Executing controller action with signature System.Threading.Tasks.Task`1[Microsoft.AspNetCore.Mvc.ActionResult`1[eCommerce.Application.DTOs.Product.ProductDto]] GetProductDetails(Int32) on controller eCommerce.Api.Controllers.v1.ProductsController (eCommerce.Api).
2026-05-11 23:09:40.600 +05:30 [INF] Request starting HTTP/2 GET https://localhost:7274/api/v1/products/11 - null null
2026-05-11 23:09:40.609 +05:30 [INF] CORS policy execution successful.
2026-05-11 23:09:40.609 +05:30 [INF] Executing endpoint 'eCommerce.Api.Controllers.v1.ProductsController.GetProductDetails (eCommerce.Api)'
2026-05-11 23:09:40.609 +05:30 [INF] Route matched with {action = "GetProductDetails", controller = "Products"}. Executing controller action with signature System.Threading.Tasks.Task`1[Microsoft.AspNetCore.Mvc.ActionResult`1[eCommerce.Application.DTOs.Product.ProductDto]] GetProductDetails(Int32) on controller eCommerce.Api.Controllers.v1.ProductsController (eCommerce.Api).
2026-05-11 23:09:40.616 +05:30 [INF] Request starting HTTP/2 GET https://localhost:7274/api/v1/products/12 - null null
2026-05-11 23:09:40.618 +05:30 [INF] CORS policy execution successful.
2026-05-11 23:09:40.618 +05:30 [INF] Executing endpoint 'eCommerce.Api.Controllers.v1.ProductsController.GetProductDetails (eCommerce.Api)'
2026-05-11 23:09:40.619 +05:30 [INF] Route matched with {action = "GetProductDetails", controller = "Products"}. Executing controller action with signature System.Threading.Tasks.Task`1[Microsoft.AspNetCore.Mvc.ActionResult`1[eCommerce.Application.DTOs.Product.ProductDto]] GetProductDetails(Int32) on controller eCommerce.Api.Controllers.v1.ProductsController (eCommerce.Api).
2026-05-11 23:09:40.627 +05:30 [INF] Request starting HTTP/2 GET https://localhost:7274/api/v1/products/13 - null null
2026-05-11 23:09:40.628 +05:30 [INF] CORS policy execution successful.
2026-05-11 23:09:40.628 +05:30 [INF] Executing endpoint 'eCommerce.Api.Controllers.v1.ProductsController.GetProductDetails (eCommerce.Api)'
2026-05-11 23:09:40.628 +05:30 [INF] Route matched with {action = "GetProductDetails", controller = "Products"}. Executing controller action with signature System.Threading.Tasks.Task`1[Microsoft.AspNetCore.Mvc.ActionResult`1[eCommerce.Application.DTOs.Product.ProductDto]] GetProductDetails(Int32) on controller eCommerce.Api.Controllers.v1.ProductsController (eCommerce.Api).
2026-05-11 23:09:40.778 +05:30 [INF] Request starting HTTP/2 GET https://localhost:7274/api/v1/products/14 - null null
2026-05-11 23:09:40.782 +05:30 [INF] CORS policy execution successful.
2026-05-11 23:09:40.783 +05:30 [INF] Executing endpoint 'eCommerce.Api.Controllers.v1.ProductsController.GetProductDetails (eCommerce.Api)'
2026-05-11 23:09:40.784 +05:30 [INF] Route matched with {action = "GetProductDetails", controller = "Products"}. Executing controller action with signature System.Threading.Tasks.Task`1[Microsoft.AspNetCore.Mvc.ActionResult`1[eCommerce.Application.DTOs.Product.ProductDto]] GetProductDetails(Int32) on controller eCommerce.Api.Controllers.v1.ProductsController (eCommerce.Api).
2026-05-11 23:09:40.798 +05:30 [INF] Executed DbCommand (152ms) [Parameters=[@__p_0='?' (DbType = Int32)], CommandType='"Text"', CommandTimeout='30']
SELECT TOP(1) [p].[ProductId], [p].[CategoryId], [p].[Description], [p].[Discount], [p].[Gender], [p].[MadeIn], [p].[ManufacturingDate], [p].[Picture], [p].[ProductName], [p].[Quantity], [p].[ReturnPolicy], [p].[ShoeType], [p].[UnitPrice], [p].[WarrantyPeriod]
FROM [Products] AS [p]
WHERE [p].[ProductId] = @__p_0
2026-05-11 23:09:40.799 +05:30 [INF] Executed DbCommand (155ms) [Parameters=[@__p_0='?' (DbType = Int32)], CommandType='"Text"', CommandTimeout='30']
SELECT TOP(1) [p].[ProductId], [p].[CategoryId], [p].[Description], [p].[Discount], [p].[Gender], [p].[MadeIn], [p].[ManufacturingDate], [p].[Picture], [p].[ProductName], [p].[Quantity], [p].[ReturnPolicy], [p].[ShoeType], [p].[UnitPrice], [p].[WarrantyPeriod]
FROM [Products] AS [p]
WHERE [p].[ProductId] = @__p_0
2026-05-11 23:09:40.803 +05:30 [INF] Request starting HTTP/2 GET https://localhost:7274/api/v1/products/16 - null null
2026-05-11 23:09:40.803 +05:30 [INF] Request starting HTTP/2 GET https://localhost:7274/api/v1/products/1002 - null null
2026-05-11 23:09:40.803 +05:30 [INF] Request starting HTTP/2 GET https://localhost:7274/api/v1/products/1004 - null null
2026-05-11 23:09:40.803 +05:30 [INF] Request starting HTTP/2 GET https://localhost:7274/api/v1/products/1003 - null null
2026-05-11 23:09:40.803 +05:30 [INF] Request starting HTTP/2 GET https://localhost:7274/api/v1/products/1005 - null null
2026-05-11 23:09:40.805 +05:30 [INF] Request starting HTTP/2 GET https://localhost:7274/api/v1/products/1006 - null null
2026-05-11 23:09:40.805 +05:30 [INF] CORS policy execution successful.
2026-05-11 23:09:40.805 +05:30 [INF] CORS policy execution successful.
2026-05-11 23:09:40.805 +05:30 [INF] CORS policy execution successful.
2026-05-11 23:09:40.806 +05:30 [INF] Executing endpoint 'eCommerce.Api.Controllers.v1.ProductsController.GetProductDetails (eCommerce.Api)'
2026-05-11 23:09:40.806 +05:30 [INF] CORS policy execution successful.
2026-05-11 23:09:40.806 +05:30 [INF] CORS policy execution successful.
2026-05-11 23:09:40.806 +05:30 [INF] Executing endpoint 'eCommerce.Api.Controllers.v1.ProductsController.GetProductDetails (eCommerce.Api)'
2026-05-11 23:09:40.806 +05:30 [INF] Executing endpoint 'eCommerce.Api.Controllers.v1.ProductsController.GetProductDetails (eCommerce.Api)'
2026-05-11 23:09:40.804 +05:30 [INF] Request starting HTTP/2 GET https://localhost:7274/api/v1/products/15 - null null
2026-05-11 23:09:40.806 +05:30 [INF] Route matched with {action = "GetProductDetails", controller = "Products"}. Executing controller action with signature System.Threading.Tasks.Task`1[Microsoft.AspNetCore.Mvc.ActionResult`1[eCommerce.Application.DTOs.Product.ProductDto]] GetProductDetails(Int32) on controller eCommerce.Api.Controllers.v1.ProductsController (eCommerce.Api).
2026-05-11 23:09:40.806 +05:30 [INF] Executing endpoint 'eCommerce.Api.Controllers.v1.ProductsController.GetProductDetails (eCommerce.Api)'
2026-05-11 23:09:40.807 +05:30 [INF] Route matched with {action = "GetProductDetails", controller = "Products"}. Executing controller action with signature System.Threading.Tasks.Task`1[Microsoft.AspNetCore.Mvc.ActionResult`1[eCommerce.Application.DTOs.Product.ProductDto]] GetProductDetails(Int32) on controller eCommerce.Api.Controllers.v1.ProductsController (eCommerce.Api).
2026-05-11 23:09:40.808 +05:30 [INF] Route matched with {action = "GetProductDetails", controller = "Products"}. Executing controller action with signature System.Threading.Tasks.Task`1[Microsoft.AspNetCore.Mvc.ActionResult`1[eCommerce.Application.DTOs.Product.ProductDto]] GetProductDetails(Int32) on controller eCommerce.Api.Controllers.v1.ProductsController (eCommerce.Api).
2026-05-11 23:09:40.807 +05:30 [INF] Route matched with {action = "GetProductDetails", controller = "Products"}. Executing controller action with signature System.Threading.Tasks.Task`1[Microsoft.AspNetCore.Mvc.ActionResult`1[eCommerce.Application.DTOs.Product.ProductDto]] GetProductDetails(Int32) on controller eCommerce.Api.Controllers.v1.ProductsController (eCommerce.Api).
2026-05-11 23:09:40.806 +05:30 [INF] CORS policy execution successful.
2026-05-11 23:09:40.806 +05:30 [INF] Executing endpoint 'eCommerce.Api.Controllers.v1.ProductsController.GetProductDetails (eCommerce.Api)'
2026-05-11 23:09:40.808 +05:30 [INF] CORS policy execution successful.
2026-05-11 23:09:40.809 +05:30 [INF] Executing endpoint 'eCommerce.Api.Controllers.v1.ProductsController.GetProductDetails (eCommerce.Api)'
2026-05-11 23:09:40.809 +05:30 [INF] Route matched with {action = "GetProductDetails", controller = "Products"}. Executing controller action with signature System.Threading.Tasks.Task`1[Microsoft.AspNetCore.Mvc.ActionResult`1[eCommerce.Application.DTOs.Product.ProductDto]] GetProductDetails(Int32) on controller eCommerce.Api.Controllers.v1.ProductsController (eCommerce.Api).
2026-05-11 23:09:40.808 +05:30 [INF] Request starting HTTP/2 GET https://localhost:7274/api/v1/products/1007 - null null
2026-05-11 23:09:40.809 +05:30 [INF] Route matched with {action = "GetProductDetails", controller = "Products"}. Executing controller action with signature System.Threading.Tasks.Task`1[Microsoft.AspNetCore.Mvc.ActionResult`1[eCommerce.Application.DTOs.Product.ProductDto]] GetProductDetails(Int32) on controller eCommerce.Api.Controllers.v1.ProductsController (eCommerce.Api).
2026-05-11 23:09:40.809 +05:30 [INF] Executing endpoint 'eCommerce.Api.Controllers.v1.ProductsController.GetProductDetails (eCommerce.Api)'
2026-05-11 23:09:40.809 +05:30 [INF] Route matched with {action = "GetProductDetails", controller = "Products"}. Executing controller action with signature System.Threading.Tasks.Task`1[Microsoft.AspNetCore.Mvc.ActionResult`1[eCommerce.Application.DTOs.Product.ProductDto]] GetProductDetails(Int32) on controller eCommerce.Api.Controllers.v1.ProductsController (eCommerce.Api).
2026-05-11 23:09:40.809 +05:30 [INF] CORS policy execution successful.
2026-05-11 23:09:40.809 +05:30 [INF] Executing endpoint 'eCommerce.Api.Controllers.v1.ProductsController.GetProductDetails (eCommerce.Api)'
2026-05-11 23:09:40.809 +05:30 [INF] Route matched with {action = "GetProductDetails", controller = "Products"}. Executing controller action with signature System.Threading.Tasks.Task`1[Microsoft.AspNetCore.Mvc.ActionResult`1[eCommerce.Application.DTOs.Product.ProductDto]] GetProductDetails(Int32) on controller eCommerce.Api.Controllers.v1.ProductsController (eCommerce.Api).
2026-05-11 23:09:40.810 +05:30 [INF] Request starting HTTP/2 GET https://localhost:7274/api/v1/products/1008 - null null
2026-05-11 23:09:40.811 +05:30 [INF] Request starting HTTP/2 GET https://localhost:7274/api/v1/products/1009 - null null
2026-05-11 23:09:40.819 +05:30 [INF] CORS policy execution successful.
2026-05-11 23:09:40.820 +05:30 [INF] Executing endpoint 'eCommerce.Api.Controllers.v1.ProductsController.GetProductDetails (eCommerce.Api)'
2026-05-11 23:09:40.821 +05:30 [INF] Route matched with {action = "GetProductDetails", controller = "Products"}. Executing controller action with signature System.Threading.Tasks.Task`1[Microsoft.AspNetCore.Mvc.ActionResult`1[eCommerce.Application.DTOs.Product.ProductDto]] GetProductDetails(Int32) on controller eCommerce.Api.Controllers.v1.ProductsController (eCommerce.Api).
2026-05-11 23:09:40.826 +05:30 [INF] Request starting HTTP/2 GET https://localhost:7274/api/v1/products/1010 - null null
2026-05-11 23:09:40.828 +05:30 [INF] CORS policy execution successful.
2026-05-11 23:09:40.830 +05:30 [INF] Executing endpoint 'eCommerce.Api.Controllers.v1.ProductsController.GetProductDetails (eCommerce.Api)'
2026-05-11 23:09:40.831 +05:30 [INF] Route matched with {action = "GetProductDetails", controller = "Products"}. Executing controller action with signature System.Threading.Tasks.Task`1[Microsoft.AspNetCore.Mvc.ActionResult`1[eCommerce.Application.DTOs.Product.ProductDto]] GetProductDetails(Int32) on controller eCommerce.Api.Controllers.v1.ProductsController (eCommerce.Api).
2026-05-11 23:09:40.832 +05:30 [INF] Executed DbCommand (31ms) [Parameters=[@__p_0='?' (DbType = Int32)], CommandType='"Text"', CommandTimeout='30']
SELECT TOP(1) [p].[ProductId], [p].[CategoryId], [p].[Description], [p].[Discount], [p].[Gender], [p].[MadeIn], [p].[ManufacturingDate], [p].[Picture], [p].[ProductName], [p].[Quantity], [p].[ReturnPolicy], [p].[ShoeType], [p].[UnitPrice], [p].[WarrantyPeriod]
FROM [Products] AS [p]
WHERE [p].[ProductId] = @__p_0
2026-05-11 23:09:40.833 +05:30 [INF] Executed DbCommand (33ms) [Parameters=[@__p_0='?' (DbType = Int32)], CommandType='"Text"', CommandTimeout='30']
SELECT TOP(1) [p].[ProductId], [p].[CategoryId], [p].[Description], [p].[Discount], [p].[Gender], [p].[MadeIn], [p].[ManufacturingDate], [p].[Picture], [p].[ProductName], [p].[Quantity], [p].[ReturnPolicy], [p].[ShoeType], [p].[UnitPrice], [p].[WarrantyPeriod]
FROM [Products] AS [p]
WHERE [p].[ProductId] = @__p_0
2026-05-11 23:09:40.835 +05:30 [INF] Executed DbCommand (35ms) [Parameters=[@__p_0='?' (DbType = Int32)], CommandType='"Text"', CommandTimeout='30']
SELECT TOP(1) [p].[ProductId], [p].[CategoryId], [p].[Description], [p].[Discount], [p].[Gender], [p].[MadeIn], [p].[ManufacturingDate], [p].[Picture], [p].[ProductName], [p].[Quantity], [p].[ReturnPolicy], [p].[ShoeType], [p].[UnitPrice], [p].[WarrantyPeriod]
FROM [Products] AS [p]
WHERE [p].[ProductId] = @__p_0
2026-05-11 23:09:40.837 +05:30 [INF] Request starting HTTP/2 GET https://localhost:7274/api/v1/products/1011 - null null
2026-05-11 23:09:40.838 +05:30 [INF] Request starting HTTP/2 GET https://localhost:7274/api/v1/products/1012 - null null
2026-05-11 23:09:40.838 +05:30 [INF] Request starting HTTP/2 GET https://localhost:7274/api/v1/products/1013 - null null
2026-05-11 23:09:40.840 +05:30 [INF] CORS policy execution successful.
2026-05-11 23:09:40.840 +05:30 [INF] CORS policy execution successful.
2026-05-11 23:09:40.840 +05:30 [INF] CORS policy execution successful.
2026-05-11 23:09:40.841 +05:30 [INF] Executing endpoint 'eCommerce.Api.Controllers.v1.ProductsController.GetProductDetails (eCommerce.Api)'
2026-05-11 23:09:40.841 +05:30 [INF] Executing endpoint 'eCommerce.Api.Controllers.v1.ProductsController.GetProductDetails (eCommerce.Api)'
2026-05-11 23:09:40.841 +05:30 [INF] Executing endpoint 'eCommerce.Api.Controllers.v1.ProductsController.GetProductDetails (eCommerce.Api)'
2026-05-11 23:09:40.841 +05:30 [INF] Route matched with {action = "GetProductDetails", controller = "Products"}. Executing controller action with signature System.Threading.Tasks.Task`1[Microsoft.AspNetCore.Mvc.ActionResult`1[eCommerce.Application.DTOs.Product.ProductDto]] GetProductDetails(Int32) on controller eCommerce.Api.Controllers.v1.ProductsController (eCommerce.Api).
2026-05-11 23:09:40.842 +05:30 [INF] Route matched with {action = "GetProductDetails", controller = "Products"}. Executing controller action with signature System.Threading.Tasks.Task`1[Microsoft.AspNetCore.Mvc.ActionResult`1[eCommerce.Application.DTOs.Product.ProductDto]] GetProductDetails(Int32) on controller eCommerce.Api.Controllers.v1.ProductsController (eCommerce.Api).
2026-05-11 23:09:40.842 +05:30 [INF] Route matched with {action = "GetProductDetails", controller = "Products"}. Executing controller action with signature System.Threading.Tasks.Task`1[Microsoft.AspNetCore.Mvc.ActionResult`1[eCommerce.Application.DTOs.Product.ProductDto]] GetProductDetails(Int32) on controller eCommerce.Api.Controllers.v1.ProductsController (eCommerce.Api).
2026-05-11 23:09:40.842 +05:30 [INF] Executing OkObjectResult, writing value of type 'eCommerce.Application.DTOs.Product.ProductDto'.
2026-05-11 23:09:40.842 +05:30 [INF] Executing OkObjectResult, writing value of type 'eCommerce.Application.DTOs.Product.ProductDto'.
2026-05-11 23:09:40.842 +05:30 [INF] Executing OkObjectResult, writing value of type 'eCommerce.Application.DTOs.Product.ProductDto'.
2026-05-11 23:09:40.842 +05:30 [INF] Executing OkObjectResult, writing value of type 'eCommerce.Application.DTOs.Product.ProductDto'.
2026-05-11 23:09:40.842 +05:30 [INF] Executing OkObjectResult, writing value of type 'eCommerce.Application.DTOs.Product.ProductDto'.
2026-05-11 23:09:40.843 +05:30 [INF] Executed action eCommerce.Api.Controllers.v1.ProductsController.GetProductDetails (eCommerce.Api) in 275.2758ms
2026-05-11 23:09:40.843 +05:30 [INF] Executed action eCommerce.Api.Controllers.v1.ProductsController.GetProductDetails (eCommerce.Api) in 246.7015ms
2026-05-11 23:09:40.843 +05:30 [INF] Executed endpoint 'eCommerce.Api.Controllers.v1.ProductsController.GetProductDetails (eCommerce.Api)'
2026-05-11 23:09:40.843 +05:30 [INF] Executed endpoint 'eCommerce.Api.Controllers.v1.ProductsController.GetProductDetails (eCommerce.Api)'
2026-05-11 23:09:40.843 +05:30 [INF] Executed action eCommerce.Api.Controllers.v1.ProductsController.GetProductDetails (eCommerce.Api) in 275.507ms
2026-05-11 23:09:40.843 +05:30 [INF] Executed action eCommerce.Api.Controllers.v1.ProductsController.GetProductDetails (eCommerce.Api) in 265.5233ms
2026-05-11 23:09:40.844 +05:30 [INF] Executed endpoint 'eCommerce.Api.Controllers.v1.ProductsController.GetProductDetails (eCommerce.Api)'
2026-05-11 23:09:40.844 +05:30 [INF] Executed endpoint 'eCommerce.Api.Controllers.v1.ProductsController.GetProductDetails (eCommerce.Api)'
2026-05-11 23:09:40.844 +05:30 [INF] Request finished HTTP/2 GET https://localhost:7274/api/v1/products/2 - 200 null application/json; charset=utf-8 368.0551ms
2026-05-11 23:09:40.845 +05:30 [INF] Request finished HTTP/2 GET https://localhost:7274/api/v1/products/5 - 200 null application/json; charset=utf-8 364.3581ms
2026-05-11 23:09:40.845 +05:30 [INF] Request finished HTTP/2 GET https://localhost:7274/api/v1/products/9 - 200 null application/json; charset=utf-8 276.9026ms
2026-05-11 23:09:40.845 +05:30 [INF] Request finished HTTP/2 GET https://localhost:7274/api/v1/products/10 - 200 null application/json; charset=utf-8 265.6145ms
2026-05-11 23:09:40.845 +05:30 [INF] Request starting HTTP/2 GET https://localhost:7274/api/v1/products/1014 - null null
2026-05-11 23:09:40.846 +05:30 [INF] Request starting HTTP/2 GET https://localhost:7274/api/v1/products/1015 - null null
2026-05-11 23:09:40.846 +05:30 [INF] Request starting HTTP/2 GET https://localhost:7274/api/v1/products/1016 - null null
2026-05-11 23:09:40.846 +05:30 [INF] Request starting HTTP/2 GET https://localhost:7274/api/v1/products/1017 - null null
2026-05-11 23:09:40.847 +05:30 [INF] CORS policy execution successful.
2026-05-11 23:09:40.847 +05:30 [INF] CORS policy execution successful.
2026-05-11 23:09:40.847 +05:30 [INF] CORS policy execution successful.
2026-05-11 23:09:40.847 +05:30 [INF] Executing endpoint 'eCommerce.Api.Controllers.v1.ProductsController.GetProductDetails (eCommerce.Api)'
2026-05-11 23:09:40.847 +05:30 [INF] Executing endpoint 'eCommerce.Api.Controllers.v1.ProductsController.GetProductDetails (eCommerce.Api)'
2026-05-11 23:09:40.847 +05:30 [INF] Executing endpoint 'eCommerce.Api.Controllers.v1.ProductsController.GetProductDetails (eCommerce.Api)'
2026-05-11 23:09:40.847 +05:30 [INF] CORS policy execution successful.
2026-05-11 23:09:40.847 +05:30 [INF] Route matched with {action = "GetProductDetails", controller = "Products"}. Executing controller action with signature System.Threading.Tasks.Task`1[Microsoft.AspNetCore.Mvc.ActionResult`1[eCommerce.Application.DTOs.Product.ProductDto]] GetProductDetails(Int32) on controller eCommerce.Api.Controllers.v1.ProductsController (eCommerce.Api).
2026-05-11 23:09:40.847 +05:30 [INF] Executed action eCommerce.Api.Controllers.v1.ProductsController.GetProductDetails (eCommerce.Api) in 279.8178ms
2026-05-11 23:09:40.847 +05:30 [INF] Route matched with {action = "GetProductDetails", controller = "Products"}. Executing controller action with signature System.Threading.Tasks.Task`1[Microsoft.AspNetCore.Mvc.ActionResult`1[eCommerce.Application.DTOs.Product.ProductDto]] GetProductDetails(Int32) on controller eCommerce.Api.Controllers.v1.ProductsController (eCommerce.Api).
2026-05-11 23:09:40.847 +05:30 [INF] Route matched with {action = "GetProductDetails", controller = "Products"}. Executing controller action with signature System.Threading.Tasks.Task`1[Microsoft.AspNetCore.Mvc.ActionResult`1[eCommerce.Application.DTOs.Product.ProductDto]] GetProductDetails(Int32) on controller eCommerce.Api.Controllers.v1.ProductsController (eCommerce.Api).
2026-05-11 23:09:40.847 +05:30 [INF] Executed DbCommand (10ms) [Parameters=[@__p_0='?' (DbType = Int32)], CommandType='"Text"', CommandTimeout='30']
SELECT TOP(1) [p].[ProductId], [p].[CategoryId], [p].[Description], [p].[Discount], [p].[Gender], [p].[MadeIn], [p].[ManufacturingDate], [p].[Picture], [p].[ProductName], [p].[Quantity], [p].[ReturnPolicy], [p].[ShoeType], [p].[UnitPrice], [p].[WarrantyPeriod]
FROM [Products] AS [p]
WHERE [p].[ProductId] = @__p_0
2026-05-11 23:09:40.847 +05:30 [INF] Executing endpoint 'eCommerce.Api.Controllers.v1.ProductsController.GetProductDetails (eCommerce.Api)'
2026-05-11 23:09:40.847 +05:30 [INF] Executed endpoint 'eCommerce.Api.Controllers.v1.ProductsController.GetProductDetails (eCommerce.Api)'
2026-05-11 23:09:40.849 +05:30 [INF] Route matched with {action = "GetProductDetails", controller = "Products"}. Executing controller action with signature System.Threading.Tasks.Task`1[Microsoft.AspNetCore.Mvc.ActionResult`1[eCommerce.Application.DTOs.Product.ProductDto]] GetProductDetails(Int32) on controller eCommerce.Api.Controllers.v1.ProductsController (eCommerce.Api).
2026-05-11 23:09:40.850 +05:30 [INF] Request finished HTTP/2 GET https://localhost:7274/api/v1/products/7 - 200 null application/json; charset=utf-8 314.176ms
2026-05-11 23:09:40.853 +05:30 [INF] Executed DbCommand (50ms) [Parameters=[@__p_0='?' (DbType = Int32)], CommandType='"Text"', CommandTimeout='30']
SELECT TOP(1) [p].[ProductId], [p].[CategoryId], [p].[Description], [p].[Discount], [p].[Gender], [p].[MadeIn], [p].[ManufacturingDate], [p].[Picture], [p].[ProductName], [p].[Quantity], [p].[ReturnPolicy], [p].[ShoeType], [p].[UnitPrice], [p].[WarrantyPeriod]
FROM [Products] AS [p]
WHERE [p].[ProductId] = @__p_0
2026-05-11 23:09:40.857 +05:30 [INF] Executing OkObjectResult, writing value of type 'eCommerce.Application.DTOs.Product.ProductDto'.
2026-05-11 23:09:40.857 +05:30 [INF] Executing OkObjectResult, writing value of type 'eCommerce.Application.DTOs.Product.ProductDto'.
2026-05-11 23:09:40.859 +05:30 [INF] Executed action eCommerce.Api.Controllers.v1.ProductsController.GetProductDetails (eCommerce.Api) in 49.9497ms
2026-05-11 23:09:40.859 +05:30 [INF] Executed action eCommerce.Api.Controllers.v1.ProductsController.GetProductDetails (eCommerce.Api) in 289.4339ms
2026-05-11 23:09:40.859 +05:30 [INF] Executed endpoint 'eCommerce.Api.Controllers.v1.ProductsController.GetProductDetails (eCommerce.Api)'
2026-05-11 23:09:40.861 +05:30 [INF] Executed endpoint 'eCommerce.Api.Controllers.v1.ProductsController.GetProductDetails (eCommerce.Api)'
2026-05-11 23:09:40.861 +05:30 [INF] Executed DbCommand (49ms) [Parameters=[@__p_0='?' (DbType = Int32)], CommandType='"Text"', CommandTimeout='30']
SELECT TOP(1) [p].[ProductId], [p].[CategoryId], [p].[Description], [p].[Discount], [p].[Gender], [p].[MadeIn], [p].[ManufacturingDate], [p].[Picture], [p].[ProductName], [p].[Quantity], [p].[ReturnPolicy], [p].[ShoeType], [p].[UnitPrice], [p].[WarrantyPeriod]
FROM [Products] AS [p]
WHERE [p].[ProductId] = @__p_0
2026-05-11 23:09:40.863 +05:30 [INF] Request finished HTTP/2 GET https://localhost:7274/api/v1/products/1 - 200 null application/json; charset=utf-8 388.9202ms
2026-05-11 23:09:40.863 +05:30 [INF] Request finished HTTP/2 GET https://localhost:7274/api/v1/products/1003 - 200 null application/json; charset=utf-8 59.9294ms
2026-05-11 23:09:40.865 +05:30 [INF] Executing OkObjectResult, writing value of type 'eCommerce.Application.DTOs.Product.ProductDto'.
2026-05-11 23:09:40.868 +05:30 [INF] Executed DbCommand (55ms) [Parameters=[@__p_0='?' (DbType = Int32)], CommandType='"Text"', CommandTimeout='30']
SELECT TOP(1) [p].[ProductId], [p].[CategoryId], [p].[Description], [p].[Discount], [p].[Gender], [p].[MadeIn], [p].[ManufacturingDate], [p].[Picture], [p].[ProductName], [p].[Quantity], [p].[ReturnPolicy], [p].[ShoeType], [p].[UnitPrice], [p].[WarrantyPeriod]
FROM [Products] AS [p]
WHERE [p].[ProductId] = @__p_0
2026-05-11 23:09:40.870 +05:30 [INF] Executed action eCommerce.Api.Controllers.v1.ProductsController.GetProductDetails (eCommerce.Api) in 60.9111ms
2026-05-11 23:09:40.870 +05:30 [INF] Executed endpoint 'eCommerce.Api.Controllers.v1.ProductsController.GetProductDetails (eCommerce.Api)'
2026-05-11 23:09:40.873 +05:30 [INF] Executed DbCommand (24ms) [Parameters=[@__p_0='?' (DbType = Int32)], CommandType='"Text"', CommandTimeout='30']
SELECT TOP(1) [p].[ProductId], [p].[CategoryId], [p].[Description], [p].[Discount], [p].[Gender], [p].[MadeIn], [p].[ManufacturingDate], [p].[Picture], [p].[ProductName], [p].[Quantity], [p].[ReturnPolicy], [p].[ShoeType], [p].[UnitPrice], [p].[WarrantyPeriod]
FROM [Products] AS [p]
WHERE [p].[ProductId] = @__p_0
2026-05-11 23:09:40.873 +05:30 [INF] Request finished HTTP/2 GET https://localhost:7274/api/v1/products/16 - 200 null application/json; charset=utf-8 70.4331ms
2026-05-11 23:09:40.874 +05:30 [INF] Executing OkObjectResult, writing value of type 'eCommerce.Application.DTOs.Product.ProductDto'.
2026-05-11 23:09:40.874 +05:30 [INF] Executed DbCommand (14ms) [Parameters=[@__p_0='?' (DbType = Int32)], CommandType='"Text"', CommandTimeout='30']
SELECT TOP(1) [p].[ProductId], [p].[CategoryId], [p].[Description], [p].[Discount], [p].[Gender], [p].[MadeIn], [p].[ManufacturingDate], [p].[Picture], [p].[ProductName], [p].[Quantity], [p].[ReturnPolicy], [p].[ShoeType], [p].[UnitPrice], [p].[WarrantyPeriod]
FROM [Products] AS [p]
WHERE [p].[ProductId] = @__p_0
2026-05-11 23:09:40.876 +05:30 [INF] Executed action eCommerce.Api.Controllers.v1.ProductsController.GetProductDetails (eCommerce.Api) in 66.6778ms
2026-05-11 23:09:40.877 +05:30 [INF] Executed endpoint 'eCommerce.Api.Controllers.v1.ProductsController.GetProductDetails (eCommerce.Api)'
2026-05-11 23:09:40.877 +05:30 [INF] Executed DbCommand (11ms) [Parameters=[@__p_0='?' (DbType = Int32)], CommandType='"Text"', CommandTimeout='30']
SELECT TOP(1) [p].[ProductId], [p].[CategoryId], [p].[Description], [p].[Discount], [p].[Gender], [p].[MadeIn], [p].[ManufacturingDate], [p].[Picture], [p].[ProductName], [p].[Quantity], [p].[ReturnPolicy], [p].[ShoeType], [p].[UnitPrice], [p].[WarrantyPeriod]
FROM [Products] AS [p]
WHERE [p].[ProductId] = @__p_0
2026-05-11 23:09:40.877 +05:30 [INF] Executed DbCommand (17ms) [Parameters=[@__p_0='?' (DbType = Int32)], CommandType='"Text"', CommandTimeout='30']
SELECT TOP(1) [p].[ProductId], [p].[CategoryId], [p].[Description], [p].[Discount], [p].[Gender], [p].[MadeIn], [p].[ManufacturingDate], [p].[Picture], [p].[ProductName], [p].[Quantity], [p].[ReturnPolicy], [p].[ShoeType], [p].[UnitPrice], [p].[WarrantyPeriod]
FROM [Products] AS [p]
WHERE [p].[ProductId] = @__p_0
2026-05-11 23:09:40.877 +05:30 [INF] Request finished HTTP/2 GET https://localhost:7274/api/v1/products/1007 - 200 null application/json; charset=utf-8 69.0361ms
2026-05-11 23:09:40.879 +05:30 [INF] Executing OkObjectResult, writing value of type 'eCommerce.Application.DTOs.Product.ProductDto'.
2026-05-11 23:09:40.879 +05:30 [INF] Executing OkObjectResult, writing value of type 'eCommerce.Application.DTOs.Product.ProductDto'.
2026-05-11 23:09:40.879 +05:30 [INF] Executing OkObjectResult, writing value of type 'eCommerce.Application.DTOs.Product.ProductDto'.
2026-05-11 23:09:40.879 +05:30 [INF] Executing OkObjectResult, writing value of type 'eCommerce.Application.DTOs.Product.ProductDto'.
2026-05-11 23:09:40.881 +05:30 [INF] Executed action eCommerce.Api.Controllers.v1.ProductsController.GetProductDetails (eCommerce.Api) in 39.4481ms
2026-05-11 23:09:40.881 +05:30 [INF] Executed action eCommerce.Api.Controllers.v1.ProductsController.GetProductDetails (eCommerce.Api) in 33.5164ms
2026-05-11 23:09:40.881 +05:30 [INF] Executed action eCommerce.Api.Controllers.v1.ProductsController.GetProductDetails (eCommerce.Api) in 311.953ms
2026-05-11 23:09:40.888 +05:30 [INF] Executed endpoint 'eCommerce.Api.Controllers.v1.ProductsController.GetProductDetails (eCommerce.Api)'
2026-05-11 23:09:40.888 +05:30 [INF] Executed endpoint 'eCommerce.Api.Controllers.v1.ProductsController.GetProductDetails (eCommerce.Api)'
2026-05-11 23:09:40.888 +05:30 [INF] Executed endpoint 'eCommerce.Api.Controllers.v1.ProductsController.GetProductDetails (eCommerce.Api)'
2026-05-11 23:09:40.882 +05:30 [INF] Executed action eCommerce.Api.Controllers.v1.ProductsController.GetProductDetails (eCommerce.Api) in 34.6125ms
2026-05-11 23:09:40.889 +05:30 [INF] Executed endpoint 'eCommerce.Api.Controllers.v1.ProductsController.GetProductDetails (eCommerce.Api)'
2026-05-11 23:09:40.889 +05:30 [INF] Request finished HTTP/2 GET https://localhost:7274/api/v1/products/1017 - 200 null application/json; charset=utf-8 43.1527ms
2026-05-11 23:09:40.889 +05:30 [INF] Request finished HTTP/2 GET https://localhost:7274/api/v1/products/1012 - 200 null application/json; charset=utf-8 51.2663ms
2026-05-11 23:09:40.889 +05:30 [INF] Request finished HTTP/2 GET https://localhost:7274/api/v1/products/1016 - 200 null application/json; charset=utf-8 43.1022ms
2026-05-11 23:09:40.889 +05:30 [INF] Request finished HTTP/2 GET https://localhost:7274/api/v1/products/4 - 200 null application/json; charset=utf-8 412.4666ms
2026-05-11 23:09:40.889 +05:30 [INF] Executed DbCommand (9ms) [Parameters=[@__p_0='?' (DbType = Int32)], CommandType='"Text"', CommandTimeout='30']
SELECT TOP(1) [p].[ProductId], [p].[CategoryId], [p].[Description], [p].[Discount], [p].[Gender], [p].[MadeIn], [p].[ManufacturingDate], [p].[Picture], [p].[ProductName], [p].[Quantity], [p].[ReturnPolicy], [p].[ShoeType], [p].[UnitPrice], [p].[WarrantyPeriod]
FROM [Products] AS [p]
WHERE [p].[ProductId] = @__p_0
2026-05-11 23:09:40.879 +05:30 [INF] Executed DbCommand (22ms) [Parameters=[@__p_0='?' (DbType = Int32)], CommandType='"Text"', CommandTimeout='30']
SELECT TOP(1) [p].[ProductId], [p].[CategoryId], [p].[Description], [p].[Discount], [p].[Gender], [p].[MadeIn], [p].[ManufacturingDate], [p].[Picture], [p].[ProductName], [p].[Quantity], [p].[ReturnPolicy], [p].[ShoeType], [p].[UnitPrice], [p].[WarrantyPeriod]
FROM [Products] AS [p]
WHERE [p].[ProductId] = @__p_0
2026-05-11 23:09:40.889 +05:30 [INF] CORS policy execution successful.
2026-05-11 23:09:40.893 +05:30 [INF] Executing OkObjectResult, writing value of type 'eCommerce.Application.DTOs.Product.ProductDto'.
2026-05-11 23:09:40.893 +05:30 [INF] Executing endpoint 'eCommerce.Api.Controllers.v1.ProductsController.GetProductDetails (eCommerce.Api)'
2026-05-11 23:09:40.894 +05:30 [INF] Executed action eCommerce.Api.Controllers.v1.ProductsController.GetProductDetails (eCommerce.Api) in 45.1138ms
2026-05-11 23:09:40.898 +05:30 [INF] Executed endpoint 'eCommerce.Api.Controllers.v1.ProductsController.GetProductDetails (eCommerce.Api)'
2026-05-11 23:09:40.898 +05:30 [INF] Route matched with {action = "GetProductDetails", controller = "Products"}. Executing controller action with signature System.Threading.Tasks.Task`1[Microsoft.AspNetCore.Mvc.ActionResult`1[eCommerce.Application.DTOs.Product.ProductDto]] GetProductDetails(Int32) on controller eCommerce.Api.Controllers.v1.ProductsController (eCommerce.Api).
2026-05-11 23:09:40.898 +05:30 [INF] Executing OkObjectResult, writing value of type 'eCommerce.Application.DTOs.Product.ProductDto'.
2026-05-11 23:09:40.898 +05:30 [INF] Request finished HTTP/2 GET https://localhost:7274/api/v1/products/1014 - 200 null application/json; charset=utf-8 53.0999ms
2026-05-11 23:09:40.899 +05:30 [INF] Executed action eCommerce.Api.Controllers.v1.ProductsController.GetProductDetails (eCommerce.Api) in 56.9177ms
2026-05-11 23:09:40.899 +05:30 [INF] Executed endpoint 'eCommerce.Api.Controllers.v1.ProductsController.GetProductDetails (eCommerce.Api)'
2026-05-11 23:09:40.899 +05:30 [INF] Request finished HTTP/2 GET https://localhost:7274/api/v1/products/1013 - 200 null application/json; charset=utf-8 61.3309ms
2026-05-11 23:09:40.906 +05:30 [INF] Executed DbCommand (2ms) [Parameters=[@__p_0='?' (DbType = Int32)], CommandType='"Text"', CommandTimeout='30']
SELECT TOP(1) [p].[ProductId], [p].[CategoryId], [p].[Description], [p].[Discount], [p].[Gender], [p].[MadeIn], [p].[ManufacturingDate], [p].[Picture], [p].[ProductName], [p].[Quantity], [p].[ReturnPolicy], [p].[ShoeType], [p].[UnitPrice], [p].[WarrantyPeriod]
FROM [Products] AS [p]
WHERE [p].[ProductId] = @__p_0
2026-05-11 23:09:40.907 +05:30 [INF] Executing OkObjectResult, writing value of type 'eCommerce.Application.DTOs.Product.ProductDto'.
2026-05-11 23:09:40.908 +05:30 [INF] Executed action eCommerce.Api.Controllers.v1.ProductsController.GetProductDetails (eCommerce.Api) in 10.0046ms
2026-05-11 23:09:40.908 +05:30 [INF] Executed endpoint 'eCommerce.Api.Controllers.v1.ProductsController.GetProductDetails (eCommerce.Api)'
2026-05-11 23:09:40.908 +05:30 [INF] Request finished HTTP/2 GET https://localhost:7274/api/v1/products/1010 - 200 null application/json; charset=utf-8 82.9574ms
2026-05-11 23:09:40.909 +05:30 [INF] Executed DbCommand (2ms) [Parameters=[@__p_0='?' (DbType = Int32)], CommandType='"Text"', CommandTimeout='30']
SELECT TOP(1) [p].[ProductId], [p].[CategoryId], [p].[Description], [p].[Discount], [p].[Gender], [p].[MadeIn], [p].[ManufacturingDate], [p].[Picture], [p].[ProductName], [p].[Quantity], [p].[ReturnPolicy], [p].[ShoeType], [p].[UnitPrice], [p].[WarrantyPeriod]
FROM [Products] AS [p]
WHERE [p].[ProductId] = @__p_0
2026-05-11 23:09:40.909 +05:30 [INF] Executed DbCommand (1ms) [Parameters=[@__p_0='?' (DbType = Int32)], CommandType='"Text"', CommandTimeout='30']
SELECT TOP(1) [p].[ProductId], [p].[CategoryId], [p].[Description], [p].[Discount], [p].[Gender], [p].[MadeIn], [p].[ManufacturingDate], [p].[Picture], [p].[ProductName], [p].[Quantity], [p].[ReturnPolicy], [p].[ShoeType], [p].[UnitPrice], [p].[WarrantyPeriod]
FROM [Products] AS [p]
WHERE [p].[ProductId] = @__p_0
2026-05-11 23:09:40.909 +05:30 [INF] Executed DbCommand (1ms) [Parameters=[@__p_0='?' (DbType = Int32)], CommandType='"Text"', CommandTimeout='30']
SELECT TOP(1) [p].[ProductId], [p].[CategoryId], [p].[Description], [p].[Discount], [p].[Gender], [p].[MadeIn], [p].[ManufacturingDate], [p].[Picture], [p].[ProductName], [p].[Quantity], [p].[ReturnPolicy], [p].[ShoeType], [p].[UnitPrice], [p].[WarrantyPeriod]
FROM [Products] AS [p]
WHERE [p].[ProductId] = @__p_0
2026-05-11 23:09:40.909 +05:30 [INF] Executed DbCommand (2ms) [Parameters=[@__p_0='?' (DbType = Int32)], CommandType='"Text"', CommandTimeout='30']
SELECT TOP(1) [p].[ProductId], [p].[CategoryId], [p].[Description], [p].[Discount], [p].[Gender], [p].[MadeIn], [p].[ManufacturingDate], [p].[Picture], [p].[ProductName], [p].[Quantity], [p].[ReturnPolicy], [p].[ShoeType], [p].[UnitPrice], [p].[WarrantyPeriod]
FROM [Products] AS [p]
WHERE [p].[ProductId] = @__p_0
2026-05-11 23:09:40.909 +05:30 [INF] Executed DbCommand (2ms) [Parameters=[@__p_0='?' (DbType = Int32)], CommandType='"Text"', CommandTimeout='30']
SELECT TOP(1) [p].[ProductId], [p].[CategoryId], [p].[Description], [p].[Discount], [p].[Gender], [p].[MadeIn], [p].[ManufacturingDate], [p].[Picture], [p].[ProductName], [p].[Quantity], [p].[ReturnPolicy], [p].[ShoeType], [p].[UnitPrice], [p].[WarrantyPeriod]
FROM [Products] AS [p]
WHERE [p].[ProductId] = @__p_0
2026-05-11 23:09:40.909 +05:30 [INF] Executing OkObjectResult, writing value of type 'eCommerce.Application.DTOs.Product.ProductDto'.
2026-05-11 23:09:40.909 +05:30 [INF] Executing OkObjectResult, writing value of type 'eCommerce.Application.DTOs.Product.ProductDto'.
2026-05-11 23:09:40.909 +05:30 [INF] Executing OkObjectResult, writing value of type 'eCommerce.Application.DTOs.Product.ProductDto'.
2026-05-11 23:09:40.909 +05:30 [INF] Executing OkObjectResult, writing value of type 'eCommerce.Application.DTOs.Product.ProductDto'.
2026-05-11 23:09:40.910 +05:30 [INF] Executed action eCommerce.Api.Controllers.v1.ProductsController.GetProductDetails (eCommerce.Api) in 125.9509ms
2026-05-11 23:09:40.910 +05:30 [INF] Executed action eCommerce.Api.Controllers.v1.ProductsController.GetProductDetails (eCommerce.Api) in 281.9334ms
2026-05-11 23:09:40.910 +05:30 [INF] Executed action eCommerce.Api.Controllers.v1.ProductsController.GetProductDetails (eCommerce.Api) in 342.1405ms
2026-05-11 23:09:40.910 +05:30 [INF] Executing OkObjectResult, writing value of type 'eCommerce.Application.DTOs.Product.ProductDto'.
2026-05-11 23:09:40.910 +05:30 [INF] Executed endpoint 'eCommerce.Api.Controllers.v1.ProductsController.GetProductDetails (eCommerce.Api)'
2026-05-11 23:09:40.910 +05:30 [INF] Executed endpoint 'eCommerce.Api.Controllers.v1.ProductsController.GetProductDetails (eCommerce.Api)'
2026-05-11 23:09:40.910 +05:30 [INF] Executed action eCommerce.Api.Controllers.v1.ProductsController.GetProductDetails (eCommerce.Api) in 340.7777ms
2026-05-11 23:09:40.910 +05:30 [INF] Executed endpoint 'eCommerce.Api.Controllers.v1.ProductsController.GetProductDetails (eCommerce.Api)'
2026-05-11 23:09:40.910 +05:30 [INF] Executed endpoint 'eCommerce.Api.Controllers.v1.ProductsController.GetProductDetails (eCommerce.Api)'
2026-05-11 23:09:40.910 +05:30 [INF] Request finished HTTP/2 GET https://localhost:7274/api/v1/products/13 - 200 null application/json; charset=utf-8 283.5023ms
2026-05-11 23:09:40.911 +05:30 [INF] Executed action eCommerce.Api.Controllers.v1.ProductsController.GetProductDetails (eCommerce.Api) in 301.0027ms
2026-05-11 23:09:40.911 +05:30 [INF] Executed endpoint 'eCommerce.Api.Controllers.v1.ProductsController.GetProductDetails (eCommerce.Api)'
2026-05-11 23:09:40.910 +05:30 [INF] Request finished HTTP/2 GET https://localhost:7274/api/v1/products/14 - 200 null application/json; charset=utf-8 132.7868ms
2026-05-11 23:09:40.911 +05:30 [INF] Request finished HTTP/2 GET https://localhost:7274/api/v1/products/6 - 200 null application/json; charset=utf-8 426.7163ms
2026-05-11 23:09:40.911 +05:30 [INF] Request finished HTTP/2 GET https://localhost:7274/api/v1/products/11 - 200 null application/json; charset=utf-8 313.9528ms
2026-05-11 23:09:40.911 +05:30 [INF] Request finished HTTP/2 GET https://localhost:7274/api/v1/products/3 - 200 null application/json; charset=utf-8 434.2043ms
2026-05-11 23:09:40.912 +05:30 [INF] Executed DbCommand (4ms) [Parameters=[@__p_0='?' (DbType = Int32)], CommandType='"Text"', CommandTimeout='30']
SELECT TOP(1) [p].[ProductId], [p].[CategoryId], [p].[Description], [p].[Discount], [p].[Gender], [p].[MadeIn], [p].[ManufacturingDate], [p].[Picture], [p].[ProductName], [p].[Quantity], [p].[ReturnPolicy], [p].[ShoeType], [p].[UnitPrice], [p].[WarrantyPeriod]
FROM [Products] AS [p]
WHERE [p].[ProductId] = @__p_0
2026-05-11 23:09:40.912 +05:30 [INF] Executed DbCommand (5ms) [Parameters=[@__p_0='?' (DbType = Int32)], CommandType='"Text"', CommandTimeout='30']
SELECT TOP(1) [p].[ProductId], [p].[CategoryId], [p].[Description], [p].[Discount], [p].[Gender], [p].[MadeIn], [p].[ManufacturingDate], [p].[Picture], [p].[ProductName], [p].[Quantity], [p].[ReturnPolicy], [p].[ShoeType], [p].[UnitPrice], [p].[WarrantyPeriod]
FROM [Products] AS [p]
WHERE [p].[ProductId] = @__p_0
2026-05-11 23:09:40.913 +05:30 [INF] Executing OkObjectResult, writing value of type 'eCommerce.Application.DTOs.Product.ProductDto'.
2026-05-11 23:09:40.913 +05:30 [INF] Executing OkObjectResult, writing value of type 'eCommerce.Application.DTOs.Product.ProductDto'.
2026-05-11 23:09:40.914 +05:30 [INF] Executed action eCommerce.Api.Controllers.v1.ProductsController.GetProductDetails (eCommerce.Api) in 291.3659ms
2026-05-11 23:09:40.914 +05:30 [INF] Executed action eCommerce.Api.Controllers.v1.ProductsController.GetProductDetails (eCommerce.Api) in 329.7004ms
2026-05-11 23:09:40.914 +05:30 [INF] Executed endpoint 'eCommerce.Api.Controllers.v1.ProductsController.GetProductDetails (eCommerce.Api)'
2026-05-11 23:09:40.914 +05:30 [INF] Executed endpoint 'eCommerce.Api.Controllers.v1.ProductsController.GetProductDetails (eCommerce.Api)'
2026-05-11 23:09:40.914 +05:30 [INF] Request finished HTTP/2 GET https://localhost:7274/api/v1/products/8 - 200 null application/json; charset=utf-8 360.7568ms
2026-05-11 23:09:40.914 +05:30 [INF] Request finished HTTP/2 GET https://localhost:7274/api/v1/products/12 - 200 null application/json; charset=utf-8 298.1781ms
2026-05-11 23:09:40.922 +05:30 [INF] Executed DbCommand (15ms) [Parameters=[@__p_0='?' (DbType = Int32)], CommandType='"Text"', CommandTimeout='30']
SELECT TOP(1) [p].[ProductId], [p].[CategoryId], [p].[Description], [p].[Discount], [p].[Gender], [p].[MadeIn], [p].[ManufacturingDate], [p].[Picture], [p].[ProductName], [p].[Quantity], [p].[ReturnPolicy], [p].[ShoeType], [p].[UnitPrice], [p].[WarrantyPeriod]
FROM [Products] AS [p]
WHERE [p].[ProductId] = @__p_0
2026-05-11 23:09:40.925 +05:30 [INF] Executed DbCommand (2ms) [Parameters=[@__p_0='?' (DbType = Int32)], CommandType='"Text"', CommandTimeout='30']
SELECT TOP(1) [p].[ProductId], [p].[CategoryId], [p].[Description], [p].[Discount], [p].[Gender], [p].[MadeIn], [p].[ManufacturingDate], [p].[Picture], [p].[ProductName], [p].[Quantity], [p].[ReturnPolicy], [p].[ShoeType], [p].[UnitPrice], [p].[WarrantyPeriod]
FROM [Products] AS [p]
WHERE [p].[ProductId] = @__p_0
2026-05-11 23:09:40.925 +05:30 [INF] Executing OkObjectResult, writing value of type 'eCommerce.Application.DTOs.Product.ProductDto'.
2026-05-11 23:09:40.928 +05:30 [INF] Executed action eCommerce.Api.Controllers.v1.ProductsController.GetProductDetails (eCommerce.Api) in 121.354ms
2026-05-11 23:09:40.928 +05:30 [INF] Executing OkObjectResult, writing value of type 'eCommerce.Application.DTOs.Product.ProductDto'.
2026-05-11 23:09:40.929 +05:30 [INF] Executed endpoint 'eCommerce.Api.Controllers.v1.ProductsController.GetProductDetails (eCommerce.Api)'
2026-05-11 23:09:40.929 +05:30 [INF] Executed DbCommand (6ms) [Parameters=[@__p_0='?' (DbType = Int32)], CommandType='"Text"', CommandTimeout='30']
SELECT TOP(1) [p].[ProductId], [p].[CategoryId], [p].[Description], [p].[Discount], [p].[Gender], [p].[MadeIn], [p].[ManufacturingDate], [p].[Picture], [p].[ProductName], [p].[Quantity], [p].[ReturnPolicy], [p].[ShoeType], [p].[UnitPrice], [p].[WarrantyPeriod]
FROM [Products] AS [p]
WHERE [p].[ProductId] = @__p_0
2026-05-11 23:09:40.929 +05:30 [INF] Executed DbCommand (6ms) [Parameters=[@__p_0='?' (DbType = Int32)], CommandType='"Text"', CommandTimeout='30']
SELECT TOP(1) [p].[ProductId], [p].[CategoryId], [p].[Description], [p].[Discount], [p].[Gender], [p].[MadeIn], [p].[ManufacturingDate], [p].[Picture], [p].[ProductName], [p].[Quantity], [p].[ReturnPolicy], [p].[ShoeType], [p].[UnitPrice], [p].[WarrantyPeriod]
FROM [Products] AS [p]
WHERE [p].[ProductId] = @__p_0
2026-05-11 23:09:40.929 +05:30 [INF] Executed DbCommand (5ms) [Parameters=[@__p_0='?' (DbType = Int32)], CommandType='"Text"', CommandTimeout='30']
SELECT TOP(1) [p].[ProductId], [p].[CategoryId], [p].[Description], [p].[Discount], [p].[Gender], [p].[MadeIn], [p].[ManufacturingDate], [p].[Picture], [p].[ProductName], [p].[Quantity], [p].[ReturnPolicy], [p].[ShoeType], [p].[UnitPrice], [p].[WarrantyPeriod]
FROM [Products] AS [p]
WHERE [p].[ProductId] = @__p_0
2026-05-11 23:09:40.929 +05:30 [INF] Executed DbCommand (7ms) [Parameters=[@__p_0='?' (DbType = Int32)], CommandType='"Text"', CommandTimeout='30']
SELECT TOP(1) [p].[ProductId], [p].[CategoryId], [p].[Description], [p].[Discount], [p].[Gender], [p].[MadeIn], [p].[ManufacturingDate], [p].[Picture], [p].[ProductName], [p].[Quantity], [p].[ReturnPolicy], [p].[ShoeType], [p].[UnitPrice], [p].[WarrantyPeriod]
FROM [Products] AS [p]
WHERE [p].[ProductId] = @__p_0
2026-05-11 23:09:40.929 +05:30 [INF] Request finished HTTP/2 GET https://localhost:7274/api/v1/products/1005 - 200 null application/json; charset=utf-8 125.8317ms
2026-05-11 23:09:40.930 +05:30 [INF] Executed DbCommand (5ms) [Parameters=[@__p_0='?' (DbType = Int32)], CommandType='"Text"', CommandTimeout='30']
SELECT TOP(1) [p].[ProductId], [p].[CategoryId], [p].[Description], [p].[Discount], [p].[Gender], [p].[MadeIn], [p].[ManufacturingDate], [p].[Picture], [p].[ProductName], [p].[Quantity], [p].[ReturnPolicy], [p].[ShoeType], [p].[UnitPrice], [p].[WarrantyPeriod]
FROM [Products] AS [p]
WHERE [p].[ProductId] = @__p_0
2026-05-11 23:09:40.930 +05:30 [INF] Executed action eCommerce.Api.Controllers.v1.ProductsController.GetProductDetails (eCommerce.Api) in 121.4676ms
2026-05-11 23:09:40.930 +05:30 [INF] Executed endpoint 'eCommerce.Api.Controllers.v1.ProductsController.GetProductDetails (eCommerce.Api)'
2026-05-11 23:09:40.930 +05:30 [INF] Executed DbCommand (4ms) [Parameters=[@__p_0='?' (DbType = Int32)], CommandType='"Text"', CommandTimeout='30']
SELECT TOP(1) [p].[ProductId], [p].[CategoryId], [p].[Description], [p].[Discount], [p].[Gender], [p].[MadeIn], [p].[ManufacturingDate], [p].[Picture], [p].[ProductName], [p].[Quantity], [p].[ReturnPolicy], [p].[ShoeType], [p].[UnitPrice], [p].[WarrantyPeriod]
FROM [Products] AS [p]
WHERE [p].[ProductId] = @__p_0
2026-05-11 23:09:40.931 +05:30 [INF] Executing OkObjectResult, writing value of type 'eCommerce.Application.DTOs.Product.ProductDto'.
2026-05-11 23:09:40.931 +05:30 [INF] Executing OkObjectResult, writing value of type 'eCommerce.Application.DTOs.Product.ProductDto'.
2026-05-11 23:09:40.931 +05:30 [INF] Executing OkObjectResult, writing value of type 'eCommerce.Application.DTOs.Product.ProductDto'.
2026-05-11 23:09:40.931 +05:30 [INF] Executed action eCommerce.Api.Controllers.v1.ProductsController.GetProductDetails (eCommerce.Api) in 122.0006ms
2026-05-11 23:09:40.931 +05:30 [INF] Executing OkObjectResult, writing value of type 'eCommerce.Application.DTOs.Product.ProductDto'.
2026-05-11 23:09:40.931 +05:30 [INF] Executed DbCommand (4ms) [Parameters=[@__p_0='?' (DbType = Int32)], CommandType='"Text"', CommandTimeout='30']
SELECT TOP(1) [p].[ProductId], [p].[CategoryId], [p].[Description], [p].[Discount], [p].[Gender], [p].[MadeIn], [p].[ManufacturingDate], [p].[Picture], [p].[ProductName], [p].[Quantity], [p].[ReturnPolicy], [p].[ShoeType], [p].[UnitPrice], [p].[WarrantyPeriod]
FROM [Products] AS [p]
WHERE [p].[ProductId] = @__p_0
2026-05-11 23:09:40.931 +05:30 [INF] Executing OkObjectResult, writing value of type 'eCommerce.Application.DTOs.Product.ProductDto'.
2026-05-11 23:09:40.931 +05:30 [INF] Executing OkObjectResult, writing value of type 'eCommerce.Application.DTOs.Product.ProductDto'.
2026-05-11 23:09:40.931 +05:30 [INF] Executed action eCommerce.Api.Controllers.v1.ProductsController.GetProductDetails (eCommerce.Api) in 109.4932ms
2026-05-11 23:09:40.931 +05:30 [INF] Executed action eCommerce.Api.Controllers.v1.ProductsController.GetProductDetails (eCommerce.Api) in 123.3041ms
2026-05-11 23:09:40.931 +05:30 [INF] Executed action eCommerce.Api.Controllers.v1.ProductsController.GetProductDetails (eCommerce.Api) in 123.126ms
2026-05-11 23:09:40.931 +05:30 [INF] Executed endpoint 'eCommerce.Api.Controllers.v1.ProductsController.GetProductDetails (eCommerce.Api)'
2026-05-11 23:09:40.931 +05:30 [INF] Executed endpoint 'eCommerce.Api.Controllers.v1.ProductsController.GetProductDetails (eCommerce.Api)'
2026-05-11 23:09:40.931 +05:30 [INF] Executing OkObjectResult, writing value of type 'eCommerce.Application.DTOs.Product.ProductDto'.
2026-05-11 23:09:40.931 +05:30 [INF] Request finished HTTP/2 GET https://localhost:7274/api/v1/products/1002 - 200 null application/json; charset=utf-8 128.6893ms
2026-05-11 23:09:40.931 +05:30 [INF] Executed endpoint 'eCommerce.Api.Controllers.v1.ProductsController.GetProductDetails (eCommerce.Api)'
2026-05-11 23:09:40.932 +05:30 [INF] Request finished HTTP/2 GET https://localhost:7274/api/v1/products/15 - 200 null application/json; charset=utf-8 129.7215ms
2026-05-11 23:09:40.932 +05:30 [INF] Executed action eCommerce.Api.Controllers.v1.ProductsController.GetProductDetails (eCommerce.Api) in 89.5066ms
2026-05-11 23:09:40.932 +05:30 [INF] Request finished HTTP/2 GET https://localhost:7274/api/v1/products/1008 - 200 null application/json; charset=utf-8 122.2667ms
2026-05-11 23:09:40.931 +05:30 [INF] Executed endpoint 'eCommerce.Api.Controllers.v1.ProductsController.GetProductDetails (eCommerce.Api)'
2026-05-11 23:09:40.931 +05:30 [INF] Executed action eCommerce.Api.Controllers.v1.ProductsController.GetProductDetails (eCommerce.Api) in 83.7966ms
2026-05-11 23:09:40.931 +05:30 [INF] Executed action eCommerce.Api.Controllers.v1.ProductsController.GetProductDetails (eCommerce.Api) in 99.5499ms
2026-05-11 23:09:40.932 +05:30 [INF] Request finished HTTP/2 GET https://localhost:7274/api/v1/products/1004 - 200 null application/json; charset=utf-8 128.2636ms
2026-05-11 23:09:40.932 +05:30 [INF] Executed endpoint 'eCommerce.Api.Controllers.v1.ProductsController.GetProductDetails (eCommerce.Api)'
2026-05-11 23:09:40.932 +05:30 [INF] Request finished HTTP/2 GET https://localhost:7274/api/v1/products/1006 - 200 null application/json; charset=utf-8 127.647ms
2026-05-11 23:09:40.932 +05:30 [INF] Executed endpoint 'eCommerce.Api.Controllers.v1.ProductsController.GetProductDetails (eCommerce.Api)'
2026-05-11 23:09:40.932 +05:30 [INF] Executed endpoint 'eCommerce.Api.Controllers.v1.ProductsController.GetProductDetails (eCommerce.Api)'
2026-05-11 23:09:40.932 +05:30 [INF] Request finished HTTP/2 GET https://localhost:7274/api/v1/products/1011 - 200 null application/json; charset=utf-8 95.6996ms
2026-05-11 23:09:40.933 +05:30 [INF] Request finished HTTP/2 GET https://localhost:7274/api/v1/products/1015 - 200 null application/json; charset=utf-8 87.1539ms
2026-05-11 23:09:40.933 +05:30 [INF] Request finished HTTP/2 GET https://localhost:7274/api/v1/products/1009 - 200 null application/json; charset=utf-8 121.5392ms
2026-05-11 23:10:06.078 +05:30 [INF] Request starting HTTP/2 GET https://localhost:7274/api/v1/products - null null
2026-05-11 23:10:06.090 +05:30 [INF] CORS policy execution successful.
2026-05-11 23:10:06.091 +05:30 [INF] Executing endpoint 'eCommerce.Api.Controllers.v1.ProductsController.GetAllProducts (eCommerce.Api)'
2026-05-11 23:10:06.094 +05:30 [INF] Route matched with {action = "GetAllProducts", controller = "Products"}. Executing controller action with signature System.Threading.Tasks.Task`1[Microsoft.AspNetCore.Mvc.ActionResult`1[System.Collections.Generic.IEnumerable`1[eCommerce.Application.DTOs.Product.ProductDto]]] GetAllProducts() on controller eCommerce.Api.Controllers.v1.ProductsController (eCommerce.Api).
2026-05-11 23:10:06.434 +05:30 [INF] Executed DbCommand (327ms) [Parameters=[], CommandType='"Text"', CommandTimeout='30']
SELECT [p].[ProductId], [p].[CategoryId], [p].[Description], [p].[Discount], [p].[Gender], [p].[MadeIn], [p].[ManufacturingDate], [p].[Picture], [p].[ProductName], [p].[Quantity], [p].[ReturnPolicy], [p].[ShoeType], [p].[UnitPrice], [p].[WarrantyPeriod]
FROM [Products] AS [p]
2026-05-11 23:10:06.440 +05:30 [INF] Executing OkObjectResult, writing value of type 'System.Collections.Generic.List`1[[eCommerce.Application.DTOs.Product.ProductDto, eCommerce.Application, Version=1.0.0.0, Culture=neutral, PublicKeyToken=null]]'.
2026-05-11 23:10:06.486 +05:30 [INF] Executed action eCommerce.Api.Controllers.v1.ProductsController.GetAllProducts (eCommerce.Api) in 392.3394ms
2026-05-11 23:10:06.487 +05:30 [INF] Executed endpoint 'eCommerce.Api.Controllers.v1.ProductsController.GetAllProducts (eCommerce.Api)'
2026-05-11 23:10:06.488 +05:30 [INF] Request finished HTTP/2 GET https://localhost:7274/api/v1/products - 200 null application/json; charset=utf-8 412.2861ms
2026-05-11 23:10:35.607 +05:30 [INF] Request starting HTTP/2 GET https://localhost:7274/api/v1/products - null null
2026-05-11 23:10:35.607 +05:30 [INF] Request starting HTTP/2 GET https://localhost:7274/api/v1/Categories - null null
2026-05-11 23:10:35.608 +05:30 [INF] CORS policy execution successful.
2026-05-11 23:10:35.608 +05:30 [INF] CORS policy execution successful.
2026-05-11 23:10:35.608 +05:30 [INF] Executing endpoint 'eCommerce.Api.Controllers.v1.ProductsController.GetAllProducts (eCommerce.Api)'
2026-05-11 23:10:35.608 +05:30 [INF] Executing endpoint 'eCommerce.Api.Controllers.v1.CategoriesController.GetAllAsync (eCommerce.Api)'
2026-05-11 23:10:35.608 +05:30 [INF] Route matched with {action = "GetAllProducts", controller = "Products"}. Executing controller action with signature System.Threading.Tasks.Task`1[Microsoft.AspNetCore.Mvc.ActionResult`1[System.Collections.Generic.IEnumerable`1[eCommerce.Application.DTOs.Product.ProductDto]]] GetAllProducts() on controller eCommerce.Api.Controllers.v1.ProductsController (eCommerce.Api).
2026-05-11 23:10:35.608 +05:30 [INF] Route matched with {action = "GetAll", controller = "Categories"}. Executing controller action with signature System.Threading.Tasks.Task`1[Microsoft.AspNetCore.Mvc.ActionResult`1[System.Collections.Generic.IEnumerable`1[eCommerce.Application.DTOs.Category.CategoryDto]]] GetAllAsync() on controller eCommerce.Api.Controllers.v1.CategoriesController (eCommerce.Api).
2026-05-11 23:10:35.609 +05:30 [INF] Get all categories
2026-05-11 23:10:35.658 +05:30 [INF] Executed DbCommand (13ms) [Parameters=[], CommandType='"Text"', CommandTimeout='30']
SELECT [p].[ProductId], [p].[CategoryId], [p].[Description], [p].[Discount], [p].[Gender], [p].[MadeIn], [p].[ManufacturingDate], [p].[Picture], [p].[ProductName], [p].[Quantity], [p].[ReturnPolicy], [p].[ShoeType], [p].[UnitPrice], [p].[WarrantyPeriod]
FROM [Products] AS [p]
2026-05-11 23:10:35.667 +05:30 [INF] Executing OkObjectResult, writing value of type 'System.Collections.Generic.List`1[[eCommerce.Application.DTOs.Product.ProductDto, eCommerce.Application, Version=1.0.0.0, Culture=neutral, PublicKeyToken=null]]'.
2026-05-11 23:10:35.676 +05:30 [INF] Executed DbCommand (15ms) [Parameters=[], CommandType='"Text"', CommandTimeout='30']
SELECT [c].[CategoryId], [c].[CategoryName], [c].[Description]
FROM [Categories] AS [c]
2026-05-11 23:10:35.676 +05:30 [INF] Executed action eCommerce.Api.Controllers.v1.ProductsController.GetAllProducts (eCommerce.Api) in 68.2347ms
2026-05-11 23:10:35.709 +05:30 [INF] Executed endpoint 'eCommerce.Api.Controllers.v1.ProductsController.GetAllProducts (eCommerce.Api)'
2026-05-11 23:10:35.713 +05:30 [INF] Request finished HTTP/2 GET https://localhost:7274/api/v1/products - 200 null application/json; charset=utf-8 105.182ms
2026-05-11 23:10:35.721 +05:30 [INF] Executing OkObjectResult, writing value of type 'System.Collections.Generic.List`1[[eCommerce.Application.DTOs.Category.CategoryDto, eCommerce.Application, Version=1.0.0.0, Culture=neutral, PublicKeyToken=null]]'.
2026-05-11 23:10:35.725 +05:30 [INF] Executed action eCommerce.Api.Controllers.v1.CategoriesController.GetAllAsync (eCommerce.Api) in 116.6615ms
2026-05-11 23:10:35.725 +05:30 [INF] Executed endpoint 'eCommerce.Api.Controllers.v1.CategoriesController.GetAllAsync (eCommerce.Api)'
2026-05-11 23:10:35.725 +05:30 [INF] Request finished HTTP/2 GET https://localhost:7274/api/v1/Categories - 200 null application/json; charset=utf-8 118.0557ms
2026-05-11 23:10:38.570 +05:30 [INF] Request starting HTTP/2 GET https://localhost:7274/api/v1/products - null null
2026-05-11 23:10:38.571 +05:30 [INF] CORS policy execution successful.
2026-05-11 23:10:38.571 +05:30 [INF] Executing endpoint 'eCommerce.Api.Controllers.v1.ProductsController.GetAllProducts (eCommerce.Api)'
2026-05-11 23:10:38.571 +05:30 [INF] Route matched with {action = "GetAllProducts", controller = "Products"}. Executing controller action with signature System.Threading.Tasks.Task`1[Microsoft.AspNetCore.Mvc.ActionResult`1[System.Collections.Generic.IEnumerable`1[eCommerce.Application.DTOs.Product.ProductDto]]] GetAllProducts() on controller eCommerce.Api.Controllers.v1.ProductsController (eCommerce.Api).
2026-05-11 23:10:38.576 +05:30 [INF] Executed DbCommand (3ms) [Parameters=[], CommandType='"Text"', CommandTimeout='30']
SELECT [p].[ProductId], [p].[CategoryId], [p].[Description], [p].[Discount], [p].[Gender], [p].[MadeIn], [p].[ManufacturingDate], [p].[Picture], [p].[ProductName], [p].[Quantity], [p].[ReturnPolicy], [p].[ShoeType], [p].[UnitPrice], [p].[WarrantyPeriod]
FROM [Products] AS [p]
2026-05-11 23:10:38.579 +05:30 [INF] Executing OkObjectResult, writing value of type 'System.Collections.Generic.List`1[[eCommerce.Application.DTOs.Product.ProductDto, eCommerce.Application, Version=1.0.0.0, Culture=neutral, PublicKeyToken=null]]'.
2026-05-11 23:10:38.581 +05:30 [INF] Executed action eCommerce.Api.Controllers.v1.ProductsController.GetAllProducts (eCommerce.Api) in 9.5452ms
2026-05-11 23:10:38.581 +05:30 [INF] Executed endpoint 'eCommerce.Api.Controllers.v1.ProductsController.GetAllProducts (eCommerce.Api)'
2026-05-11 23:10:38.581 +05:30 [INF] Request finished HTTP/2 GET https://localhost:7274/api/v1/products - 200 null application/json; charset=utf-8 11.4445ms
2026-05-11 23:10:49.883 +05:30 [INF] Request starting HTTP/2 GET https://localhost:7274/api/v1/products/1 - null null
2026-05-11 23:10:49.898 +05:30 [INF] CORS policy execution successful.
2026-05-11 23:10:49.899 +05:30 [INF] Executing endpoint 'eCommerce.Api.Controllers.v1.ProductsController.GetProductDetails (eCommerce.Api)'
2026-05-11 23:10:49.901 +05:30 [INF] Route matched with {action = "GetProductDetails", controller = "Products"}. Executing controller action with signature System.Threading.Tasks.Task`1[Microsoft.AspNetCore.Mvc.ActionResult`1[eCommerce.Application.DTOs.Product.ProductDto]] GetProductDetails(Int32) on controller eCommerce.Api.Controllers.v1.ProductsController (eCommerce.Api).
2026-05-11 23:10:50.086 +05:30 [INF] Executed DbCommand (86ms) [Parameters=[@__p_0='?' (DbType = Int32)], CommandType='"Text"', CommandTimeout='30']
SELECT TOP(1) [p].[ProductId], [p].[CategoryId], [p].[Description], [p].[Discount], [p].[Gender], [p].[MadeIn], [p].[ManufacturingDate], [p].[Picture], [p].[ProductName], [p].[Quantity], [p].[ReturnPolicy], [p].[ShoeType], [p].[UnitPrice], [p].[WarrantyPeriod]
FROM [Products] AS [p]
WHERE [p].[ProductId] = @__p_0
2026-05-11 23:10:50.088 +05:30 [INF] Executing OkObjectResult, writing value of type 'eCommerce.Application.DTOs.Product.ProductDto'.
2026-05-11 23:10:50.089 +05:30 [INF] Executed action eCommerce.Api.Controllers.v1.ProductsController.GetProductDetails (eCommerce.Api) in 187.0107ms
2026-05-11 23:10:50.089 +05:30 [INF] Executed endpoint 'eCommerce.Api.Controllers.v1.ProductsController.GetProductDetails (eCommerce.Api)'
2026-05-11 23:10:50.089 +05:30 [INF] Request finished HTTP/2 GET https://localhost:7274/api/v1/products/1 - 200 null application/json; charset=utf-8 208.9733ms
2026-05-11 23:12:02.739 +05:30 [INF] Request starting HTTP/2 GET https://localhost:7274/api/v1/products/16 - null null
2026-05-11 23:12:02.847 +05:30 [INF] CORS policy execution successful.
2026-05-11 23:12:02.848 +05:30 [INF] Executing endpoint 'eCommerce.Api.Controllers.v1.ProductsController.GetProductDetails (eCommerce.Api)'
2026-05-11 23:12:02.851 +05:30 [INF] Route matched with {action = "GetProductDetails", controller = "Products"}. Executing controller action with signature System.Threading.Tasks.Task`1[Microsoft.AspNetCore.Mvc.ActionResult`1[eCommerce.Application.DTOs.Product.ProductDto]] GetProductDetails(Int32) on controller eCommerce.Api.Controllers.v1.ProductsController (eCommerce.Api).
2026-05-11 23:12:02.978 +05:30 [INF] Executed DbCommand (89ms) [Parameters=[@__p_0='?' (DbType = Int32)], CommandType='"Text"', CommandTimeout='30']
SELECT TOP(1) [p].[ProductId], [p].[CategoryId], [p].[Description], [p].[Discount], [p].[Gender], [p].[MadeIn], [p].[ManufacturingDate], [p].[Picture], [p].[ProductName], [p].[Quantity], [p].[ReturnPolicy], [p].[ShoeType], [p].[UnitPrice], [p].[WarrantyPeriod]
FROM [Products] AS [p]
WHERE [p].[ProductId] = @__p_0
2026-05-11 23:12:02.981 +05:30 [INF] Executing OkObjectResult, writing value of type 'eCommerce.Application.DTOs.Product.ProductDto'.
2026-05-11 23:12:02.983 +05:30 [INF] Executed action eCommerce.Api.Controllers.v1.ProductsController.GetProductDetails (eCommerce.Api) in 132.4382ms
2026-05-11 23:12:02.983 +05:30 [INF] Executed endpoint 'eCommerce.Api.Controllers.v1.ProductsController.GetProductDetails (eCommerce.Api)'
2026-05-11 23:12:02.984 +05:30 [INF] Request finished HTTP/2 GET https://localhost:7274/api/v1/products/16 - 200 null application/json; charset=utf-8 250.1477ms
2026-05-11 23:14:40.005 +05:30 [INF] Request starting HTTP/2 GET https://localhost:7274/api/v1/Categories/1 - null null
2026-05-11 23:14:40.080 +05:30 [INF] CORS policy execution successful.
2026-05-11 23:14:40.084 +05:30 [INF] Executing endpoint 'eCommerce.Api.Controllers.v1.CategoriesController.GetById (eCommerce.Api)'
2026-05-11 23:14:40.090 +05:30 [INF] Route matched with {action = "GetById", controller = "Categories"}. Executing controller action with signature System.Threading.Tasks.Task`1[Microsoft.AspNetCore.Mvc.ActionResult`1[eCommerce.Application.DTOs.Category.CategoryDto]] GetById(Int32) on controller eCommerce.Api.Controllers.v1.CategoriesController (eCommerce.Api).
2026-05-11 23:14:40.129 +05:30 [INF] Fetching category 1
2026-05-11 23:14:40.291 +05:30 [INF] Executed DbCommand (89ms) [Parameters=[@__p_0='?' (DbType = Int32)], CommandType='"Text"', CommandTimeout='30']
SELECT TOP(1) [c].[CategoryId], [c].[CategoryName], [c].[Description]
FROM [Categories] AS [c]
WHERE [c].[CategoryId] = @__p_0
2026-05-11 23:14:40.298 +05:30 [INF] Executing OkObjectResult, writing value of type 'eCommerce.Application.DTOs.Category.CategoryDto'.
2026-05-11 23:14:40.301 +05:30 [INF] Executed action eCommerce.Api.Controllers.v1.CategoriesController.GetById (eCommerce.Api) in 210.055ms
2026-05-11 23:14:40.301 +05:30 [INF] Executed endpoint 'eCommerce.Api.Controllers.v1.CategoriesController.GetById (eCommerce.Api)'
2026-05-11 23:14:40.302 +05:30 [INF] Request finished HTTP/2 GET https://localhost:7274/api/v1/Categories/1 - 200 null application/json; charset=utf-8 352.8979ms
2026-05-11 23:18:44.550 +05:30 [INF] Request starting HTTP/2 GET https://localhost:7274/api/v1/products - null null
2026-05-11 23:18:44.551 +05:30 [INF] Request starting HTTP/2 GET https://localhost:7274/api/v1/Categories - null null
2026-05-11 23:18:44.610 +05:30 [INF] CORS policy execution successful.
2026-05-11 23:18:44.610 +05:30 [INF] CORS policy execution successful.
2026-05-11 23:18:44.615 +05:30 [INF] Executing endpoint 'eCommerce.Api.Controllers.v1.ProductsController.GetAllProducts (eCommerce.Api)'
2026-05-11 23:18:44.615 +05:30 [INF] Executing endpoint 'eCommerce.Api.Controllers.v1.CategoriesController.GetAllAsync (eCommerce.Api)'
2026-05-11 23:18:44.623 +05:30 [INF] Route matched with {action = "GetAll", controller = "Categories"}. Executing controller action with signature System.Threading.Tasks.Task`1[Microsoft.AspNetCore.Mvc.ActionResult`1[System.Collections.Generic.IEnumerable`1[eCommerce.Application.DTOs.Category.CategoryDto]]] GetAllAsync() on controller eCommerce.Api.Controllers.v1.CategoriesController (eCommerce.Api).
2026-05-11 23:18:44.623 +05:30 [INF] Route matched with {action = "GetAllProducts", controller = "Products"}. Executing controller action with signature System.Threading.Tasks.Task`1[Microsoft.AspNetCore.Mvc.ActionResult`1[System.Collections.Generic.IEnumerable`1[eCommerce.Application.DTOs.Product.ProductDto]]] GetAllProducts() on controller eCommerce.Api.Controllers.v1.ProductsController (eCommerce.Api).
2026-05-11 23:18:44.662 +05:30 [INF] Get all categories
2026-05-11 23:18:45.218 +05:30 [INF] Executed DbCommand (209ms) [Parameters=[], CommandType='"Text"', CommandTimeout='30']
SELECT [c].[CategoryId], [c].[CategoryName], [c].[Description]
FROM [Categories] AS [c]
2026-05-11 23:18:45.219 +05:30 [INF] Executed DbCommand (460ms) [Parameters=[], CommandType='"Text"', CommandTimeout='30']
SELECT [p].[ProductId], [p].[CategoryId], [p].[Description], [p].[Discount], [p].[Gender], [p].[MadeIn], [p].[ManufacturingDate], [p].[Picture], [p].[ProductName], [p].[Quantity], [p].[ReturnPolicy], [p].[ShoeType], [p].[UnitPrice], [p].[WarrantyPeriod]
FROM [Products] AS [p]
2026-05-11 23:18:45.238 +05:30 [INF] Executing OkObjectResult, writing value of type 'System.Collections.Generic.List`1[[eCommerce.Application.DTOs.Category.CategoryDto, eCommerce.Application, Version=1.0.0.0, Culture=neutral, PublicKeyToken=null]]'.
2026-05-11 23:18:45.238 +05:30 [INF] Executing OkObjectResult, writing value of type 'System.Collections.Generic.List`1[[eCommerce.Application.DTOs.Product.ProductDto, eCommerce.Application, Version=1.0.0.0, Culture=neutral, PublicKeyToken=null]]'.
2026-05-11 23:18:45.251 +05:30 [INF] Executed action eCommerce.Api.Controllers.v1.CategoriesController.GetAllAsync (eCommerce.Api) in 625.4485ms
2026-05-11 23:18:45.251 +05:30 [INF] Executed endpoint 'eCommerce.Api.Controllers.v1.CategoriesController.GetAllAsync (eCommerce.Api)'
2026-05-11 23:18:45.253 +05:30 [INF] Request finished HTTP/2 GET https://localhost:7274/api/v1/Categories - 200 null application/json; charset=utf-8 707.6649ms
2026-05-11 23:18:45.262 +05:30 [INF] Executed action eCommerce.Api.Controllers.v1.ProductsController.GetAllProducts (eCommerce.Api) in 637.7541ms
2026-05-11 23:18:45.263 +05:30 [INF] Executed endpoint 'eCommerce.Api.Controllers.v1.ProductsController.GetAllProducts (eCommerce.Api)'
2026-05-11 23:18:45.263 +05:30 [INF] Request finished HTTP/2 GET https://localhost:7274/api/v1/products - 200 null application/json; charset=utf-8 717.4997ms
2026-05-11 23:19:07.896 +05:30 [INF] Request starting HTTP/2 GET https://localhost:7274/api/v1/products/1017 - null null
2026-05-11 23:19:07.911 +05:30 [INF] CORS policy execution successful.
2026-05-11 23:19:07.915 +05:30 [INF] Executing endpoint 'eCommerce.Api.Controllers.v1.ProductsController.GetProductDetails (eCommerce.Api)'
2026-05-11 23:19:07.919 +05:30 [INF] Route matched with {action = "GetProductDetails", controller = "Products"}. Executing controller action with signature System.Threading.Tasks.Task`1[Microsoft.AspNetCore.Mvc.ActionResult`1[eCommerce.Application.DTOs.Product.ProductDto]] GetProductDetails(Int32) on controller eCommerce.Api.Controllers.v1.ProductsController (eCommerce.Api).
2026-05-11 23:19:08.065 +05:30 [INF] Executed DbCommand (76ms) [Parameters=[@__p_0='?' (DbType = Int32)], CommandType='"Text"', CommandTimeout='30']
SELECT TOP(1) [p].[ProductId], [p].[CategoryId], [p].[Description], [p].[Discount], [p].[Gender], [p].[MadeIn], [p].[ManufacturingDate], [p].[Picture], [p].[ProductName], [p].[Quantity], [p].[ReturnPolicy], [p].[ShoeType], [p].[UnitPrice], [p].[WarrantyPeriod]
FROM [Products] AS [p]
WHERE [p].[ProductId] = @__p_0
2026-05-11 23:19:08.072 +05:30 [INF] Executing OkObjectResult, writing value of type 'eCommerce.Application.DTOs.Product.ProductDto'.
2026-05-11 23:19:08.074 +05:30 [INF] Executed action eCommerce.Api.Controllers.v1.ProductsController.GetProductDetails (eCommerce.Api) in 153.8836ms
2026-05-11 23:19:08.074 +05:30 [INF] Executed endpoint 'eCommerce.Api.Controllers.v1.ProductsController.GetProductDetails (eCommerce.Api)'
2026-05-11 23:19:08.075 +05:30 [INF] Request finished HTTP/2 GET https://localhost:7274/api/v1/products/1017 - 200 null application/json; charset=utf-8 180.7318ms
2026-05-11 23:19:16.531 +05:30 [INF] Request starting HTTP/2 GET https://localhost:7274/api/v1/products/1016 - null null
2026-05-11 23:19:16.532 +05:30 [INF] CORS policy execution successful.
2026-05-11 23:19:16.532 +05:30 [INF] Executing endpoint 'eCommerce.Api.Controllers.v1.ProductsController.GetProductDetails (eCommerce.Api)'
2026-05-11 23:19:16.533 +05:30 [INF] Route matched with {action = "GetProductDetails", controller = "Products"}. Executing controller action with signature System.Threading.Tasks.Task`1[Microsoft.AspNetCore.Mvc.ActionResult`1[eCommerce.Application.DTOs.Product.ProductDto]] GetProductDetails(Int32) on controller eCommerce.Api.Controllers.v1.ProductsController (eCommerce.Api).
2026-05-11 23:19:16.545 +05:30 [INF] Executed DbCommand (5ms) [Parameters=[@__p_0='?' (DbType = Int32)], CommandType='"Text"', CommandTimeout='30']
SELECT TOP(1) [p].[ProductId], [p].[CategoryId], [p].[Description], [p].[Discount], [p].[Gender], [p].[MadeIn], [p].[ManufacturingDate], [p].[Picture], [p].[ProductName], [p].[Quantity], [p].[ReturnPolicy], [p].[ShoeType], [p].[UnitPrice], [p].[WarrantyPeriod]
FROM [Products] AS [p]
WHERE [p].[ProductId] = @__p_0
2026-05-11 23:19:16.546 +05:30 [INF] Executing OkObjectResult, writing value of type 'eCommerce.Application.DTOs.Product.ProductDto'.
2026-05-11 23:19:16.546 +05:30 [INF] Executed action eCommerce.Api.Controllers.v1.ProductsController.GetProductDetails (eCommerce.Api) in 13.7765ms
2026-05-11 23:19:16.546 +05:30 [INF] Executed endpoint 'eCommerce.Api.Controllers.v1.ProductsController.GetProductDetails (eCommerce.Api)'
2026-05-11 23:19:16.547 +05:30 [INF] Request finished HTTP/2 GET https://localhost:7274/api/v1/products/1016 - 200 null application/json; charset=utf-8 16.5749ms
2026-05-11 23:19:35.125 +05:30 [INF] Request starting HTTP/2 GET https://localhost:7274/api/v1/products - null null
2026-05-11 23:19:35.129 +05:30 [INF] Request starting HTTP/2 GET https://localhost:7274/api/v1/products/1016 - null null
2026-05-11 23:19:35.130 +05:30 [INF] CORS policy execution successful.
2026-05-11 23:19:35.130 +05:30 [INF] CORS policy execution successful.
2026-05-11 23:19:35.130 +05:30 [INF] Executing endpoint 'eCommerce.Api.Controllers.v1.ProductsController.GetAllProducts (eCommerce.Api)'
2026-05-11 23:19:35.130 +05:30 [INF] Executing endpoint 'eCommerce.Api.Controllers.v1.ProductsController.GetProductDetails (eCommerce.Api)'
2026-05-11 23:19:35.131 +05:30 [INF] Route matched with {action = "GetProductDetails", controller = "Products"}. Executing controller action with signature System.Threading.Tasks.Task`1[Microsoft.AspNetCore.Mvc.ActionResult`1[eCommerce.Application.DTOs.Product.ProductDto]] GetProductDetails(Int32) on controller eCommerce.Api.Controllers.v1.ProductsController (eCommerce.Api).
2026-05-11 23:19:35.131 +05:30 [INF] Route matched with {action = "GetAllProducts", controller = "Products"}. Executing controller action with signature System.Threading.Tasks.Task`1[Microsoft.AspNetCore.Mvc.ActionResult`1[System.Collections.Generic.IEnumerable`1[eCommerce.Application.DTOs.Product.ProductDto]]] GetAllProducts() on controller eCommerce.Api.Controllers.v1.ProductsController (eCommerce.Api).
2026-05-11 23:19:35.148 +05:30 [INF] Executed DbCommand (13ms) [Parameters=[@__p_0='?' (DbType = Int32)], CommandType='"Text"', CommandTimeout='30']
SELECT TOP(1) [p].[ProductId], [p].[CategoryId], [p].[Description], [p].[Discount], [p].[Gender], [p].[MadeIn], [p].[ManufacturingDate], [p].[Picture], [p].[ProductName], [p].[Quantity], [p].[ReturnPolicy], [p].[ShoeType], [p].[UnitPrice], [p].[WarrantyPeriod]
FROM [Products] AS [p]
WHERE [p].[ProductId] = @__p_0
2026-05-11 23:19:35.150 +05:30 [INF] Executing OkObjectResult, writing value of type 'eCommerce.Application.DTOs.Product.ProductDto'.
2026-05-11 23:19:35.151 +05:30 [INF] Executed action eCommerce.Api.Controllers.v1.ProductsController.GetProductDetails (eCommerce.Api) in 19.9624ms
2026-05-11 23:19:35.151 +05:30 [INF] Executed endpoint 'eCommerce.Api.Controllers.v1.ProductsController.GetProductDetails (eCommerce.Api)'
2026-05-11 23:19:35.151 +05:30 [INF] Request finished HTTP/2 GET https://localhost:7274/api/v1/products/1016 - 200 null application/json; charset=utf-8 22.8624ms
2026-05-11 23:19:35.155 +05:30 [INF] Executed DbCommand (20ms) [Parameters=[], CommandType='"Text"', CommandTimeout='30']
SELECT [p].[ProductId], [p].[CategoryId], [p].[Description], [p].[Discount], [p].[Gender], [p].[MadeIn], [p].[ManufacturingDate], [p].[Picture], [p].[ProductName], [p].[Quantity], [p].[ReturnPolicy], [p].[ShoeType], [p].[UnitPrice], [p].[WarrantyPeriod]
FROM [Products] AS [p]
2026-05-11 23:19:35.157 +05:30 [INF] Executing OkObjectResult, writing value of type 'System.Collections.Generic.List`1[[eCommerce.Application.DTOs.Product.ProductDto, eCommerce.Application, Version=1.0.0.0, Culture=neutral, PublicKeyToken=null]]'.
2026-05-11 23:19:35.165 +05:30 [INF] Executed action eCommerce.Api.Controllers.v1.ProductsController.GetAllProducts (eCommerce.Api) in 34.3882ms
2026-05-11 23:19:35.165 +05:30 [INF] Executed endpoint 'eCommerce.Api.Controllers.v1.ProductsController.GetAllProducts (eCommerce.Api)'
2026-05-11 23:19:35.166 +05:30 [INF] Request finished HTTP/2 GET https://localhost:7274/api/v1/products - 200 null application/json; charset=utf-8 41.0042ms
2026-05-11 23:19:35.894 +05:30 [INF] Request starting HTTP/2 GET https://localhost:7274/api/v1/products - null null
2026-05-11 23:19:35.896 +05:30 [INF] CORS policy execution successful.
2026-05-11 23:19:35.896 +05:30 [INF] Executing endpoint 'eCommerce.Api.Controllers.v1.ProductsController.GetAllProducts (eCommerce.Api)'
2026-05-11 23:19:35.898 +05:30 [INF] Route matched with {action = "GetAllProducts", controller = "Products"}. Executing controller action with signature System.Threading.Tasks.Task`1[Microsoft.AspNetCore.Mvc.ActionResult`1[System.Collections.Generic.IEnumerable`1[eCommerce.Application.DTOs.Product.ProductDto]]] GetAllProducts() on controller eCommerce.Api.Controllers.v1.ProductsController (eCommerce.Api).
2026-05-11 23:19:35.899 +05:30 [INF] Request starting HTTP/2 GET https://localhost:7274/api/v1/products/1016 - null null
2026-05-11 23:19:35.904 +05:30 [INF] CORS policy execution successful.
2026-05-11 23:19:35.904 +05:30 [INF] Executing endpoint 'eCommerce.Api.Controllers.v1.ProductsController.GetProductDetails (eCommerce.Api)'
2026-05-11 23:19:35.905 +05:30 [INF] Route matched with {action = "GetProductDetails", controller = "Products"}. Executing controller action with signature System.Threading.Tasks.Task`1[Microsoft.AspNetCore.Mvc.ActionResult`1[eCommerce.Application.DTOs.Product.ProductDto]] GetProductDetails(Int32) on controller eCommerce.Api.Controllers.v1.ProductsController (eCommerce.Api).
2026-05-11 23:19:35.913 +05:30 [INF] Executed DbCommand (8ms) [Parameters=[], CommandType='"Text"', CommandTimeout='30']
SELECT [p].[ProductId], [p].[CategoryId], [p].[Description], [p].[Discount], [p].[Gender], [p].[MadeIn], [p].[ManufacturingDate], [p].[Picture], [p].[ProductName], [p].[Quantity], [p].[ReturnPolicy], [p].[ShoeType], [p].[UnitPrice], [p].[WarrantyPeriod]
FROM [Products] AS [p]
2026-05-11 23:19:35.915 +05:30 [INF] Executing OkObjectResult, writing value of type 'System.Collections.Generic.List`1[[eCommerce.Application.DTOs.Product.ProductDto, eCommerce.Application, Version=1.0.0.0, Culture=neutral, PublicKeyToken=null]]'.
2026-05-11 23:19:35.922 +05:30 [INF] Executed action eCommerce.Api.Controllers.v1.ProductsController.GetAllProducts (eCommerce.Api) in 23.9383ms
2026-05-11 23:19:35.923 +05:30 [INF] Executed endpoint 'eCommerce.Api.Controllers.v1.ProductsController.GetAllProducts (eCommerce.Api)'
2026-05-11 23:19:35.932 +05:30 [INF] Request finished HTTP/2 GET https://localhost:7274/api/v1/products - 200 null application/json; charset=utf-8 38.4143ms
2026-05-11 23:19:35.946 +05:30 [INF] Executed DbCommand (21ms) [Parameters=[@__p_0='?' (DbType = Int32)], CommandType='"Text"', CommandTimeout='30']
SELECT TOP(1) [p].[ProductId], [p].[CategoryId], [p].[Description], [p].[Discount], [p].[Gender], [p].[MadeIn], [p].[ManufacturingDate], [p].[Picture], [p].[ProductName], [p].[Quantity], [p].[ReturnPolicy], [p].[ShoeType], [p].[UnitPrice], [p].[WarrantyPeriod]
FROM [Products] AS [p]
WHERE [p].[ProductId] = @__p_0
2026-05-11 23:19:35.950 +05:30 [INF] Executing OkObjectResult, writing value of type 'eCommerce.Application.DTOs.Product.ProductDto'.
2026-05-11 23:19:35.953 +05:30 [INF] Executed action eCommerce.Api.Controllers.v1.ProductsController.GetProductDetails (eCommerce.Api) in 48.289ms
2026-05-11 23:19:35.954 +05:30 [INF] Executed endpoint 'eCommerce.Api.Controllers.v1.ProductsController.GetProductDetails (eCommerce.Api)'
2026-05-11 23:19:35.957 +05:30 [INF] Request finished HTTP/2 GET https://localhost:7274/api/v1/products/1016 - 200 null application/json; charset=utf-8 58.8035ms
2026-05-11 23:19:43.143 +05:30 [INF] Request starting HTTP/2 GET https://localhost:7274/api/v1/Categories - null null
2026-05-11 23:19:43.143 +05:30 [INF] Request starting HTTP/2 GET https://localhost:7274/api/v1/products - null null
2026-05-11 23:19:43.145 +05:30 [INF] CORS policy execution successful.
2026-05-11 23:19:43.145 +05:30 [INF] CORS policy execution successful.
2026-05-11 23:19:43.146 +05:30 [INF] Executing endpoint 'eCommerce.Api.Controllers.v1.ProductsController.GetAllProducts (eCommerce.Api)'
2026-05-11 23:19:43.147 +05:30 [INF] Executing endpoint 'eCommerce.Api.Controllers.v1.CategoriesController.GetAllAsync (eCommerce.Api)'
2026-05-11 23:19:43.147 +05:30 [INF] Route matched with {action = "GetAllProducts", controller = "Products"}. Executing controller action with signature System.Threading.Tasks.Task`1[Microsoft.AspNetCore.Mvc.ActionResult`1[System.Collections.Generic.IEnumerable`1[eCommerce.Application.DTOs.Product.ProductDto]]] GetAllProducts() on controller eCommerce.Api.Controllers.v1.ProductsController (eCommerce.Api).
2026-05-11 23:19:43.147 +05:30 [INF] Route matched with {action = "GetAll", controller = "Categories"}. Executing controller action with signature System.Threading.Tasks.Task`1[Microsoft.AspNetCore.Mvc.ActionResult`1[System.Collections.Generic.IEnumerable`1[eCommerce.Application.DTOs.Category.CategoryDto]]] GetAllAsync() on controller eCommerce.Api.Controllers.v1.CategoriesController (eCommerce.Api).
2026-05-11 23:19:43.150 +05:30 [INF] Get all categories
2026-05-11 23:19:43.157 +05:30 [INF] Executing OkObjectResult, writing value of type 'System.Collections.Generic.List`1[[eCommerce.Application.DTOs.Category.CategoryDto, eCommerce.Application, Version=1.0.0.0, Culture=neutral, PublicKeyToken=null]]'.
2026-05-11 23:19:43.157 +05:30 [INF] Executed DbCommand (6ms) [Parameters=[], CommandType='"Text"', CommandTimeout='30']
SELECT [p].[ProductId], [p].[CategoryId], [p].[Description], [p].[Discount], [p].[Gender], [p].[MadeIn], [p].[ManufacturingDate], [p].[Picture], [p].[ProductName], [p].[Quantity], [p].[ReturnPolicy], [p].[ShoeType], [p].[UnitPrice], [p].[WarrantyPeriod]
FROM [Products] AS [p]
2026-05-11 23:19:43.159 +05:30 [INF] Executing OkObjectResult, writing value of type 'System.Collections.Generic.List`1[[eCommerce.Application.DTOs.Product.ProductDto, eCommerce.Application, Version=1.0.0.0, Culture=neutral, PublicKeyToken=null]]'.
2026-05-11 23:19:43.160 +05:30 [INF] Executed action eCommerce.Api.Controllers.v1.CategoriesController.GetAllAsync (eCommerce.Api) in 12.2011ms
2026-05-11 23:19:43.162 +05:30 [INF] Executed endpoint 'eCommerce.Api.Controllers.v1.CategoriesController.GetAllAsync (eCommerce.Api)'
2026-05-11 23:19:43.162 +05:30 [INF] Request finished HTTP/2 GET https://localhost:7274/api/v1/Categories - 200 null application/json; charset=utf-8 20.7853ms
2026-05-11 23:19:43.162 +05:30 [INF] Executed action eCommerce.Api.Controllers.v1.ProductsController.GetAllProducts (eCommerce.Api) in 15.1172ms
2026-05-11 23:19:43.162 +05:30 [INF] Executed endpoint 'eCommerce.Api.Controllers.v1.ProductsController.GetAllProducts (eCommerce.Api)'
2026-05-11 23:19:43.162 +05:30 [INF] Request finished HTTP/2 GET https://localhost:7274/api/v1/products - 200 null application/json; charset=utf-8 20.0306ms
2026-05-11 23:19:46.112 +05:30 [INF] Request starting HTTP/2 GET https://localhost:7274/api/v1/products - null null
2026-05-11 23:19:46.113 +05:30 [INF] CORS policy execution successful.
2026-05-11 23:19:46.114 +05:30 [INF] Executing endpoint 'eCommerce.Api.Controllers.v1.ProductsController.GetAllProducts (eCommerce.Api)'
2026-05-11 23:19:46.114 +05:30 [INF] Route matched with {action = "GetAllProducts", controller = "Products"}. Executing controller action with signature System.Threading.Tasks.Task`1[Microsoft.AspNetCore.Mvc.ActionResult`1[System.Collections.Generic.IEnumerable`1[eCommerce.Application.DTOs.Product.ProductDto]]] GetAllProducts() on controller eCommerce.Api.Controllers.v1.ProductsController (eCommerce.Api).
2026-05-11 23:19:46.126 +05:30 [INF] Executed DbCommand (6ms) [Parameters=[], CommandType='"Text"', CommandTimeout='30']
SELECT [p].[ProductId], [p].[CategoryId], [p].[Description], [p].[Discount], [p].[Gender], [p].[MadeIn], [p].[ManufacturingDate], [p].[Picture], [p].[ProductName], [p].[Quantity], [p].[ReturnPolicy], [p].[ShoeType], [p].[UnitPrice], [p].[WarrantyPeriod]
FROM [Products] AS [p]
2026-05-11 23:19:46.132 +05:30 [INF] Executing OkObjectResult, writing value of type 'System.Collections.Generic.List`1[[eCommerce.Application.DTOs.Product.ProductDto, eCommerce.Application, Version=1.0.0.0, Culture=neutral, PublicKeyToken=null]]'.
2026-05-11 23:19:46.136 +05:30 [INF] Executed action eCommerce.Api.Controllers.v1.ProductsController.GetAllProducts (eCommerce.Api) in 22.1019ms
2026-05-11 23:19:46.136 +05:30 [INF] Executed endpoint 'eCommerce.Api.Controllers.v1.ProductsController.GetAllProducts (eCommerce.Api)'
2026-05-11 23:19:46.136 +05:30 [INF] Request finished HTTP/2 GET https://localhost:7274/api/v1/products - 200 null application/json; charset=utf-8 25.6649ms
2026-05-11 23:19:48.800 +05:30 [INF] Request starting HTTP/2 GET https://localhost:7274/api/v1/products - null null
2026-05-11 23:19:48.801 +05:30 [INF] CORS policy execution successful.
2026-05-11 23:19:48.801 +05:30 [INF] Executing endpoint 'eCommerce.Api.Controllers.v1.ProductsController.GetAllProducts (eCommerce.Api)'
2026-05-11 23:19:48.801 +05:30 [INF] Route matched with {action = "GetAllProducts", controller = "Products"}. Executing controller action with signature System.Threading.Tasks.Task`1[Microsoft.AspNetCore.Mvc.ActionResult`1[System.Collections.Generic.IEnumerable`1[eCommerce.Application.DTOs.Product.ProductDto]]] GetAllProducts() on controller eCommerce.Api.Controllers.v1.ProductsController (eCommerce.Api).
2026-05-11 23:19:48.809 +05:30 [INF] Executed DbCommand (5ms) [Parameters=[], CommandType='"Text"', CommandTimeout='30']
SELECT [p].[ProductId], [p].[CategoryId], [p].[Description], [p].[Discount], [p].[Gender], [p].[MadeIn], [p].[ManufacturingDate], [p].[Picture], [p].[ProductName], [p].[Quantity], [p].[ReturnPolicy], [p].[ShoeType], [p].[UnitPrice], [p].[WarrantyPeriod]
FROM [Products] AS [p]
2026-05-11 23:19:48.812 +05:30 [INF] Executing OkObjectResult, writing value of type 'System.Collections.Generic.List`1[[eCommerce.Application.DTOs.Product.ProductDto, eCommerce.Application, Version=1.0.0.0, Culture=neutral, PublicKeyToken=null]]'.
2026-05-11 23:19:48.816 +05:30 [INF] Executed action eCommerce.Api.Controllers.v1.ProductsController.GetAllProducts (eCommerce.Api) in 14.0942ms
2026-05-11 23:19:48.816 +05:30 [INF] Executed endpoint 'eCommerce.Api.Controllers.v1.ProductsController.GetAllProducts (eCommerce.Api)'
2026-05-11 23:19:48.817 +05:30 [INF] Request finished HTTP/2 GET https://localhost:7274/api/v1/products - 200 null application/json; charset=utf-8 17.3974ms
2026-05-11 23:19:53.924 +05:30 [INF] Request starting HTTP/2 GET https://localhost:7274/api/v1/products - null null
2026-05-11 23:19:53.925 +05:30 [INF] CORS policy execution successful.
2026-05-11 23:19:53.925 +05:30 [INF] Executing endpoint 'eCommerce.Api.Controllers.v1.ProductsController.GetAllProducts (eCommerce.Api)'
2026-05-11 23:19:53.926 +05:30 [INF] Route matched with {action = "GetAllProducts", controller = "Products"}. Executing controller action with signature System.Threading.Tasks.Task`1[Microsoft.AspNetCore.Mvc.ActionResult`1[System.Collections.Generic.IEnumerable`1[eCommerce.Application.DTOs.Product.ProductDto]]] GetAllProducts() on controller eCommerce.Api.Controllers.v1.ProductsController (eCommerce.Api).
2026-05-11 23:19:53.933 +05:30 [INF] Executed DbCommand (5ms) [Parameters=[], CommandType='"Text"', CommandTimeout='30']
SELECT [p].[ProductId], [p].[CategoryId], [p].[Description], [p].[Discount], [p].[Gender], [p].[MadeIn], [p].[ManufacturingDate], [p].[Picture], [p].[ProductName], [p].[Quantity], [p].[ReturnPolicy], [p].[ShoeType], [p].[UnitPrice], [p].[WarrantyPeriod]
FROM [Products] AS [p]
2026-05-11 23:19:53.937 +05:30 [INF] Executing OkObjectResult, writing value of type 'System.Collections.Generic.List`1[[eCommerce.Application.DTOs.Product.ProductDto, eCommerce.Application, Version=1.0.0.0, Culture=neutral, PublicKeyToken=null]]'.
2026-05-11 23:19:53.940 +05:30 [INF] Executed action eCommerce.Api.Controllers.v1.ProductsController.GetAllProducts (eCommerce.Api) in 14.706ms
2026-05-11 23:19:53.941 +05:30 [INF] Executed endpoint 'eCommerce.Api.Controllers.v1.ProductsController.GetAllProducts (eCommerce.Api)'
2026-05-11 23:19:53.941 +05:30 [INF] Request finished HTTP/2 GET https://localhost:7274/api/v1/products - 200 null application/json; charset=utf-8 16.8294ms
2026-05-11 23:19:58.634 +05:30 [INF] Request starting HTTP/2 GET https://localhost:7274/api/v1/products - null null
2026-05-11 23:19:58.635 +05:30 [INF] CORS policy execution successful.
2026-05-11 23:19:58.635 +05:30 [INF] Executing endpoint 'eCommerce.Api.Controllers.v1.ProductsController.GetAllProducts (eCommerce.Api)'
2026-05-11 23:19:58.635 +05:30 [INF] Route matched with {action = "GetAllProducts", controller = "Products"}. Executing controller action with signature System.Threading.Tasks.Task`1[Microsoft.AspNetCore.Mvc.ActionResult`1[System.Collections.Generic.IEnumerable`1[eCommerce.Application.DTOs.Product.ProductDto]]] GetAllProducts() on controller eCommerce.Api.Controllers.v1.ProductsController (eCommerce.Api).
2026-05-11 23:19:58.650 +05:30 [INF] Executed DbCommand (10ms) [Parameters=[], CommandType='"Text"', CommandTimeout='30']
SELECT [p].[ProductId], [p].[CategoryId], [p].[Description], [p].[Discount], [p].[Gender], [p].[MadeIn], [p].[ManufacturingDate], [p].[Picture], [p].[ProductName], [p].[Quantity], [p].[ReturnPolicy], [p].[ShoeType], [p].[UnitPrice], [p].[WarrantyPeriod]
FROM [Products] AS [p]
2026-05-11 23:19:58.655 +05:30 [INF] Executing OkObjectResult, writing value of type 'System.Collections.Generic.List`1[[eCommerce.Application.DTOs.Product.ProductDto, eCommerce.Application, Version=1.0.0.0, Culture=neutral, PublicKeyToken=null]]'.
2026-05-11 23:19:58.662 +05:30 [INF] Executed action eCommerce.Api.Controllers.v1.ProductsController.GetAllProducts (eCommerce.Api) in 26.8033ms
2026-05-11 23:19:58.662 +05:30 [INF] Executed endpoint 'eCommerce.Api.Controllers.v1.ProductsController.GetAllProducts (eCommerce.Api)'
2026-05-11 23:19:58.663 +05:30 [INF] Request finished HTTP/2 GET https://localhost:7274/api/v1/products - 200 null application/json; charset=utf-8 30.9356ms
2026-05-11 23:20:22.032 +05:30 [INF] Request starting HTTP/2 GET https://localhost:7274/api/v1/products/1017 - null null
2026-05-11 23:20:22.034 +05:30 [INF] CORS policy execution successful.
2026-05-11 23:20:22.035 +05:30 [INF] Executing endpoint 'eCommerce.Api.Controllers.v1.ProductsController.GetProductDetails (eCommerce.Api)'
2026-05-11 23:20:22.035 +05:30 [INF] Route matched with {action = "GetProductDetails", controller = "Products"}. Executing controller action with signature System.Threading.Tasks.Task`1[Microsoft.AspNetCore.Mvc.ActionResult`1[eCommerce.Application.DTOs.Product.ProductDto]] GetProductDetails(Int32) on controller eCommerce.Api.Controllers.v1.ProductsController (eCommerce.Api).
2026-05-11 23:20:22.100 +05:30 [INF] Executed DbCommand (15ms) [Parameters=[@__p_0='?' (DbType = Int32)], CommandType='"Text"', CommandTimeout='30']
SELECT TOP(1) [p].[ProductId], [p].[CategoryId], [p].[Description], [p].[Discount], [p].[Gender], [p].[MadeIn], [p].[ManufacturingDate], [p].[Picture], [p].[ProductName], [p].[Quantity], [p].[ReturnPolicy], [p].[ShoeType], [p].[UnitPrice], [p].[WarrantyPeriod]
FROM [Products] AS [p]
WHERE [p].[ProductId] = @__p_0
2026-05-11 23:20:22.102 +05:30 [INF] Executing OkObjectResult, writing value of type 'eCommerce.Application.DTOs.Product.ProductDto'.
2026-05-11 23:20:22.102 +05:30 [INF] Executed action eCommerce.Api.Controllers.v1.ProductsController.GetProductDetails (eCommerce.Api) in 61.6193ms
2026-05-11 23:20:22.102 +05:30 [INF] Executed endpoint 'eCommerce.Api.Controllers.v1.ProductsController.GetProductDetails (eCommerce.Api)'
2026-05-11 23:20:22.103 +05:30 [INF] Request finished HTTP/2 GET https://localhost:7274/api/v1/products/1017 - 200 null application/json; charset=utf-8 70.9473ms
2026-05-11 23:21:25.008 +05:30 [INF] Request starting HTTP/2 GET https://localhost:7274/api/v1/products - null null
2026-05-11 23:21:25.008 +05:30 [INF] Request starting HTTP/2 GET https://localhost:7274/api/v1/Categories - null null
2026-05-11 23:21:25.061 +05:30 [INF] CORS policy execution successful.
2026-05-11 23:21:25.061 +05:30 [INF] CORS policy execution successful.
2026-05-11 23:21:25.064 +05:30 [INF] Executing endpoint 'eCommerce.Api.Controllers.v1.ProductsController.GetAllProducts (eCommerce.Api)'
2026-05-11 23:21:25.064 +05:30 [INF] Executing endpoint 'eCommerce.Api.Controllers.v1.CategoriesController.GetAllAsync (eCommerce.Api)'
2026-05-11 23:21:25.071 +05:30 [INF] Route matched with {action = "GetAllProducts", controller = "Products"}. Executing controller action with signature System.Threading.Tasks.Task`1[Microsoft.AspNetCore.Mvc.ActionResult`1[System.Collections.Generic.IEnumerable`1[eCommerce.Application.DTOs.Product.ProductDto]]] GetAllProducts() on controller eCommerce.Api.Controllers.v1.ProductsController (eCommerce.Api).
2026-05-11 23:21:25.071 +05:30 [INF] Route matched with {action = "GetAll", controller = "Categories"}. Executing controller action with signature System.Threading.Tasks.Task`1[Microsoft.AspNetCore.Mvc.ActionResult`1[System.Collections.Generic.IEnumerable`1[eCommerce.Application.DTOs.Category.CategoryDto]]] GetAllAsync() on controller eCommerce.Api.Controllers.v1.CategoriesController (eCommerce.Api).
2026-05-11 23:21:25.098 +05:30 [INF] Get all categories
2026-05-11 23:21:25.213 +05:30 [INF] Executed DbCommand (64ms) [Parameters=[], CommandType='"Text"', CommandTimeout='30']
SELECT [p].[ProductId], [p].[CategoryId], [p].[Description], [p].[Discount], [p].[Gender], [p].[MadeIn], [p].[ManufacturingDate], [p].[Picture], [p].[ProductName], [p].[Quantity], [p].[ReturnPolicy], [p].[ShoeType], [p].[UnitPrice], [p].[WarrantyPeriod]
FROM [Products] AS [p]
2026-05-11 23:21:25.213 +05:30 [INF] Executed DbCommand (64ms) [Parameters=[], CommandType='"Text"', CommandTimeout='30']
SELECT [c].[CategoryId], [c].[CategoryName], [c].[Description]
FROM [Categories] AS [c]
2026-05-11 23:21:25.225 +05:30 [INF] Executing OkObjectResult, writing value of type 'System.Collections.Generic.List`1[[eCommerce.Application.DTOs.Product.ProductDto, eCommerce.Application, Version=1.0.0.0, Culture=neutral, PublicKeyToken=null]]'.
2026-05-11 23:21:25.229 +05:30 [INF] Executing OkObjectResult, writing value of type 'System.Collections.Generic.List`1[[eCommerce.Application.DTOs.Category.CategoryDto, eCommerce.Application, Version=1.0.0.0, Culture=neutral, PublicKeyToken=null]]'.
2026-05-11 23:21:25.230 +05:30 [INF] Executed action eCommerce.Api.Controllers.v1.CategoriesController.GetAllAsync (eCommerce.Api) in 158.8988ms
2026-05-11 23:21:25.230 +05:30 [INF] Executed endpoint 'eCommerce.Api.Controllers.v1.CategoriesController.GetAllAsync (eCommerce.Api)'
2026-05-11 23:21:25.231 +05:30 [INF] Request finished HTTP/2 GET https://localhost:7274/api/v1/Categories - 200 null application/json; charset=utf-8 290.4647ms
2026-05-11 23:21:25.260 +05:30 [INF] Executed action eCommerce.Api.Controllers.v1.ProductsController.GetAllProducts (eCommerce.Api) in 188.9173ms
2026-05-11 23:21:25.261 +05:30 [INF] Executed endpoint 'eCommerce.Api.Controllers.v1.ProductsController.GetAllProducts (eCommerce.Api)'
2026-05-11 23:21:25.261 +05:30 [INF] Request finished HTTP/2 GET https://localhost:7274/api/v1/products - 200 null application/json; charset=utf-8 312.9834ms
2026-05-11 23:22:14.605 +05:30 [INF] Request starting HTTP/2 GET https://localhost:7274/api/v1/products/1017 - null null
2026-05-11 23:22:14.642 +05:30 [INF] CORS policy execution successful.
2026-05-11 23:22:14.673 +05:30 [INF] Executing endpoint 'eCommerce.Api.Controllers.v1.ProductsController.GetProductDetails (eCommerce.Api)'
2026-05-11 23:22:14.675 +05:30 [INF] Route matched with {action = "GetProductDetails", controller = "Products"}. Executing controller action with signature System.Threading.Tasks.Task`1[Microsoft.AspNetCore.Mvc.ActionResult`1[eCommerce.Application.DTOs.Product.ProductDto]] GetProductDetails(Int32) on controller eCommerce.Api.Controllers.v1.ProductsController (eCommerce.Api).
2026-05-11 23:22:14.818 +05:30 [INF] Executed DbCommand (59ms) [Parameters=[@__p_0='?' (DbType = Int32)], CommandType='"Text"', CommandTimeout='30']
SELECT TOP(1) [p].[ProductId], [p].[CategoryId], [p].[Description], [p].[Discount], [p].[Gender], [p].[MadeIn], [p].[ManufacturingDate], [p].[Picture], [p].[ProductName], [p].[Quantity], [p].[ReturnPolicy], [p].[ShoeType], [p].[UnitPrice], [p].[WarrantyPeriod]
FROM [Products] AS [p]
WHERE [p].[ProductId] = @__p_0
2026-05-11 23:22:14.820 +05:30 [INF] Executing OkObjectResult, writing value of type 'eCommerce.Application.DTOs.Product.ProductDto'.
2026-05-11 23:22:14.821 +05:30 [INF] Executed action eCommerce.Api.Controllers.v1.ProductsController.GetProductDetails (eCommerce.Api) in 144.9905ms
2026-05-11 23:22:14.821 +05:30 [INF] Executed endpoint 'eCommerce.Api.Controllers.v1.ProductsController.GetProductDetails (eCommerce.Api)'
2026-05-11 23:22:14.822 +05:30 [INF] Request finished HTTP/2 GET https://localhost:7274/api/v1/products/1017 - 200 null application/json; charset=utf-8 219.5767ms
2026-05-11 23:33:39.725 +05:30 [INF] Request starting HTTP/2 GET https://localhost:7274/api/v1/Categories - null null
2026-05-11 23:33:39.726 +05:30 [INF] Request starting HTTP/2 GET https://localhost:7274/api/v1/products - null null
2026-05-11 23:33:39.785 +05:30 [INF] CORS policy execution successful.
2026-05-11 23:33:39.785 +05:30 [INF] CORS policy execution successful.
2026-05-11 23:33:39.791 +05:30 [INF] Executing endpoint 'eCommerce.Api.Controllers.v1.CategoriesController.GetAllAsync (eCommerce.Api)'
2026-05-11 23:33:39.792 +05:30 [INF] Executing endpoint 'eCommerce.Api.Controllers.v1.ProductsController.GetAllProducts (eCommerce.Api)'
2026-05-11 23:33:39.802 +05:30 [INF] Route matched with {action = "GetAll", controller = "Categories"}. Executing controller action with signature System.Threading.Tasks.Task`1[Microsoft.AspNetCore.Mvc.ActionResult`1[System.Collections.Generic.IEnumerable`1[eCommerce.Application.DTOs.Category.CategoryDto]]] GetAllAsync() on controller eCommerce.Api.Controllers.v1.CategoriesController (eCommerce.Api).
2026-05-11 23:33:39.802 +05:30 [INF] Route matched with {action = "GetAllProducts", controller = "Products"}. Executing controller action with signature System.Threading.Tasks.Task`1[Microsoft.AspNetCore.Mvc.ActionResult`1[System.Collections.Generic.IEnumerable`1[eCommerce.Application.DTOs.Product.ProductDto]]] GetAllProducts() on controller eCommerce.Api.Controllers.v1.ProductsController (eCommerce.Api).
2026-05-11 23:33:39.827 +05:30 [INF] Get all categories
2026-05-11 23:33:41.700 +05:30 [INF] Executed DbCommand (21ms) [Parameters=[], CommandType='"Text"', CommandTimeout='30']
SELECT [p].[ProductId], [p].[CategoryId], [p].[Description], [p].[Discount], [p].[Gender], [p].[MadeIn], [p].[ManufacturingDate], [p].[Picture], [p].[ProductName], [p].[Quantity], [p].[ReturnPolicy], [p].[ShoeType], [p].[UnitPrice], [p].[WarrantyPeriod]
FROM [Products] AS [p]
2026-05-11 23:33:41.713 +05:30 [INF] Executed DbCommand (59ms) [Parameters=[], CommandType='"Text"', CommandTimeout='30']
SELECT [c].[CategoryId], [c].[CategoryName], [c].[Description]
FROM [Categories] AS [c]
2026-05-11 23:33:41.751 +05:30 [INF] Executing OkObjectResult, writing value of type 'System.Collections.Generic.List`1[[eCommerce.Application.DTOs.Product.ProductDto, eCommerce.Application, Version=1.0.0.0, Culture=neutral, PublicKeyToken=null]]'.
2026-05-11 23:33:41.751 +05:30 [INF] Executing OkObjectResult, writing value of type 'System.Collections.Generic.List`1[[eCommerce.Application.DTOs.Category.CategoryDto, eCommerce.Application, Version=1.0.0.0, Culture=neutral, PublicKeyToken=null]]'.
2026-05-11 23:33:41.770 +05:30 [INF] Executed action eCommerce.Api.Controllers.v1.CategoriesController.GetAllAsync (eCommerce.Api) in 1966.7619ms
2026-05-11 23:33:41.771 +05:30 [INF] Executed endpoint 'eCommerce.Api.Controllers.v1.CategoriesController.GetAllAsync (eCommerce.Api)'
2026-05-11 23:33:41.773 +05:30 [INF] Request finished HTTP/2 GET https://localhost:7274/api/v1/Categories - 200 null application/json; charset=utf-8 2058.7991ms
2026-05-11 23:33:41.797 +05:30 [INF] Executed action eCommerce.Api.Controllers.v1.ProductsController.GetAllProducts (eCommerce.Api) in 1994.5047ms
2026-05-11 23:33:41.798 +05:30 [INF] Executed endpoint 'eCommerce.Api.Controllers.v1.ProductsController.GetAllProducts (eCommerce.Api)'
2026-05-11 23:33:41.798 +05:30 [INF] Request finished HTTP/2 GET https://localhost:7274/api/v1/products - 200 null application/json; charset=utf-8 2083.5342ms
2026-05-11 23:59:12.902 +05:30 [INF] Request starting HTTP/2 GET https://localhost:7274/api/v1/products - null null
2026-05-11 23:59:12.902 +05:30 [INF] Request starting HTTP/2 GET https://localhost:7274/api/v1/Categories - null null
2026-05-11 23:59:12.997 +05:30 [INF] CORS policy execution successful.
2026-05-11 23:59:12.997 +05:30 [INF] CORS policy execution successful.
2026-05-11 23:59:13.006 +05:30 [INF] Executing endpoint 'eCommerce.Api.Controllers.v1.CategoriesController.GetAllAsync (eCommerce.Api)'
2026-05-11 23:59:13.006 +05:30 [INF] Executing endpoint 'eCommerce.Api.Controllers.v1.ProductsController.GetAllProducts (eCommerce.Api)'
2026-05-11 23:59:13.019 +05:30 [INF] Route matched with {action = "GetAllProducts", controller = "Products"}. Executing controller action with signature System.Threading.Tasks.Task`1[Microsoft.AspNetCore.Mvc.ActionResult`1[System.Collections.Generic.IEnumerable`1[eCommerce.Application.DTOs.Product.ProductDto]]] GetAllProducts() on controller eCommerce.Api.Controllers.v1.ProductsController (eCommerce.Api).
2026-05-11 23:59:13.019 +05:30 [INF] Route matched with {action = "GetAll", controller = "Categories"}. Executing controller action with signature System.Threading.Tasks.Task`1[Microsoft.AspNetCore.Mvc.ActionResult`1[System.Collections.Generic.IEnumerable`1[eCommerce.Application.DTOs.Category.CategoryDto]]] GetAllAsync() on controller eCommerce.Api.Controllers.v1.CategoriesController (eCommerce.Api).
2026-05-11 23:59:13.074 +05:30 [INF] Get all categories
2026-05-11 23:59:15.954 +05:30 [INF] Executed DbCommand (61ms) [Parameters=[], CommandType='"Text"', CommandTimeout='30']
SELECT [p].[ProductId], [p].[CategoryId], [p].[Description], [p].[Discount], [p].[Gender], [p].[MadeIn], [p].[ManufacturingDate], [p].[Picture], [p].[ProductName], [p].[Quantity], [p].[ReturnPolicy], [p].[ShoeType], [p].[UnitPrice], [p].[WarrantyPeriod]
FROM [Products] AS [p]
2026-05-11 23:59:15.954 +05:30 [INF] Executed DbCommand (46ms) [Parameters=[], CommandType='"Text"', CommandTimeout='30']
SELECT [c].[CategoryId], [c].[CategoryName], [c].[Description]
FROM [Categories] AS [c]
2026-05-11 23:59:16.004 +05:30 [INF] Executing OkObjectResult, writing value of type 'System.Collections.Generic.List`1[[eCommerce.Application.DTOs.Category.CategoryDto, eCommerce.Application, Version=1.0.0.0, Culture=neutral, PublicKeyToken=null]]'.
2026-05-11 23:59:16.004 +05:30 [INF] Executing OkObjectResult, writing value of type 'System.Collections.Generic.List`1[[eCommerce.Application.DTOs.Product.ProductDto, eCommerce.Application, Version=1.0.0.0, Culture=neutral, PublicKeyToken=null]]'.
2026-05-11 23:59:16.025 +05:30 [INF] Executed action eCommerce.Api.Controllers.v1.CategoriesController.GetAllAsync (eCommerce.Api) in 3003.5043ms
2026-05-11 23:59:16.025 +05:30 [INF] Executed endpoint 'eCommerce.Api.Controllers.v1.CategoriesController.GetAllAsync (eCommerce.Api)'
2026-05-11 23:59:16.027 +05:30 [INF] Request finished HTTP/2 GET https://localhost:7274/api/v1/Categories - 200 null application/json; charset=utf-8 3135.4263ms
2026-05-11 23:59:16.038 +05:30 [INF] Executed action eCommerce.Api.Controllers.v1.ProductsController.GetAllProducts (eCommerce.Api) in 3018.5781ms
2026-05-11 23:59:16.038 +05:30 [INF] Executed endpoint 'eCommerce.Api.Controllers.v1.ProductsController.GetAllProducts (eCommerce.Api)'
2026-05-11 23:59:16.039 +05:30 [INF] Request finished HTTP/2 GET https://localhost:7274/api/v1/products - 200 null application/json; charset=utf-8 3147.4272ms
