2026-05-15 00:03:12.798 +05:30 [INF] Request starting HTTP/2 OPTIONS https://localhost:7274/api/v1/Security/Login - null null
2026-05-15 00:03:13.304 +05:30 [INF] CORS policy execution successful.
2026-05-15 00:03:13.320 +05:30 [INF] Request finished HTTP/2 OPTIONS https://localhost:7274/api/v1/Security/Login - 204 null null 534.3122ms
2026-05-15 00:03:13.330 +05:30 [INF] Request starting HTTP/2 POST https://localhost:7274/api/v1/Security/Login - application/json 52
2026-05-15 00:03:13.378 +05:30 [INF] CORS policy execution successful.
2026-05-15 00:03:13.788 +05:30 [INF] Failed to validate the token.
Microsoft.IdentityModel.Tokens.SecurityTokenMalformedException: IDX14100: JWT is not well formed, there are no dots (.).
The token needs to be in JWS or JWE Compact Serialization Format. (JWS): 'EncodedHeader.EncodedPayload.EncodedSignature'. (JWE): 'EncodedProtectedHeader.EncodedEncryptedKey.EncodedInitializationVector.EncodedCiphertext.EncodedAuthenticationTag'.
   at Microsoft.IdentityModel.JsonWebTokens.JsonWebToken.ReadToken(ReadOnlyMemory`1 encodedTokenMemory)
   at Microsoft.IdentityModel.JsonWebTokens.JsonWebToken..ctor(String jwtEncodedString, TryReadJwtClaim tryReadJwtClaim)
   at Microsoft.IdentityModel.JsonWebTokens.JsonWebTokenHandler.ReadToken(String token, TokenValidationParameters validationParameters)
2026-05-15 00:03:13.911 +05:30 [INF] Bearer was not authenticated. Failure message: IDX14100: JWT is not well formed, there are no dots (.).
The token needs to be in JWS or JWE Compact Serialization Format. (JWS): 'EncodedHeader.EncodedPayload.EncodedSignature'. (JWE): 'EncodedProtectedHeader.EncodedEncryptedKey.EncodedInitializationVector.EncodedCiphertext.EncodedAuthenticationTag'.
2026-05-15 00:03:13.939 +05:30 [INF] Executing endpoint 'eCommerce.Api.Controllers.v1.SecurityController.Post (eCommerce.Api)'
2026-05-15 00:03:14.151 +05:30 [INF] Route matched with {action = "Post", controller = "Security"}. Executing controller action with signature System.Threading.Tasks.Task`1[Microsoft.AspNetCore.Mvc.ActionResult`1[eCommerce.Application.VMS.AuthenticationResponseVM]] Post(eCommerce.Application.DTOs.User.UserDto) on controller eCommerce.Api.Controllers.v1.SecurityController (eCommerce.Api).
2026-05-15 00:03:17.266 +05:30 [INF] Request starting HTTP/2 POST https://localhost:7274/api/v1/Security/Login - application/json 52
2026-05-15 00:03:17.272 +05:30 [INF] CORS policy execution successful.
2026-05-15 00:03:17.278 +05:30 [INF] Failed to validate the token.
Microsoft.IdentityModel.Tokens.SecurityTokenMalformedException: IDX14100: JWT is not well formed, there are no dots (.).
The token needs to be in JWS or JWE Compact Serialization Format. (JWS): 'EncodedHeader.EncodedPayload.EncodedSignature'. (JWE): 'EncodedProtectedHeader.EncodedEncryptedKey.EncodedInitializationVector.EncodedCiphertext.EncodedAuthenticationTag'.
   at Microsoft.IdentityModel.JsonWebTokens.JsonWebToken.ReadToken(ReadOnlyMemory`1 encodedTokenMemory)
   at Microsoft.IdentityModel.JsonWebTokens.JsonWebToken..ctor(String jwtEncodedString, TryReadJwtClaim tryReadJwtClaim)
   at Microsoft.IdentityModel.JsonWebTokens.JsonWebTokenHandler.ReadToken(String token, TokenValidationParameters validationParameters)
2026-05-15 00:03:17.279 +05:30 [INF] Bearer was not authenticated. Failure message: IDX14100: JWT is not well formed, there are no dots (.).
The token needs to be in JWS or JWE Compact Serialization Format. (JWS): 'EncodedHeader.EncodedPayload.EncodedSignature'. (JWE): 'EncodedProtectedHeader.EncodedEncryptedKey.EncodedInitializationVector.EncodedCiphertext.EncodedAuthenticationTag'.
2026-05-15 00:03:17.279 +05:30 [INF] Executing endpoint 'eCommerce.Api.Controllers.v1.SecurityController.Post (eCommerce.Api)'
2026-05-15 00:03:17.280 +05:30 [INF] Route matched with {action = "Post", controller = "Security"}. Executing controller action with signature System.Threading.Tasks.Task`1[Microsoft.AspNetCore.Mvc.ActionResult`1[eCommerce.Application.VMS.AuthenticationResponseVM]] Post(eCommerce.Application.DTOs.User.UserDto) on controller eCommerce.Api.Controllers.v1.SecurityController (eCommerce.Api).
2026-05-15 00:03:18.484 +05:30 [INF] Request starting HTTP/2 OPTIONS https://localhost:7274/api/v1/Security/Login - null null
2026-05-15 00:03:18.494 +05:30 [INF] CORS policy execution successful.
2026-05-15 00:03:18.495 +05:30 [INF] Request finished HTTP/2 OPTIONS https://localhost:7274/api/v1/Security/Login - 204 null null 17.47ms
2026-05-15 00:03:18.499 +05:30 [INF] Request starting HTTP/2 POST https://localhost:7274/api/v1/Security/Login - application/json 52
2026-05-15 00:03:18.500 +05:30 [INF] CORS policy execution successful.
2026-05-15 00:03:18.510 +05:30 [INF] Failed to validate the token.
Microsoft.IdentityModel.Tokens.SecurityTokenMalformedException: IDX14100: JWT is not well formed, there are no dots (.).
The token needs to be in JWS or JWE Compact Serialization Format. (JWS): 'EncodedHeader.EncodedPayload.EncodedSignature'. (JWE): 'EncodedProtectedHeader.EncodedEncryptedKey.EncodedInitializationVector.EncodedCiphertext.EncodedAuthenticationTag'.
   at Microsoft.IdentityModel.JsonWebTokens.JsonWebToken.ReadToken(ReadOnlyMemory`1 encodedTokenMemory)
   at Microsoft.IdentityModel.JsonWebTokens.JsonWebToken..ctor(String jwtEncodedString, TryReadJwtClaim tryReadJwtClaim)
   at Microsoft.IdentityModel.JsonWebTokens.JsonWebTokenHandler.ReadToken(String token, TokenValidationParameters validationParameters)
2026-05-15 00:03:18.510 +05:30 [INF] Bearer was not authenticated. Failure message: IDX14100: JWT is not well formed, there are no dots (.).
The token needs to be in JWS or JWE Compact Serialization Format. (JWS): 'EncodedHeader.EncodedPayload.EncodedSignature'. (JWE): 'EncodedProtectedHeader.EncodedEncryptedKey.EncodedInitializationVector.EncodedCiphertext.EncodedAuthenticationTag'.
2026-05-15 00:03:18.511 +05:30 [INF] Executing endpoint 'eCommerce.Api.Controllers.v1.SecurityController.Post (eCommerce.Api)'
2026-05-15 00:03:18.512 +05:30 [INF] Route matched with {action = "Post", controller = "Security"}. Executing controller action with signature System.Threading.Tasks.Task`1[Microsoft.AspNetCore.Mvc.ActionResult`1[eCommerce.Application.VMS.AuthenticationResponseVM]] Post(eCommerce.Application.DTOs.User.UserDto) on controller eCommerce.Api.Controllers.v1.SecurityController (eCommerce.Api).
2026-05-15 00:03:18.638 +05:30 [INF] Request starting HTTP/2 POST https://localhost:7274/api/v1/Security/Login - application/json 52
2026-05-15 00:03:18.639 +05:30 [INF] CORS policy execution successful.
2026-05-15 00:03:18.640 +05:30 [INF] Failed to validate the token.
Microsoft.IdentityModel.Tokens.SecurityTokenMalformedException: IDX14100: JWT is not well formed, there are no dots (.).
The token needs to be in JWS or JWE Compact Serialization Format. (JWS): 'EncodedHeader.EncodedPayload.EncodedSignature'. (JWE): 'EncodedProtectedHeader.EncodedEncryptedKey.EncodedInitializationVector.EncodedCiphertext.EncodedAuthenticationTag'.
   at Microsoft.IdentityModel.JsonWebTokens.JsonWebToken.ReadToken(ReadOnlyMemory`1 encodedTokenMemory)
   at Microsoft.IdentityModel.JsonWebTokens.JsonWebToken..ctor(String jwtEncodedString, TryReadJwtClaim tryReadJwtClaim)
   at Microsoft.IdentityModel.JsonWebTokens.JsonWebTokenHandler.ReadToken(String token, TokenValidationParameters validationParameters)
2026-05-15 00:03:18.641 +05:30 [INF] Bearer was not authenticated. Failure message: IDX14100: JWT is not well formed, there are no dots (.).
The token needs to be in JWS or JWE Compact Serialization Format. (JWS): 'EncodedHeader.EncodedPayload.EncodedSignature'. (JWE): 'EncodedProtectedHeader.EncodedEncryptedKey.EncodedInitializationVector.EncodedCiphertext.EncodedAuthenticationTag'.
2026-05-15 00:03:18.641 +05:30 [INF] Executing endpoint 'eCommerce.Api.Controllers.v1.SecurityController.Post (eCommerce.Api)'
2026-05-15 00:03:18.641 +05:30 [INF] Route matched with {action = "Post", controller = "Security"}. Executing controller action with signature System.Threading.Tasks.Task`1[Microsoft.AspNetCore.Mvc.ActionResult`1[eCommerce.Application.VMS.AuthenticationResponseVM]] Post(eCommerce.Application.DTOs.User.UserDto) on controller eCommerce.Api.Controllers.v1.SecurityController (eCommerce.Api).
2026-05-15 00:03:19.224 +05:30 [INF] Request starting HTTP/2 POST https://localhost:7274/api/v1/Security/Login - application/json 52
2026-05-15 00:03:19.238 +05:30 [INF] CORS policy execution successful.
2026-05-15 00:03:19.239 +05:30 [INF] Failed to validate the token.
Microsoft.IdentityModel.Tokens.SecurityTokenMalformedException: IDX14100: JWT is not well formed, there are no dots (.).
The token needs to be in JWS or JWE Compact Serialization Format. (JWS): 'EncodedHeader.EncodedPayload.EncodedSignature'. (JWE): 'EncodedProtectedHeader.EncodedEncryptedKey.EncodedInitializationVector.EncodedCiphertext.EncodedAuthenticationTag'.
   at Microsoft.IdentityModel.JsonWebTokens.JsonWebToken.ReadToken(ReadOnlyMemory`1 encodedTokenMemory)
   at Microsoft.IdentityModel.JsonWebTokens.JsonWebToken..ctor(String jwtEncodedString, TryReadJwtClaim tryReadJwtClaim)
   at Microsoft.IdentityModel.JsonWebTokens.JsonWebTokenHandler.ReadToken(String token, TokenValidationParameters validationParameters)
2026-05-15 00:03:19.240 +05:30 [INF] Bearer was not authenticated. Failure message: IDX14100: JWT is not well formed, there are no dots (.).
The token needs to be in JWS or JWE Compact Serialization Format. (JWS): 'EncodedHeader.EncodedPayload.EncodedSignature'. (JWE): 'EncodedProtectedHeader.EncodedEncryptedKey.EncodedInitializationVector.EncodedCiphertext.EncodedAuthenticationTag'.
2026-05-15 00:03:19.240 +05:30 [INF] Executing endpoint 'eCommerce.Api.Controllers.v1.SecurityController.Post (eCommerce.Api)'
2026-05-15 00:03:19.240 +05:30 [INF] Route matched with {action = "Post", controller = "Security"}. Executing controller action with signature System.Threading.Tasks.Task`1[Microsoft.AspNetCore.Mvc.ActionResult`1[eCommerce.Application.VMS.AuthenticationResponseVM]] Post(eCommerce.Application.DTOs.User.UserDto) on controller eCommerce.Api.Controllers.v1.SecurityController (eCommerce.Api).
2026-05-15 00:03:19.363 +05:30 [INF] Request starting HTTP/2 POST https://localhost:7274/api/v1/Security/Login - application/json 52
2026-05-15 00:03:19.365 +05:30 [INF] CORS policy execution successful.
2026-05-15 00:03:19.366 +05:30 [INF] Failed to validate the token.
Microsoft.IdentityModel.Tokens.SecurityTokenMalformedException: IDX14100: JWT is not well formed, there are no dots (.).
The token needs to be in JWS or JWE Compact Serialization Format. (JWS): 'EncodedHeader.EncodedPayload.EncodedSignature'. (JWE): 'EncodedProtectedHeader.EncodedEncryptedKey.EncodedInitializationVector.EncodedCiphertext.EncodedAuthenticationTag'.
   at Microsoft.IdentityModel.JsonWebTokens.JsonWebToken.ReadToken(ReadOnlyMemory`1 encodedTokenMemory)
   at Microsoft.IdentityModel.JsonWebTokens.JsonWebToken..ctor(String jwtEncodedString, TryReadJwtClaim tryReadJwtClaim)
   at Microsoft.IdentityModel.JsonWebTokens.JsonWebTokenHandler.ReadToken(String token, TokenValidationParameters validationParameters)
2026-05-15 00:03:19.367 +05:30 [INF] Bearer was not authenticated. Failure message: IDX14100: JWT is not well formed, there are no dots (.).
The token needs to be in JWS or JWE Compact Serialization Format. (JWS): 'EncodedHeader.EncodedPayload.EncodedSignature'. (JWE): 'EncodedProtectedHeader.EncodedEncryptedKey.EncodedInitializationVector.EncodedCiphertext.EncodedAuthenticationTag'.
2026-05-15 00:03:19.367 +05:30 [INF] Executing endpoint 'eCommerce.Api.Controllers.v1.SecurityController.Post (eCommerce.Api)'
2026-05-15 00:03:19.368 +05:30 [INF] Route matched with {action = "Post", controller = "Security"}. Executing controller action with signature System.Threading.Tasks.Task`1[Microsoft.AspNetCore.Mvc.ActionResult`1[eCommerce.Application.VMS.AuthenticationResponseVM]] Post(eCommerce.Application.DTOs.User.UserDto) on controller eCommerce.Api.Controllers.v1.SecurityController (eCommerce.Api).
2026-05-15 00:03:19.508 +05:30 [INF] Request starting HTTP/2 POST https://localhost:7274/api/v1/Security/Login - application/json 52
2026-05-15 00:03:19.509 +05:30 [INF] CORS policy execution successful.
2026-05-15 00:03:19.510 +05:30 [INF] Failed to validate the token.
Microsoft.IdentityModel.Tokens.SecurityTokenMalformedException: IDX14100: JWT is not well formed, there are no dots (.).
The token needs to be in JWS or JWE Compact Serialization Format. (JWS): 'EncodedHeader.EncodedPayload.EncodedSignature'. (JWE): 'EncodedProtectedHeader.EncodedEncryptedKey.EncodedInitializationVector.EncodedCiphertext.EncodedAuthenticationTag'.
   at Microsoft.IdentityModel.JsonWebTokens.JsonWebToken.ReadToken(ReadOnlyMemory`1 encodedTokenMemory)
   at Microsoft.IdentityModel.JsonWebTokens.JsonWebToken..ctor(String jwtEncodedString, TryReadJwtClaim tryReadJwtClaim)
   at Microsoft.IdentityModel.JsonWebTokens.JsonWebTokenHandler.ReadToken(String token, TokenValidationParameters validationParameters)
2026-05-15 00:03:19.511 +05:30 [INF] Bearer was not authenticated. Failure message: IDX14100: JWT is not well formed, there are no dots (.).
The token needs to be in JWS or JWE Compact Serialization Format. (JWS): 'EncodedHeader.EncodedPayload.EncodedSignature'. (JWE): 'EncodedProtectedHeader.EncodedEncryptedKey.EncodedInitializationVector.EncodedCiphertext.EncodedAuthenticationTag'.
2026-05-15 00:03:19.511 +05:30 [INF] Executing endpoint 'eCommerce.Api.Controllers.v1.SecurityController.Post (eCommerce.Api)'
2026-05-15 00:03:19.511 +05:30 [INF] Route matched with {action = "Post", controller = "Security"}. Executing controller action with signature System.Threading.Tasks.Task`1[Microsoft.AspNetCore.Mvc.ActionResult`1[eCommerce.Application.VMS.AuthenticationResponseVM]] Post(eCommerce.Application.DTOs.User.UserDto) on controller eCommerce.Api.Controllers.v1.SecurityController (eCommerce.Api).
2026-05-15 00:03:19.692 +05:30 [INF] Request starting HTTP/2 POST https://localhost:7274/api/v1/Security/Login - application/json 52
2026-05-15 00:03:19.696 +05:30 [INF] CORS policy execution successful.
2026-05-15 00:03:19.705 +05:30 [INF] Failed to validate the token.
Microsoft.IdentityModel.Tokens.SecurityTokenMalformedException: IDX14100: JWT is not well formed, there are no dots (.).
The token needs to be in JWS or JWE Compact Serialization Format. (JWS): 'EncodedHeader.EncodedPayload.EncodedSignature'. (JWE): 'EncodedProtectedHeader.EncodedEncryptedKey.EncodedInitializationVector.EncodedCiphertext.EncodedAuthenticationTag'.
   at Microsoft.IdentityModel.JsonWebTokens.JsonWebToken.ReadToken(ReadOnlyMemory`1 encodedTokenMemory)
   at Microsoft.IdentityModel.JsonWebTokens.JsonWebToken..ctor(String jwtEncodedString, TryReadJwtClaim tryReadJwtClaim)
   at Microsoft.IdentityModel.JsonWebTokens.JsonWebTokenHandler.ReadToken(String token, TokenValidationParameters validationParameters)
2026-05-15 00:03:19.706 +05:30 [INF] Bearer was not authenticated. Failure message: IDX14100: JWT is not well formed, there are no dots (.).
The token needs to be in JWS or JWE Compact Serialization Format. (JWS): 'EncodedHeader.EncodedPayload.EncodedSignature'. (JWE): 'EncodedProtectedHeader.EncodedEncryptedKey.EncodedInitializationVector.EncodedCiphertext.EncodedAuthenticationTag'.
2026-05-15 00:03:19.706 +05:30 [INF] Executing endpoint 'eCommerce.Api.Controllers.v1.SecurityController.Post (eCommerce.Api)'
2026-05-15 00:03:19.706 +05:30 [INF] Route matched with {action = "Post", controller = "Security"}. Executing controller action with signature System.Threading.Tasks.Task`1[Microsoft.AspNetCore.Mvc.ActionResult`1[eCommerce.Application.VMS.AuthenticationResponseVM]] Post(eCommerce.Application.DTOs.User.UserDto) on controller eCommerce.Api.Controllers.v1.SecurityController (eCommerce.Api).
2026-05-15 00:03:19.847 +05:30 [INF] Request starting HTTP/2 POST https://localhost:7274/api/v1/Security/Login - application/json 52
2026-05-15 00:03:19.848 +05:30 [INF] CORS policy execution successful.
2026-05-15 00:03:19.849 +05:30 [INF] Failed to validate the token.
Microsoft.IdentityModel.Tokens.SecurityTokenMalformedException: IDX14100: JWT is not well formed, there are no dots (.).
The token needs to be in JWS or JWE Compact Serialization Format. (JWS): 'EncodedHeader.EncodedPayload.EncodedSignature'. (JWE): 'EncodedProtectedHeader.EncodedEncryptedKey.EncodedInitializationVector.EncodedCiphertext.EncodedAuthenticationTag'.
   at Microsoft.IdentityModel.JsonWebTokens.JsonWebToken.ReadToken(ReadOnlyMemory`1 encodedTokenMemory)
   at Microsoft.IdentityModel.JsonWebTokens.JsonWebToken..ctor(String jwtEncodedString, TryReadJwtClaim tryReadJwtClaim)
   at Microsoft.IdentityModel.JsonWebTokens.JsonWebTokenHandler.ReadToken(String token, TokenValidationParameters validationParameters)
2026-05-15 00:03:19.849 +05:30 [INF] Bearer was not authenticated. Failure message: IDX14100: JWT is not well formed, there are no dots (.).
The token needs to be in JWS or JWE Compact Serialization Format. (JWS): 'EncodedHeader.EncodedPayload.EncodedSignature'. (JWE): 'EncodedProtectedHeader.EncodedEncryptedKey.EncodedInitializationVector.EncodedCiphertext.EncodedAuthenticationTag'.
2026-05-15 00:03:19.850 +05:30 [INF] Executing endpoint 'eCommerce.Api.Controllers.v1.SecurityController.Post (eCommerce.Api)'
2026-05-15 00:03:19.850 +05:30 [INF] Route matched with {action = "Post", controller = "Security"}. Executing controller action with signature System.Threading.Tasks.Task`1[Microsoft.AspNetCore.Mvc.ActionResult`1[eCommerce.Application.VMS.AuthenticationResponseVM]] Post(eCommerce.Application.DTOs.User.UserDto) on controller eCommerce.Api.Controllers.v1.SecurityController (eCommerce.Api).
2026-05-15 00:03:20.795 +05:30 [INF] Executed DbCommand (413ms) [Parameters=[@__email_0='?' (Size = 100)], CommandType='"Text"', CommandTimeout='30']
SELECT [t].[UserId], [t].[Email], [t].[Password], [t0].[RolesRoleId], [t0].[UsersUserId], [t0].[RoleId], [t0].[Description], [t0].[RoleName]
FROM (
    SELECT TOP(1) [u].[UserId], [u].[Email], [u].[Password]
    FROM [Users] AS [u]
    WHERE [u].[Email] = @__email_0
) AS [t]
LEFT JOIN (
    SELECT [r].[RolesRoleId], [r].[UsersUserId], [r0].[RoleId], [r0].[Description], [r0].[RoleName]
    FROM [RoleUser] AS [r]
    INNER JOIN [Roles] AS [r0] ON [r].[RolesRoleId] = [r0].[RoleId]
) AS [t0] ON [t].[UserId] = [t0].[UsersUserId]
ORDER BY [t].[UserId], [t0].[RolesRoleId], [t0].[UsersUserId]
2026-05-15 00:03:20.796 +05:30 [INF] Executed DbCommand (438ms) [Parameters=[@__email_0='?' (Size = 100)], CommandType='"Text"', CommandTimeout='30']
SELECT [t].[UserId], [t].[Email], [t].[Password], [t0].[RolesRoleId], [t0].[UsersUserId], [t0].[RoleId], [t0].[Description], [t0].[RoleName]
FROM (
    SELECT TOP(1) [u].[UserId], [u].[Email], [u].[Password]
    FROM [Users] AS [u]
    WHERE [u].[Email] = @__email_0
) AS [t]
LEFT JOIN (
    SELECT [r].[RolesRoleId], [r].[UsersUserId], [r0].[RoleId], [r0].[Description], [r0].[RoleName]
    FROM [RoleUser] AS [r]
    INNER JOIN [Roles] AS [r0] ON [r].[RolesRoleId] = [r0].[RoleId]
) AS [t0] ON [t].[UserId] = [t0].[UsersUserId]
ORDER BY [t].[UserId], [t0].[RolesRoleId], [t0].[UsersUserId]
2026-05-15 00:03:20.796 +05:30 [INF] Executed DbCommand (378ms) [Parameters=[@__email_0='?' (Size = 100)], CommandType='"Text"', CommandTimeout='30']
SELECT [t].[UserId], [t].[Email], [t].[Password], [t0].[RolesRoleId], [t0].[UsersUserId], [t0].[RoleId], [t0].[Description], [t0].[RoleName]
FROM (
    SELECT TOP(1) [u].[UserId], [u].[Email], [u].[Password]
    FROM [Users] AS [u]
    WHERE [u].[Email] = @__email_0
) AS [t]
LEFT JOIN (
    SELECT [r].[RolesRoleId], [r].[UsersUserId], [r0].[RoleId], [r0].[Description], [r0].[RoleName]
    FROM [RoleUser] AS [r]
    INNER JOIN [Roles] AS [r0] ON [r].[RolesRoleId] = [r0].[RoleId]
) AS [t0] ON [t].[UserId] = [t0].[UsersUserId]
ORDER BY [t].[UserId], [t0].[RolesRoleId], [t0].[UsersUserId]
2026-05-15 00:03:20.796 +05:30 [INF] Executed DbCommand (431ms) [Parameters=[@__email_0='?' (Size = 100)], CommandType='"Text"', CommandTimeout='30']
SELECT [t].[UserId], [t].[Email], [t].[Password], [t0].[RolesRoleId], [t0].[UsersUserId], [t0].[RoleId], [t0].[Description], [t0].[RoleName]
FROM (
    SELECT TOP(1) [u].[UserId], [u].[Email], [u].[Password]
    FROM [Users] AS [u]
    WHERE [u].[Email] = @__email_0
) AS [t]
LEFT JOIN (
    SELECT [r].[RolesRoleId], [r].[UsersUserId], [r0].[RoleId], [r0].[Description], [r0].[RoleName]
    FROM [RoleUser] AS [r]
    INNER JOIN [Roles] AS [r0] ON [r].[RolesRoleId] = [r0].[RoleId]
) AS [t0] ON [t].[UserId] = [t0].[UsersUserId]
ORDER BY [t].[UserId], [t0].[RolesRoleId], [t0].[UsersUserId]
2026-05-15 00:03:20.796 +05:30 [INF] Executed DbCommand (365ms) [Parameters=[@__email_0='?' (Size = 100)], CommandType='"Text"', CommandTimeout='30']
SELECT [t].[UserId], [t].[Email], [t].[Password], [t0].[RolesRoleId], [t0].[UsersUserId], [t0].[RoleId], [t0].[Description], [t0].[RoleName]
FROM (
    SELECT TOP(1) [u].[UserId], [u].[Email], [u].[Password]
    FROM [Users] AS [u]
    WHERE [u].[Email] = @__email_0
) AS [t]
LEFT JOIN (
    SELECT [r].[RolesRoleId], [r].[UsersUserId], [r0].[RoleId], [r0].[Description], [r0].[RoleName]
    FROM [RoleUser] AS [r]
    INNER JOIN [Roles] AS [r0] ON [r].[RolesRoleId] = [r0].[RoleId]
) AS [t0] ON [t].[UserId] = [t0].[UsersUserId]
ORDER BY [t].[UserId], [t0].[RolesRoleId], [t0].[UsersUserId]
2026-05-15 00:03:20.796 +05:30 [INF] Executed DbCommand (438ms) [Parameters=[@__email_0='?' (Size = 100)], CommandType='"Text"', CommandTimeout='30']
SELECT [t].[UserId], [t].[Email], [t].[Password], [t0].[RolesRoleId], [t0].[UsersUserId], [t0].[RoleId], [t0].[Description], [t0].[RoleName]
FROM (
    SELECT TOP(1) [u].[UserId], [u].[Email], [u].[Password]
    FROM [Users] AS [u]
    WHERE [u].[Email] = @__email_0
) AS [t]
LEFT JOIN (
    SELECT [r].[RolesRoleId], [r].[UsersUserId], [r0].[RoleId], [r0].[Description], [r0].[RoleName]
    FROM [RoleUser] AS [r]
    INNER JOIN [Roles] AS [r0] ON [r].[RolesRoleId] = [r0].[RoleId]
) AS [t0] ON [t].[UserId] = [t0].[UsersUserId]
ORDER BY [t].[UserId], [t0].[RolesRoleId], [t0].[UsersUserId]
2026-05-15 00:03:20.795 +05:30 [INF] Executed DbCommand (438ms) [Parameters=[@__email_0='?' (Size = 100)], CommandType='"Text"', CommandTimeout='30']
SELECT [t].[UserId], [t].[Email], [t].[Password], [t0].[RolesRoleId], [t0].[UsersUserId], [t0].[RoleId], [t0].[Description], [t0].[RoleName]
FROM (
    SELECT TOP(1) [u].[UserId], [u].[Email], [u].[Password]
    FROM [Users] AS [u]
    WHERE [u].[Email] = @__email_0
) AS [t]
LEFT JOIN (
    SELECT [r].[RolesRoleId], [r].[UsersUserId], [r0].[RoleId], [r0].[Description], [r0].[RoleName]
    FROM [RoleUser] AS [r]
    INNER JOIN [Roles] AS [r0] ON [r].[RolesRoleId] = [r0].[RoleId]
) AS [t0] ON [t].[UserId] = [t0].[UsersUserId]
ORDER BY [t].[UserId], [t0].[RolesRoleId], [t0].[UsersUserId]
2026-05-15 00:03:20.796 +05:30 [INF] Executed DbCommand (390ms) [Parameters=[@__email_0='?' (Size = 100)], CommandType='"Text"', CommandTimeout='30']
SELECT [t].[UserId], [t].[Email], [t].[Password], [t0].[RolesRoleId], [t0].[UsersUserId], [t0].[RoleId], [t0].[Description], [t0].[RoleName]
FROM (
    SELECT TOP(1) [u].[UserId], [u].[Email], [u].[Password]
    FROM [Users] AS [u]
    WHERE [u].[Email] = @__email_0
) AS [t]
LEFT JOIN (
    SELECT [r].[RolesRoleId], [r].[UsersUserId], [r0].[RoleId], [r0].[Description], [r0].[RoleName]
    FROM [RoleUser] AS [r]
    INNER JOIN [Roles] AS [r0] ON [r].[RolesRoleId] = [r0].[RoleId]
) AS [t0] ON [t].[UserId] = [t0].[UsersUserId]
ORDER BY [t].[UserId], [t0].[RolesRoleId], [t0].[UsersUserId]
2026-05-15 00:03:20.796 +05:30 [INF] Executed DbCommand (401ms) [Parameters=[@__email_0='?' (Size = 100)], CommandType='"Text"', CommandTimeout='30']
SELECT [t].[UserId], [t].[Email], [t].[Password], [t0].[RolesRoleId], [t0].[UsersUserId], [t0].[RoleId], [t0].[Description], [t0].[RoleName]
FROM (
    SELECT TOP(1) [u].[UserId], [u].[Email], [u].[Password]
    FROM [Users] AS [u]
    WHERE [u].[Email] = @__email_0
) AS [t]
LEFT JOIN (
    SELECT [r].[RolesRoleId], [r].[UsersUserId], [r0].[RoleId], [r0].[Description], [r0].[RoleName]
    FROM [RoleUser] AS [r]
    INNER JOIN [Roles] AS [r0] ON [r].[RolesRoleId] = [r0].[RoleId]
) AS [t0] ON [t].[UserId] = [t0].[UsersUserId]
ORDER BY [t].[UserId], [t0].[RolesRoleId], [t0].[UsersUserId]
2026-05-15 00:03:22.181 +05:30 [INF] Executing OkObjectResult, writing value of type 'eCommerce.Application.VMS.AuthenticationResponseVM'.
2026-05-15 00:03:22.181 +05:30 [INF] Executing OkObjectResult, writing value of type 'eCommerce.Application.VMS.AuthenticationResponseVM'.
2026-05-15 00:03:22.181 +05:30 [INF] Executing OkObjectResult, writing value of type 'eCommerce.Application.VMS.AuthenticationResponseVM'.
2026-05-15 00:03:22.181 +05:30 [INF] Executing OkObjectResult, writing value of type 'eCommerce.Application.VMS.AuthenticationResponseVM'.
2026-05-15 00:03:22.181 +05:30 [INF] Executing OkObjectResult, writing value of type 'eCommerce.Application.VMS.AuthenticationResponseVM'.
2026-05-15 00:03:22.181 +05:30 [INF] Executing OkObjectResult, writing value of type 'eCommerce.Application.VMS.AuthenticationResponseVM'.
2026-05-15 00:03:22.181 +05:30 [INF] Executing OkObjectResult, writing value of type 'eCommerce.Application.VMS.AuthenticationResponseVM'.
2026-05-15 00:03:22.181 +05:30 [INF] Executing OkObjectResult, writing value of type 'eCommerce.Application.VMS.AuthenticationResponseVM'.
2026-05-15 00:03:22.181 +05:30 [INF] Executing OkObjectResult, writing value of type 'eCommerce.Application.VMS.AuthenticationResponseVM'.
2026-05-15 00:03:22.245 +05:30 [INF] Executed action eCommerce.Api.Controllers.v1.SecurityController.Post (eCommerce.Api) in 2512.1845ms
2026-05-15 00:03:22.245 +05:30 [INF] Executed action eCommerce.Api.Controllers.v1.SecurityController.Post (eCommerce.Api) in 2850.5044ms
2026-05-15 00:03:22.245 +05:30 [INF] Executed action eCommerce.Api.Controllers.v1.SecurityController.Post (eCommerce.Api) in 2978.1042ms
2026-05-15 00:03:22.245 +05:30 [INF] Executed action eCommerce.Api.Controllers.v1.SecurityController.Post (eCommerce.Api) in 8064.7617ms
2026-05-15 00:03:22.245 +05:30 [INF] Executed action eCommerce.Api.Controllers.v1.SecurityController.Post (eCommerce.Api) in 2707.3243ms
2026-05-15 00:03:22.245 +05:30 [INF] Executed action eCommerce.Api.Controllers.v1.SecurityController.Post (eCommerce.Api) in 3706.5284ms
2026-05-15 00:03:22.245 +05:30 [INF] Executed action eCommerce.Api.Controllers.v1.SecurityController.Post (eCommerce.Api) in 4938.2114ms
2026-05-15 00:03:22.245 +05:30 [INF] Executed action eCommerce.Api.Controllers.v1.SecurityController.Post (eCommerce.Api) in 2368.407ms
2026-05-15 00:03:22.245 +05:30 [INF] Executed action eCommerce.Api.Controllers.v1.SecurityController.Post (eCommerce.Api) in 3577.1255ms
2026-05-15 00:03:22.247 +05:30 [INF] Executed endpoint 'eCommerce.Api.Controllers.v1.SecurityController.Post (eCommerce.Api)'
2026-05-15 00:03:22.247 +05:30 [INF] Executed endpoint 'eCommerce.Api.Controllers.v1.SecurityController.Post (eCommerce.Api)'
2026-05-15 00:03:22.247 +05:30 [INF] Executed endpoint 'eCommerce.Api.Controllers.v1.SecurityController.Post (eCommerce.Api)'
2026-05-15 00:03:22.247 +05:30 [INF] Executed endpoint 'eCommerce.Api.Controllers.v1.SecurityController.Post (eCommerce.Api)'
2026-05-15 00:03:22.247 +05:30 [INF] Executed endpoint 'eCommerce.Api.Controllers.v1.SecurityController.Post (eCommerce.Api)'
2026-05-15 00:03:22.247 +05:30 [INF] Executed endpoint 'eCommerce.Api.Controllers.v1.SecurityController.Post (eCommerce.Api)'
2026-05-15 00:03:22.247 +05:30 [INF] Executed endpoint 'eCommerce.Api.Controllers.v1.SecurityController.Post (eCommerce.Api)'
2026-05-15 00:03:22.247 +05:30 [INF] Executed endpoint 'eCommerce.Api.Controllers.v1.SecurityController.Post (eCommerce.Api)'
2026-05-15 00:03:22.247 +05:30 [INF] Executed endpoint 'eCommerce.Api.Controllers.v1.SecurityController.Post (eCommerce.Api)'
2026-05-15 00:03:22.273 +05:30 [INF] Request finished HTTP/2 POST https://localhost:7274/api/v1/Security/Login - 200 null application/json; charset=utf-8 2910.635ms
2026-05-15 00:03:22.273 +05:30 [INF] Request finished HTTP/2 POST https://localhost:7274/api/v1/Security/Login - 200 null application/json; charset=utf-8 3059.3834ms
2026-05-15 00:03:22.273 +05:30 [INF] Request finished HTTP/2 POST https://localhost:7274/api/v1/Security/Login - 200 null application/json; charset=utf-8 3774.998ms
2026-05-15 00:03:22.273 +05:30 [INF] Request finished HTTP/2 POST https://localhost:7274/api/v1/Security/Login - 200 null application/json; charset=utf-8 2766.0021ms
2026-05-15 00:03:22.273 +05:30 [INF] Request finished HTTP/2 POST https://localhost:7274/api/v1/Security/Login - 200 null application/json; charset=utf-8 2589.3361ms
2026-05-15 00:03:22.273 +05:30 [INF] Request finished HTTP/2 POST https://localhost:7274/api/v1/Security/Login - 200 null application/json; charset=utf-8 8942.7673ms
2026-05-15 00:03:22.273 +05:30 [INF] Request finished HTTP/2 POST https://localhost:7274/api/v1/Security/Login - 200 null application/json; charset=utf-8 2427.2081ms
2026-05-15 00:03:22.273 +05:30 [INF] Request finished HTTP/2 POST https://localhost:7274/api/v1/Security/Login - 200 null application/json; charset=utf-8 3636.2454ms
2026-05-15 00:03:22.273 +05:30 [INF] Request finished HTTP/2 POST https://localhost:7274/api/v1/Security/Login - 200 null application/json; charset=utf-8 5008.9045ms
2026-05-15 00:03:34.720 +05:30 [INF] Request starting HTTP/2 OPTIONS https://localhost:7274/api/v1/Security/Login - null null
2026-05-15 00:03:34.726 +05:30 [INF] CORS policy execution successful.
2026-05-15 00:03:34.726 +05:30 [INF] Request finished HTTP/2 OPTIONS https://localhost:7274/api/v1/Security/Login - 204 null null 7.5613ms
2026-05-15 00:03:34.732 +05:30 [INF] Request starting HTTP/2 POST https://localhost:7274/api/v1/Security/Login - application/json 52
2026-05-15 00:03:34.733 +05:30 [INF] CORS policy execution successful.
2026-05-15 00:03:34.734 +05:30 [INF] Failed to validate the token.
Microsoft.IdentityModel.Tokens.SecurityTokenMalformedException: IDX14100: JWT is not well formed, there are no dots (.).
The token needs to be in JWS or JWE Compact Serialization Format. (JWS): 'EncodedHeader.EncodedPayload.EncodedSignature'. (JWE): 'EncodedProtectedHeader.EncodedEncryptedKey.EncodedInitializationVector.EncodedCiphertext.EncodedAuthenticationTag'.
   at Microsoft.IdentityModel.JsonWebTokens.JsonWebToken.ReadToken(ReadOnlyMemory`1 encodedTokenMemory)
   at Microsoft.IdentityModel.JsonWebTokens.JsonWebToken..ctor(String jwtEncodedString, TryReadJwtClaim tryReadJwtClaim)
   at Microsoft.IdentityModel.JsonWebTokens.JsonWebTokenHandler.ReadToken(String token, TokenValidationParameters validationParameters)
2026-05-15 00:03:34.736 +05:30 [INF] Bearer was not authenticated. Failure message: IDX14100: JWT is not well formed, there are no dots (.).
The token needs to be in JWS or JWE Compact Serialization Format. (JWS): 'EncodedHeader.EncodedPayload.EncodedSignature'. (JWE): 'EncodedProtectedHeader.EncodedEncryptedKey.EncodedInitializationVector.EncodedCiphertext.EncodedAuthenticationTag'.
2026-05-15 00:03:34.737 +05:30 [INF] Executing endpoint 'eCommerce.Api.Controllers.v1.SecurityController.Post (eCommerce.Api)'
2026-05-15 00:03:34.738 +05:30 [INF] Route matched with {action = "Post", controller = "Security"}. Executing controller action with signature System.Threading.Tasks.Task`1[Microsoft.AspNetCore.Mvc.ActionResult`1[eCommerce.Application.VMS.AuthenticationResponseVM]] Post(eCommerce.Application.DTOs.User.UserDto) on controller eCommerce.Api.Controllers.v1.SecurityController (eCommerce.Api).
2026-05-15 00:03:34.803 +05:30 [INF] Executed DbCommand (45ms) [Parameters=[@__email_0='?' (Size = 100)], CommandType='"Text"', CommandTimeout='30']
SELECT [t].[UserId], [t].[Email], [t].[Password], [t0].[RolesRoleId], [t0].[UsersUserId], [t0].[RoleId], [t0].[Description], [t0].[RoleName]
FROM (
    SELECT TOP(1) [u].[UserId], [u].[Email], [u].[Password]
    FROM [Users] AS [u]
    WHERE [u].[Email] = @__email_0
) AS [t]
LEFT JOIN (
    SELECT [r].[RolesRoleId], [r].[UsersUserId], [r0].[RoleId], [r0].[Description], [r0].[RoleName]
    FROM [RoleUser] AS [r]
    INNER JOIN [Roles] AS [r0] ON [r].[RolesRoleId] = [r0].[RoleId]
) AS [t0] ON [t].[UserId] = [t0].[UsersUserId]
ORDER BY [t].[UserId], [t0].[RolesRoleId], [t0].[UsersUserId]
2026-05-15 00:03:35.319 +05:30 [INF] Executing OkObjectResult, writing value of type 'eCommerce.Application.VMS.AuthenticationResponseVM'.
2026-05-15 00:03:35.320 +05:30 [INF] Executed action eCommerce.Api.Controllers.v1.SecurityController.Post (eCommerce.Api) in 581.8451ms
2026-05-15 00:03:35.320 +05:30 [INF] Executed endpoint 'eCommerce.Api.Controllers.v1.SecurityController.Post (eCommerce.Api)'
2026-05-15 00:03:35.321 +05:30 [INF] Request finished HTTP/2 POST https://localhost:7274/api/v1/Security/Login - 200 null application/json; charset=utf-8 590.3802ms
2026-05-15 00:03:41.243 +05:30 [INF] Request starting HTTP/2 OPTIONS https://localhost:7274/api/v1/Security/Login - null null
2026-05-15 00:03:41.247 +05:30 [INF] CORS policy execution successful.
2026-05-15 00:03:41.248 +05:30 [INF] Request finished HTTP/2 OPTIONS https://localhost:7274/api/v1/Security/Login - 204 null null 5.5587ms
2026-05-15 00:03:41.256 +05:30 [INF] Request starting HTTP/2 POST https://localhost:7274/api/v1/Security/Login - application/json 52
2026-05-15 00:03:41.258 +05:30 [INF] CORS policy execution successful.
2026-05-15 00:03:41.259 +05:30 [INF] Failed to validate the token.
Microsoft.IdentityModel.Tokens.SecurityTokenMalformedException: IDX14100: JWT is not well formed, there are no dots (.).
The token needs to be in JWS or JWE Compact Serialization Format. (JWS): 'EncodedHeader.EncodedPayload.EncodedSignature'. (JWE): 'EncodedProtectedHeader.EncodedEncryptedKey.EncodedInitializationVector.EncodedCiphertext.EncodedAuthenticationTag'.
   at Microsoft.IdentityModel.JsonWebTokens.JsonWebToken.ReadToken(ReadOnlyMemory`1 encodedTokenMemory)
   at Microsoft.IdentityModel.JsonWebTokens.JsonWebToken..ctor(String jwtEncodedString, TryReadJwtClaim tryReadJwtClaim)
   at Microsoft.IdentityModel.JsonWebTokens.JsonWebTokenHandler.ReadToken(String token, TokenValidationParameters validationParameters)
2026-05-15 00:03:41.260 +05:30 [INF] Bearer was not authenticated. Failure message: IDX14100: JWT is not well formed, there are no dots (.).
The token needs to be in JWS or JWE Compact Serialization Format. (JWS): 'EncodedHeader.EncodedPayload.EncodedSignature'. (JWE): 'EncodedProtectedHeader.EncodedEncryptedKey.EncodedInitializationVector.EncodedCiphertext.EncodedAuthenticationTag'.
2026-05-15 00:03:41.260 +05:30 [INF] Executing endpoint 'eCommerce.Api.Controllers.v1.SecurityController.Post (eCommerce.Api)'
2026-05-15 00:03:41.261 +05:30 [INF] Route matched with {action = "Post", controller = "Security"}. Executing controller action with signature System.Threading.Tasks.Task`1[Microsoft.AspNetCore.Mvc.ActionResult`1[eCommerce.Application.VMS.AuthenticationResponseVM]] Post(eCommerce.Application.DTOs.User.UserDto) on controller eCommerce.Api.Controllers.v1.SecurityController (eCommerce.Api).
2026-05-15 00:03:41.280 +05:30 [INF] Executed DbCommand (14ms) [Parameters=[@__email_0='?' (Size = 100)], CommandType='"Text"', CommandTimeout='30']
SELECT [t].[UserId], [t].[Email], [t].[Password], [t0].[RolesRoleId], [t0].[UsersUserId], [t0].[RoleId], [t0].[Description], [t0].[RoleName]
FROM (
    SELECT TOP(1) [u].[UserId], [u].[Email], [u].[Password]
    FROM [Users] AS [u]
    WHERE [u].[Email] = @__email_0
) AS [t]
LEFT JOIN (
    SELECT [r].[RolesRoleId], [r].[UsersUserId], [r0].[RoleId], [r0].[Description], [r0].[RoleName]
    FROM [RoleUser] AS [r]
    INNER JOIN [Roles] AS [r0] ON [r].[RolesRoleId] = [r0].[RoleId]
) AS [t0] ON [t].[UserId] = [t0].[UsersUserId]
ORDER BY [t].[UserId], [t0].[RolesRoleId], [t0].[UsersUserId]
2026-05-15 00:03:41.582 +05:30 [INF] Executing OkObjectResult, writing value of type 'eCommerce.Application.VMS.AuthenticationResponseVM'.
2026-05-15 00:03:41.583 +05:30 [INF] Executed action eCommerce.Api.Controllers.v1.SecurityController.Post (eCommerce.Api) in 322.0619ms
2026-05-15 00:03:41.583 +05:30 [INF] Executed endpoint 'eCommerce.Api.Controllers.v1.SecurityController.Post (eCommerce.Api)'
2026-05-15 00:03:41.584 +05:30 [INF] Request finished HTTP/2 POST https://localhost:7274/api/v1/Security/Login - 200 null application/json; charset=utf-8 328.3451ms
2026-05-15 00:03:54.827 +05:30 [INF] Request starting HTTP/2 OPTIONS https://localhost:7274/api/v1/Security/Login - null null
2026-05-15 00:03:54.828 +05:30 [INF] CORS policy execution successful.
2026-05-15 00:03:54.829 +05:30 [INF] Request finished HTTP/2 OPTIONS https://localhost:7274/api/v1/Security/Login - 204 null null 3.1787ms
2026-05-15 00:03:54.836 +05:30 [INF] Request starting HTTP/2 POST https://localhost:7274/api/v1/Security/Login - application/json 52
2026-05-15 00:03:54.838 +05:30 [INF] CORS policy execution successful.
2026-05-15 00:03:54.839 +05:30 [INF] Failed to validate the token.
Microsoft.IdentityModel.Tokens.SecurityTokenMalformedException: IDX14100: JWT is not well formed, there are no dots (.).
The token needs to be in JWS or JWE Compact Serialization Format. (JWS): 'EncodedHeader.EncodedPayload.EncodedSignature'. (JWE): 'EncodedProtectedHeader.EncodedEncryptedKey.EncodedInitializationVector.EncodedCiphertext.EncodedAuthenticationTag'.
   at Microsoft.IdentityModel.JsonWebTokens.JsonWebToken.ReadToken(ReadOnlyMemory`1 encodedTokenMemory)
   at Microsoft.IdentityModel.JsonWebTokens.JsonWebToken..ctor(String jwtEncodedString, TryReadJwtClaim tryReadJwtClaim)
   at Microsoft.IdentityModel.JsonWebTokens.JsonWebTokenHandler.ReadToken(String token, TokenValidationParameters validationParameters)
2026-05-15 00:03:54.840 +05:30 [INF] Bearer was not authenticated. Failure message: IDX14100: JWT is not well formed, there are no dots (.).
The token needs to be in JWS or JWE Compact Serialization Format. (JWS): 'EncodedHeader.EncodedPayload.EncodedSignature'. (JWE): 'EncodedProtectedHeader.EncodedEncryptedKey.EncodedInitializationVector.EncodedCiphertext.EncodedAuthenticationTag'.
2026-05-15 00:03:54.840 +05:30 [INF] Executing endpoint 'eCommerce.Api.Controllers.v1.SecurityController.Post (eCommerce.Api)'
2026-05-15 00:03:54.840 +05:30 [INF] Route matched with {action = "Post", controller = "Security"}. Executing controller action with signature System.Threading.Tasks.Task`1[Microsoft.AspNetCore.Mvc.ActionResult`1[eCommerce.Application.VMS.AuthenticationResponseVM]] Post(eCommerce.Application.DTOs.User.UserDto) on controller eCommerce.Api.Controllers.v1.SecurityController (eCommerce.Api).
2026-05-15 00:03:54.861 +05:30 [INF] Executed DbCommand (15ms) [Parameters=[@__email_0='?' (Size = 100)], CommandType='"Text"', CommandTimeout='30']
SELECT [t].[UserId], [t].[Email], [t].[Password], [t0].[RolesRoleId], [t0].[UsersUserId], [t0].[RoleId], [t0].[Description], [t0].[RoleName]
FROM (
    SELECT TOP(1) [u].[UserId], [u].[Email], [u].[Password]
    FROM [Users] AS [u]
    WHERE [u].[Email] = @__email_0
) AS [t]
LEFT JOIN (
    SELECT [r].[RolesRoleId], [r].[UsersUserId], [r0].[RoleId], [r0].[Description], [r0].[RoleName]
    FROM [RoleUser] AS [r]
    INNER JOIN [Roles] AS [r0] ON [r].[RolesRoleId] = [r0].[RoleId]
) AS [t0] ON [t].[UserId] = [t0].[UsersUserId]
ORDER BY [t].[UserId], [t0].[RolesRoleId], [t0].[UsersUserId]
2026-05-15 00:03:54.999 +05:30 [INF] Request starting HTTP/2 POST https://localhost:7274/api/v1/Security/Login - application/json 52
2026-05-15 00:03:55.001 +05:30 [INF] CORS policy execution successful.
2026-05-15 00:03:55.001 +05:30 [INF] Failed to validate the token.
Microsoft.IdentityModel.Tokens.SecurityTokenMalformedException: IDX14100: JWT is not well formed, there are no dots (.).
The token needs to be in JWS or JWE Compact Serialization Format. (JWS): 'EncodedHeader.EncodedPayload.EncodedSignature'. (JWE): 'EncodedProtectedHeader.EncodedEncryptedKey.EncodedInitializationVector.EncodedCiphertext.EncodedAuthenticationTag'.
   at Microsoft.IdentityModel.JsonWebTokens.JsonWebToken.ReadToken(ReadOnlyMemory`1 encodedTokenMemory)
   at Microsoft.IdentityModel.JsonWebTokens.JsonWebToken..ctor(String jwtEncodedString, TryReadJwtClaim tryReadJwtClaim)
   at Microsoft.IdentityModel.JsonWebTokens.JsonWebTokenHandler.ReadToken(String token, TokenValidationParameters validationParameters)
2026-05-15 00:03:55.002 +05:30 [INF] Bearer was not authenticated. Failure message: IDX14100: JWT is not well formed, there are no dots (.).
The token needs to be in JWS or JWE Compact Serialization Format. (JWS): 'EncodedHeader.EncodedPayload.EncodedSignature'. (JWE): 'EncodedProtectedHeader.EncodedEncryptedKey.EncodedInitializationVector.EncodedCiphertext.EncodedAuthenticationTag'.
2026-05-15 00:03:55.002 +05:30 [INF] Executing endpoint 'eCommerce.Api.Controllers.v1.SecurityController.Post (eCommerce.Api)'
2026-05-15 00:03:55.002 +05:30 [INF] Route matched with {action = "Post", controller = "Security"}. Executing controller action with signature System.Threading.Tasks.Task`1[Microsoft.AspNetCore.Mvc.ActionResult`1[eCommerce.Application.VMS.AuthenticationResponseVM]] Post(eCommerce.Application.DTOs.User.UserDto) on controller eCommerce.Api.Controllers.v1.SecurityController (eCommerce.Api).
2026-05-15 00:03:55.009 +05:30 [INF] Executed DbCommand (4ms) [Parameters=[@__email_0='?' (Size = 100)], CommandType='"Text"', CommandTimeout='30']
SELECT [t].[UserId], [t].[Email], [t].[Password], [t0].[RolesRoleId], [t0].[UsersUserId], [t0].[RoleId], [t0].[Description], [t0].[RoleName]
FROM (
    SELECT TOP(1) [u].[UserId], [u].[Email], [u].[Password]
    FROM [Users] AS [u]
    WHERE [u].[Email] = @__email_0
) AS [t]
LEFT JOIN (
    SELECT [r].[RolesRoleId], [r].[UsersUserId], [r0].[RoleId], [r0].[Description], [r0].[RoleName]
    FROM [RoleUser] AS [r]
    INNER JOIN [Roles] AS [r0] ON [r].[RolesRoleId] = [r0].[RoleId]
) AS [t0] ON [t].[UserId] = [t0].[UsersUserId]
ORDER BY [t].[UserId], [t0].[RolesRoleId], [t0].[UsersUserId]
2026-05-15 00:03:55.150 +05:30 [INF] Executing OkObjectResult, writing value of type 'eCommerce.Application.VMS.AuthenticationResponseVM'.
2026-05-15 00:03:55.151 +05:30 [INF] Executed action eCommerce.Api.Controllers.v1.SecurityController.Post (eCommerce.Api) in 310.5408ms
2026-05-15 00:03:55.151 +05:30 [INF] Executed endpoint 'eCommerce.Api.Controllers.v1.SecurityController.Post (eCommerce.Api)'
2026-05-15 00:03:55.154 +05:30 [INF] Request finished HTTP/2 POST https://localhost:7274/api/v1/Security/Login - 200 null application/json; charset=utf-8 320.1118ms
2026-05-15 00:03:55.204 +05:30 [INF] Request starting HTTP/2 POST https://localhost:7274/api/v1/Security/Login - application/json 52
2026-05-15 00:03:55.206 +05:30 [INF] CORS policy execution successful.
2026-05-15 00:03:55.207 +05:30 [INF] Failed to validate the token.
Microsoft.IdentityModel.Tokens.SecurityTokenMalformedException: IDX14100: JWT is not well formed, there are no dots (.).
The token needs to be in JWS or JWE Compact Serialization Format. (JWS): 'EncodedHeader.EncodedPayload.EncodedSignature'. (JWE): 'EncodedProtectedHeader.EncodedEncryptedKey.EncodedInitializationVector.EncodedCiphertext.EncodedAuthenticationTag'.
   at Microsoft.IdentityModel.JsonWebTokens.JsonWebToken.ReadToken(ReadOnlyMemory`1 encodedTokenMemory)
   at Microsoft.IdentityModel.JsonWebTokens.JsonWebToken..ctor(String jwtEncodedString, TryReadJwtClaim tryReadJwtClaim)
   at Microsoft.IdentityModel.JsonWebTokens.JsonWebTokenHandler.ReadToken(String token, TokenValidationParameters validationParameters)
2026-05-15 00:03:55.207 +05:30 [INF] Bearer was not authenticated. Failure message: IDX14100: JWT is not well formed, there are no dots (.).
The token needs to be in JWS or JWE Compact Serialization Format. (JWS): 'EncodedHeader.EncodedPayload.EncodedSignature'. (JWE): 'EncodedProtectedHeader.EncodedEncryptedKey.EncodedInitializationVector.EncodedCiphertext.EncodedAuthenticationTag'.
2026-05-15 00:03:55.207 +05:30 [INF] Executing endpoint 'eCommerce.Api.Controllers.v1.SecurityController.Post (eCommerce.Api)'
2026-05-15 00:03:55.207 +05:30 [INF] Route matched with {action = "Post", controller = "Security"}. Executing controller action with signature System.Threading.Tasks.Task`1[Microsoft.AspNetCore.Mvc.ActionResult`1[eCommerce.Application.VMS.AuthenticationResponseVM]] Post(eCommerce.Application.DTOs.User.UserDto) on controller eCommerce.Api.Controllers.v1.SecurityController (eCommerce.Api).
2026-05-15 00:03:55.222 +05:30 [INF] Executed DbCommand (10ms) [Parameters=[@__email_0='?' (Size = 100)], CommandType='"Text"', CommandTimeout='30']
SELECT [t].[UserId], [t].[Email], [t].[Password], [t0].[RolesRoleId], [t0].[UsersUserId], [t0].[RoleId], [t0].[Description], [t0].[RoleName]
FROM (
    SELECT TOP(1) [u].[UserId], [u].[Email], [u].[Password]
    FROM [Users] AS [u]
    WHERE [u].[Email] = @__email_0
) AS [t]
LEFT JOIN (
    SELECT [r].[RolesRoleId], [r].[UsersUserId], [r0].[RoleId], [r0].[Description], [r0].[RoleName]
    FROM [RoleUser] AS [r]
    INNER JOIN [Roles] AS [r0] ON [r].[RolesRoleId] = [r0].[RoleId]
) AS [t0] ON [t].[UserId] = [t0].[UsersUserId]
ORDER BY [t].[UserId], [t0].[RolesRoleId], [t0].[UsersUserId]
2026-05-15 00:03:55.317 +05:30 [INF] Executing OkObjectResult, writing value of type 'eCommerce.Application.VMS.AuthenticationResponseVM'.
2026-05-15 00:03:55.320 +05:30 [INF] Executed action eCommerce.Api.Controllers.v1.SecurityController.Post (eCommerce.Api) in 317.5894ms
2026-05-15 00:03:55.320 +05:30 [INF] Executed endpoint 'eCommerce.Api.Controllers.v1.SecurityController.Post (eCommerce.Api)'
2026-05-15 00:03:55.321 +05:30 [INF] Request finished HTTP/2 POST https://localhost:7274/api/v1/Security/Login - 200 null application/json; charset=utf-8 322.5436ms
2026-05-15 00:03:55.535 +05:30 [INF] Executing OkObjectResult, writing value of type 'eCommerce.Application.VMS.AuthenticationResponseVM'.
2026-05-15 00:03:55.536 +05:30 [INF] Executed action eCommerce.Api.Controllers.v1.SecurityController.Post (eCommerce.Api) in 329.0775ms
2026-05-15 00:03:55.537 +05:30 [INF] Executed endpoint 'eCommerce.Api.Controllers.v1.SecurityController.Post (eCommerce.Api)'
2026-05-15 00:03:55.537 +05:30 [INF] Request finished HTTP/2 POST https://localhost:7274/api/v1/Security/Login - 200 null application/json; charset=utf-8 334.0119ms
2026-05-15 00:03:58.495 +05:30 [INF] Request starting HTTP/2 POST https://localhost:7274/api/v1/Security/Login - application/json 52
2026-05-15 00:03:58.500 +05:30 [INF] CORS policy execution successful.
2026-05-15 00:03:58.502 +05:30 [INF] Failed to validate the token.
Microsoft.IdentityModel.Tokens.SecurityTokenMalformedException: IDX14100: JWT is not well formed, there are no dots (.).
The token needs to be in JWS or JWE Compact Serialization Format. (JWS): 'EncodedHeader.EncodedPayload.EncodedSignature'. (JWE): 'EncodedProtectedHeader.EncodedEncryptedKey.EncodedInitializationVector.EncodedCiphertext.EncodedAuthenticationTag'.
   at Microsoft.IdentityModel.JsonWebTokens.JsonWebToken.ReadToken(ReadOnlyMemory`1 encodedTokenMemory)
   at Microsoft.IdentityModel.JsonWebTokens.JsonWebToken..ctor(String jwtEncodedString, TryReadJwtClaim tryReadJwtClaim)
   at Microsoft.IdentityModel.JsonWebTokens.JsonWebTokenHandler.ReadToken(String token, TokenValidationParameters validationParameters)
2026-05-15 00:03:58.503 +05:30 [INF] Bearer was not authenticated. Failure message: IDX14100: JWT is not well formed, there are no dots (.).
The token needs to be in JWS or JWE Compact Serialization Format. (JWS): 'EncodedHeader.EncodedPayload.EncodedSignature'. (JWE): 'EncodedProtectedHeader.EncodedEncryptedKey.EncodedInitializationVector.EncodedCiphertext.EncodedAuthenticationTag'.
2026-05-15 00:03:58.503 +05:30 [INF] Executing endpoint 'eCommerce.Api.Controllers.v1.SecurityController.Post (eCommerce.Api)'
2026-05-15 00:03:58.504 +05:30 [INF] Route matched with {action = "Post", controller = "Security"}. Executing controller action with signature System.Threading.Tasks.Task`1[Microsoft.AspNetCore.Mvc.ActionResult`1[eCommerce.Application.VMS.AuthenticationResponseVM]] Post(eCommerce.Application.DTOs.User.UserDto) on controller eCommerce.Api.Controllers.v1.SecurityController (eCommerce.Api).
2026-05-15 00:03:58.538 +05:30 [INF] Executed DbCommand (29ms) [Parameters=[@__email_0='?' (Size = 100)], CommandType='"Text"', CommandTimeout='30']
SELECT [t].[UserId], [t].[Email], [t].[Password], [t0].[RolesRoleId], [t0].[UsersUserId], [t0].[RoleId], [t0].[Description], [t0].[RoleName]
FROM (
    SELECT TOP(1) [u].[UserId], [u].[Email], [u].[Password]
    FROM [Users] AS [u]
    WHERE [u].[Email] = @__email_0
) AS [t]
LEFT JOIN (
    SELECT [r].[RolesRoleId], [r].[UsersUserId], [r0].[RoleId], [r0].[Description], [r0].[RoleName]
    FROM [RoleUser] AS [r]
    INNER JOIN [Roles] AS [r0] ON [r].[RolesRoleId] = [r0].[RoleId]
) AS [t0] ON [t].[UserId] = [t0].[UsersUserId]
ORDER BY [t].[UserId], [t0].[RolesRoleId], [t0].[UsersUserId]
2026-05-15 00:03:58.675 +05:30 [INF] Request starting HTTP/2 POST https://localhost:7274/api/v1/Security/Login - application/json 52
2026-05-15 00:03:58.676 +05:30 [INF] CORS policy execution successful.
2026-05-15 00:03:58.677 +05:30 [INF] Failed to validate the token.
Microsoft.IdentityModel.Tokens.SecurityTokenMalformedException: IDX14100: JWT is not well formed, there are no dots (.).
The token needs to be in JWS or JWE Compact Serialization Format. (JWS): 'EncodedHeader.EncodedPayload.EncodedSignature'. (JWE): 'EncodedProtectedHeader.EncodedEncryptedKey.EncodedInitializationVector.EncodedCiphertext.EncodedAuthenticationTag'.
   at Microsoft.IdentityModel.JsonWebTokens.JsonWebToken.ReadToken(ReadOnlyMemory`1 encodedTokenMemory)
   at Microsoft.IdentityModel.JsonWebTokens.JsonWebToken..ctor(String jwtEncodedString, TryReadJwtClaim tryReadJwtClaim)
   at Microsoft.IdentityModel.JsonWebTokens.JsonWebTokenHandler.ReadToken(String token, TokenValidationParameters validationParameters)
2026-05-15 00:03:58.677 +05:30 [INF] Bearer was not authenticated. Failure message: IDX14100: JWT is not well formed, there are no dots (.).
The token needs to be in JWS or JWE Compact Serialization Format. (JWS): 'EncodedHeader.EncodedPayload.EncodedSignature'. (JWE): 'EncodedProtectedHeader.EncodedEncryptedKey.EncodedInitializationVector.EncodedCiphertext.EncodedAuthenticationTag'.
2026-05-15 00:03:58.677 +05:30 [INF] Executing endpoint 'eCommerce.Api.Controllers.v1.SecurityController.Post (eCommerce.Api)'
2026-05-15 00:03:58.678 +05:30 [INF] Route matched with {action = "Post", controller = "Security"}. Executing controller action with signature System.Threading.Tasks.Task`1[Microsoft.AspNetCore.Mvc.ActionResult`1[eCommerce.Application.VMS.AuthenticationResponseVM]] Post(eCommerce.Application.DTOs.User.UserDto) on controller eCommerce.Api.Controllers.v1.SecurityController (eCommerce.Api).
2026-05-15 00:03:58.699 +05:30 [INF] Executed DbCommand (13ms) [Parameters=[@__email_0='?' (Size = 100)], CommandType='"Text"', CommandTimeout='30']
SELECT [t].[UserId], [t].[Email], [t].[Password], [t0].[RolesRoleId], [t0].[UsersUserId], [t0].[RoleId], [t0].[Description], [t0].[RoleName]
FROM (
    SELECT TOP(1) [u].[UserId], [u].[Email], [u].[Password]
    FROM [Users] AS [u]
    WHERE [u].[Email] = @__email_0
) AS [t]
LEFT JOIN (
    SELECT [r].[RolesRoleId], [r].[UsersUserId], [r0].[RoleId], [r0].[Description], [r0].[RoleName]
    FROM [RoleUser] AS [r]
    INNER JOIN [Roles] AS [r0] ON [r].[RolesRoleId] = [r0].[RoleId]
) AS [t0] ON [t].[UserId] = [t0].[UsersUserId]
ORDER BY [t].[UserId], [t0].[RolesRoleId], [t0].[UsersUserId]
2026-05-15 00:03:58.804 +05:30 [INF] Request starting HTTP/2 POST https://localhost:7274/api/v1/Security/Login - application/json 52
2026-05-15 00:03:58.805 +05:30 [INF] CORS policy execution successful.
2026-05-15 00:03:58.806 +05:30 [INF] Failed to validate the token.
Microsoft.IdentityModel.Tokens.SecurityTokenMalformedException: IDX14100: JWT is not well formed, there are no dots (.).
The token needs to be in JWS or JWE Compact Serialization Format. (JWS): 'EncodedHeader.EncodedPayload.EncodedSignature'. (JWE): 'EncodedProtectedHeader.EncodedEncryptedKey.EncodedInitializationVector.EncodedCiphertext.EncodedAuthenticationTag'.
   at Microsoft.IdentityModel.JsonWebTokens.JsonWebToken.ReadToken(ReadOnlyMemory`1 encodedTokenMemory)
   at Microsoft.IdentityModel.JsonWebTokens.JsonWebToken..ctor(String jwtEncodedString, TryReadJwtClaim tryReadJwtClaim)
   at Microsoft.IdentityModel.JsonWebTokens.JsonWebTokenHandler.ReadToken(String token, TokenValidationParameters validationParameters)
2026-05-15 00:03:58.806 +05:30 [INF] Bearer was not authenticated. Failure message: IDX14100: JWT is not well formed, there are no dots (.).
The token needs to be in JWS or JWE Compact Serialization Format. (JWS): 'EncodedHeader.EncodedPayload.EncodedSignature'. (JWE): 'EncodedProtectedHeader.EncodedEncryptedKey.EncodedInitializationVector.EncodedCiphertext.EncodedAuthenticationTag'.
2026-05-15 00:03:58.806 +05:30 [INF] Executing endpoint 'eCommerce.Api.Controllers.v1.SecurityController.Post (eCommerce.Api)'
2026-05-15 00:03:58.807 +05:30 [INF] Route matched with {action = "Post", controller = "Security"}. Executing controller action with signature System.Threading.Tasks.Task`1[Microsoft.AspNetCore.Mvc.ActionResult`1[eCommerce.Application.VMS.AuthenticationResponseVM]] Post(eCommerce.Application.DTOs.User.UserDto) on controller eCommerce.Api.Controllers.v1.SecurityController (eCommerce.Api).
2026-05-15 00:03:58.816 +05:30 [INF] Executed DbCommand (4ms) [Parameters=[@__email_0='?' (Size = 100)], CommandType='"Text"', CommandTimeout='30']
SELECT [t].[UserId], [t].[Email], [t].[Password], [t0].[RolesRoleId], [t0].[UsersUserId], [t0].[RoleId], [t0].[Description], [t0].[RoleName]
FROM (
    SELECT TOP(1) [u].[UserId], [u].[Email], [u].[Password]
    FROM [Users] AS [u]
    WHERE [u].[Email] = @__email_0
) AS [t]
LEFT JOIN (
    SELECT [r].[RolesRoleId], [r].[UsersUserId], [r0].[RoleId], [r0].[Description], [r0].[RoleName]
    FROM [RoleUser] AS [r]
    INNER JOIN [Roles] AS [r0] ON [r].[RolesRoleId] = [r0].[RoleId]
) AS [t0] ON [t].[UserId] = [t0].[UsersUserId]
ORDER BY [t].[UserId], [t0].[RolesRoleId], [t0].[UsersUserId]
2026-05-15 00:03:58.904 +05:30 [INF] Executing OkObjectResult, writing value of type 'eCommerce.Application.VMS.AuthenticationResponseVM'.
2026-05-15 00:03:58.907 +05:30 [INF] Executed action eCommerce.Api.Controllers.v1.SecurityController.Post (eCommerce.Api) in 402.8231ms
2026-05-15 00:03:58.907 +05:30 [INF] Executed endpoint 'eCommerce.Api.Controllers.v1.SecurityController.Post (eCommerce.Api)'
2026-05-15 00:03:58.908 +05:30 [INF] Request finished HTTP/2 POST https://localhost:7274/api/v1/Security/Login - 200 null application/json; charset=utf-8 413.9303ms
2026-05-15 00:03:59.086 +05:30 [INF] Executing OkObjectResult, writing value of type 'eCommerce.Application.VMS.AuthenticationResponseVM'.
2026-05-15 00:03:59.087 +05:30 [INF] Executed action eCommerce.Api.Controllers.v1.SecurityController.Post (eCommerce.Api) in 408.8124ms
2026-05-15 00:03:59.088 +05:30 [INF] Executed endpoint 'eCommerce.Api.Controllers.v1.SecurityController.Post (eCommerce.Api)'
2026-05-15 00:03:59.088 +05:30 [INF] Request finished HTTP/2 POST https://localhost:7274/api/v1/Security/Login - 200 null application/json; charset=utf-8 413.4555ms
2026-05-15 00:03:59.186 +05:30 [INF] Executing OkObjectResult, writing value of type 'eCommerce.Application.VMS.AuthenticationResponseVM'.
2026-05-15 00:03:59.187 +05:30 [INF] Executed action eCommerce.Api.Controllers.v1.SecurityController.Post (eCommerce.Api) in 379.2979ms
2026-05-15 00:03:59.187 +05:30 [INF] Executed endpoint 'eCommerce.Api.Controllers.v1.SecurityController.Post (eCommerce.Api)'
2026-05-15 00:03:59.188 +05:30 [INF] Request finished HTTP/2 POST https://localhost:7274/api/v1/Security/Login - 200 null application/json; charset=utf-8 383.4763ms
2026-05-15 00:05:07.299 +05:30 [INF] Request starting HTTP/2 OPTIONS https://localhost:7274/api/v1/Security/Login - null null
2026-05-15 00:05:07.305 +05:30 [INF] CORS policy execution successful.
2026-05-15 00:05:07.307 +05:30 [INF] Request finished HTTP/2 OPTIONS https://localhost:7274/api/v1/Security/Login - 204 null null 46.1918ms
2026-05-15 00:05:07.321 +05:30 [INF] Request starting HTTP/2 POST https://localhost:7274/api/v1/Security/Login - application/json 52
2026-05-15 00:05:07.329 +05:30 [INF] CORS policy execution successful.
2026-05-15 00:05:07.332 +05:30 [INF] Failed to validate the token.
Microsoft.IdentityModel.Tokens.SecurityTokenMalformedException: IDX14100: JWT is not well formed, there are no dots (.).
The token needs to be in JWS or JWE Compact Serialization Format. (JWS): 'EncodedHeader.EncodedPayload.EncodedSignature'. (JWE): 'EncodedProtectedHeader.EncodedEncryptedKey.EncodedInitializationVector.EncodedCiphertext.EncodedAuthenticationTag'.
   at Microsoft.IdentityModel.JsonWebTokens.JsonWebToken.ReadToken(ReadOnlyMemory`1 encodedTokenMemory)
   at Microsoft.IdentityModel.JsonWebTokens.JsonWebToken..ctor(String jwtEncodedString, TryReadJwtClaim tryReadJwtClaim)
   at Microsoft.IdentityModel.JsonWebTokens.JsonWebTokenHandler.ReadToken(String token, TokenValidationParameters validationParameters)
2026-05-15 00:05:07.333 +05:30 [INF] Bearer was not authenticated. Failure message: IDX14100: JWT is not well formed, there are no dots (.).
The token needs to be in JWS or JWE Compact Serialization Format. (JWS): 'EncodedHeader.EncodedPayload.EncodedSignature'. (JWE): 'EncodedProtectedHeader.EncodedEncryptedKey.EncodedInitializationVector.EncodedCiphertext.EncodedAuthenticationTag'.
2026-05-15 00:05:07.334 +05:30 [INF] Executing endpoint 'eCommerce.Api.Controllers.v1.SecurityController.Post (eCommerce.Api)'
2026-05-15 00:05:07.335 +05:30 [INF] Route matched with {action = "Post", controller = "Security"}. Executing controller action with signature System.Threading.Tasks.Task`1[Microsoft.AspNetCore.Mvc.ActionResult`1[eCommerce.Application.VMS.AuthenticationResponseVM]] Post(eCommerce.Application.DTOs.User.UserDto) on controller eCommerce.Api.Controllers.v1.SecurityController (eCommerce.Api).
2026-05-15 00:05:07.378 +05:30 [INF] Executed DbCommand (24ms) [Parameters=[@__email_0='?' (Size = 100)], CommandType='"Text"', CommandTimeout='30']
SELECT [t].[UserId], [t].[Email], [t].[Password], [t0].[RolesRoleId], [t0].[UsersUserId], [t0].[RoleId], [t0].[Description], [t0].[RoleName]
FROM (
    SELECT TOP(1) [u].[UserId], [u].[Email], [u].[Password]
    FROM [Users] AS [u]
    WHERE [u].[Email] = @__email_0
) AS [t]
LEFT JOIN (
    SELECT [r].[RolesRoleId], [r].[UsersUserId], [r0].[RoleId], [r0].[Description], [r0].[RoleName]
    FROM [RoleUser] AS [r]
    INNER JOIN [Roles] AS [r0] ON [r].[RolesRoleId] = [r0].[RoleId]
) AS [t0] ON [t].[UserId] = [t0].[UsersUserId]
ORDER BY [t].[UserId], [t0].[RolesRoleId], [t0].[UsersUserId]
2026-05-15 00:05:07.719 +05:30 [INF] Executing OkObjectResult, writing value of type 'eCommerce.Application.VMS.AuthenticationResponseVM'.
2026-05-15 00:05:07.720 +05:30 [INF] Executed action eCommerce.Api.Controllers.v1.SecurityController.Post (eCommerce.Api) in 384.586ms
2026-05-15 00:05:07.720 +05:30 [INF] Executed endpoint 'eCommerce.Api.Controllers.v1.SecurityController.Post (eCommerce.Api)'
2026-05-15 00:05:07.721 +05:30 [INF] Request finished HTTP/2 POST https://localhost:7274/api/v1/Security/Login - 200 null application/json; charset=utf-8 399.5807ms
2026-05-15 00:05:08.345 +05:30 [INF] Request starting HTTP/2 POST https://localhost:7274/api/v1/Security/Login - application/json 52
2026-05-15 00:05:08.347 +05:30 [INF] CORS policy execution successful.
2026-05-15 00:05:08.348 +05:30 [INF] Failed to validate the token.
Microsoft.IdentityModel.Tokens.SecurityTokenMalformedException: IDX14100: JWT is not well formed, there are no dots (.).
The token needs to be in JWS or JWE Compact Serialization Format. (JWS): 'EncodedHeader.EncodedPayload.EncodedSignature'. (JWE): 'EncodedProtectedHeader.EncodedEncryptedKey.EncodedInitializationVector.EncodedCiphertext.EncodedAuthenticationTag'.
   at Microsoft.IdentityModel.JsonWebTokens.JsonWebToken.ReadToken(ReadOnlyMemory`1 encodedTokenMemory)
   at Microsoft.IdentityModel.JsonWebTokens.JsonWebToken..ctor(String jwtEncodedString, TryReadJwtClaim tryReadJwtClaim)
   at Microsoft.IdentityModel.JsonWebTokens.JsonWebTokenHandler.ReadToken(String token, TokenValidationParameters validationParameters)
2026-05-15 00:05:08.349 +05:30 [INF] Bearer was not authenticated. Failure message: IDX14100: JWT is not well formed, there are no dots (.).
The token needs to be in JWS or JWE Compact Serialization Format. (JWS): 'EncodedHeader.EncodedPayload.EncodedSignature'. (JWE): 'EncodedProtectedHeader.EncodedEncryptedKey.EncodedInitializationVector.EncodedCiphertext.EncodedAuthenticationTag'.
2026-05-15 00:05:08.349 +05:30 [INF] Executing endpoint 'eCommerce.Api.Controllers.v1.SecurityController.Post (eCommerce.Api)'
2026-05-15 00:05:08.350 +05:30 [INF] Route matched with {action = "Post", controller = "Security"}. Executing controller action with signature System.Threading.Tasks.Task`1[Microsoft.AspNetCore.Mvc.ActionResult`1[eCommerce.Application.VMS.AuthenticationResponseVM]] Post(eCommerce.Application.DTOs.User.UserDto) on controller eCommerce.Api.Controllers.v1.SecurityController (eCommerce.Api).
2026-05-15 00:05:08.372 +05:30 [INF] Executed DbCommand (17ms) [Parameters=[@__email_0='?' (Size = 100)], CommandType='"Text"', CommandTimeout='30']
SELECT [t].[UserId], [t].[Email], [t].[Password], [t0].[RolesRoleId], [t0].[UsersUserId], [t0].[RoleId], [t0].[Description], [t0].[RoleName]
FROM (
    SELECT TOP(1) [u].[UserId], [u].[Email], [u].[Password]
    FROM [Users] AS [u]
    WHERE [u].[Email] = @__email_0
) AS [t]
LEFT JOIN (
    SELECT [r].[RolesRoleId], [r].[UsersUserId], [r0].[RoleId], [r0].[Description], [r0].[RoleName]
    FROM [RoleUser] AS [r]
    INNER JOIN [Roles] AS [r0] ON [r].[RolesRoleId] = [r0].[RoleId]
) AS [t0] ON [t].[UserId] = [t0].[UsersUserId]
ORDER BY [t].[UserId], [t0].[RolesRoleId], [t0].[UsersUserId]
2026-05-15 00:05:08.488 +05:30 [INF] Request starting HTTP/2 POST https://localhost:7274/api/v1/Security/Login - application/json 52
2026-05-15 00:05:08.490 +05:30 [INF] CORS policy execution successful.
2026-05-15 00:05:08.492 +05:30 [INF] Failed to validate the token.
Microsoft.IdentityModel.Tokens.SecurityTokenMalformedException: IDX14100: JWT is not well formed, there are no dots (.).
The token needs to be in JWS or JWE Compact Serialization Format. (JWS): 'EncodedHeader.EncodedPayload.EncodedSignature'. (JWE): 'EncodedProtectedHeader.EncodedEncryptedKey.EncodedInitializationVector.EncodedCiphertext.EncodedAuthenticationTag'.
   at Microsoft.IdentityModel.JsonWebTokens.JsonWebToken.ReadToken(ReadOnlyMemory`1 encodedTokenMemory)
   at Microsoft.IdentityModel.JsonWebTokens.JsonWebToken..ctor(String jwtEncodedString, TryReadJwtClaim tryReadJwtClaim)
   at Microsoft.IdentityModel.JsonWebTokens.JsonWebTokenHandler.ReadToken(String token, TokenValidationParameters validationParameters)
2026-05-15 00:05:08.492 +05:30 [INF] Bearer was not authenticated. Failure message: IDX14100: JWT is not well formed, there are no dots (.).
The token needs to be in JWS or JWE Compact Serialization Format. (JWS): 'EncodedHeader.EncodedPayload.EncodedSignature'. (JWE): 'EncodedProtectedHeader.EncodedEncryptedKey.EncodedInitializationVector.EncodedCiphertext.EncodedAuthenticationTag'.
2026-05-15 00:05:08.492 +05:30 [INF] Executing endpoint 'eCommerce.Api.Controllers.v1.SecurityController.Post (eCommerce.Api)'
2026-05-15 00:05:08.493 +05:30 [INF] Route matched with {action = "Post", controller = "Security"}. Executing controller action with signature System.Threading.Tasks.Task`1[Microsoft.AspNetCore.Mvc.ActionResult`1[eCommerce.Application.VMS.AuthenticationResponseVM]] Post(eCommerce.Application.DTOs.User.UserDto) on controller eCommerce.Api.Controllers.v1.SecurityController (eCommerce.Api).
2026-05-15 00:05:08.507 +05:30 [INF] Executed DbCommand (10ms) [Parameters=[@__email_0='?' (Size = 100)], CommandType='"Text"', CommandTimeout='30']
SELECT [t].[UserId], [t].[Email], [t].[Password], [t0].[RolesRoleId], [t0].[UsersUserId], [t0].[RoleId], [t0].[Description], [t0].[RoleName]
FROM (
    SELECT TOP(1) [u].[UserId], [u].[Email], [u].[Password]
    FROM [Users] AS [u]
    WHERE [u].[Email] = @__email_0
) AS [t]
LEFT JOIN (
    SELECT [r].[RolesRoleId], [r].[UsersUserId], [r0].[RoleId], [r0].[Description], [r0].[RoleName]
    FROM [RoleUser] AS [r]
    INNER JOIN [Roles] AS [r0] ON [r].[RolesRoleId] = [r0].[RoleId]
) AS [t0] ON [t].[UserId] = [t0].[UsersUserId]
ORDER BY [t].[UserId], [t0].[RolesRoleId], [t0].[UsersUserId]
2026-05-15 00:05:08.631 +05:30 [INF] Request starting HTTP/2 POST https://localhost:7274/api/v1/Security/Login - application/json 52
2026-05-15 00:05:08.642 +05:30 [INF] CORS policy execution successful.
2026-05-15 00:05:08.648 +05:30 [INF] Failed to validate the token.
Microsoft.IdentityModel.Tokens.SecurityTokenMalformedException: IDX14100: JWT is not well formed, there are no dots (.).
The token needs to be in JWS or JWE Compact Serialization Format. (JWS): 'EncodedHeader.EncodedPayload.EncodedSignature'. (JWE): 'EncodedProtectedHeader.EncodedEncryptedKey.EncodedInitializationVector.EncodedCiphertext.EncodedAuthenticationTag'.
   at Microsoft.IdentityModel.JsonWebTokens.JsonWebToken.ReadToken(ReadOnlyMemory`1 encodedTokenMemory)
   at Microsoft.IdentityModel.JsonWebTokens.JsonWebToken..ctor(String jwtEncodedString, TryReadJwtClaim tryReadJwtClaim)
   at Microsoft.IdentityModel.JsonWebTokens.JsonWebTokenHandler.ReadToken(String token, TokenValidationParameters validationParameters)
2026-05-15 00:05:08.648 +05:30 [INF] Bearer was not authenticated. Failure message: IDX14100: JWT is not well formed, there are no dots (.).
The token needs to be in JWS or JWE Compact Serialization Format. (JWS): 'EncodedHeader.EncodedPayload.EncodedSignature'. (JWE): 'EncodedProtectedHeader.EncodedEncryptedKey.EncodedInitializationVector.EncodedCiphertext.EncodedAuthenticationTag'.
2026-05-15 00:05:08.649 +05:30 [INF] Executing endpoint 'eCommerce.Api.Controllers.v1.SecurityController.Post (eCommerce.Api)'
2026-05-15 00:05:08.649 +05:30 [INF] Route matched with {action = "Post", controller = "Security"}. Executing controller action with signature System.Threading.Tasks.Task`1[Microsoft.AspNetCore.Mvc.ActionResult`1[eCommerce.Application.VMS.AuthenticationResponseVM]] Post(eCommerce.Application.DTOs.User.UserDto) on controller eCommerce.Api.Controllers.v1.SecurityController (eCommerce.Api).
2026-05-15 00:05:08.665 +05:30 [INF] Executed DbCommand (13ms) [Parameters=[@__email_0='?' (Size = 100)], CommandType='"Text"', CommandTimeout='30']
SELECT [t].[UserId], [t].[Email], [t].[Password], [t0].[RolesRoleId], [t0].[UsersUserId], [t0].[RoleId], [t0].[Description], [t0].[RoleName]
FROM (
    SELECT TOP(1) [u].[UserId], [u].[Email], [u].[Password]
    FROM [Users] AS [u]
    WHERE [u].[Email] = @__email_0
) AS [t]
LEFT JOIN (
    SELECT [r].[RolesRoleId], [r].[UsersUserId], [r0].[RoleId], [r0].[Description], [r0].[RoleName]
    FROM [RoleUser] AS [r]
    INNER JOIN [Roles] AS [r0] ON [r].[RolesRoleId] = [r0].[RoleId]
) AS [t0] ON [t].[UserId] = [t0].[UsersUserId]
ORDER BY [t].[UserId], [t0].[RolesRoleId], [t0].[UsersUserId]
2026-05-15 00:05:08.687 +05:30 [INF] Executing OkObjectResult, writing value of type 'eCommerce.Application.VMS.AuthenticationResponseVM'.
2026-05-15 00:05:08.687 +05:30 [INF] Executed action eCommerce.Api.Controllers.v1.SecurityController.Post (eCommerce.Api) in 337.2756ms
2026-05-15 00:05:08.688 +05:30 [INF] Executed endpoint 'eCommerce.Api.Controllers.v1.SecurityController.Post (eCommerce.Api)'
2026-05-15 00:05:08.688 +05:30 [INF] Request finished HTTP/2 POST https://localhost:7274/api/v1/Security/Login - 200 null application/json; charset=utf-8 344.8349ms
2026-05-15 00:05:08.809 +05:30 [INF] Request starting HTTP/2 POST https://localhost:7274/api/v1/Security/Login - application/json 52
2026-05-15 00:05:08.810 +05:30 [INF] CORS policy execution successful.
2026-05-15 00:05:08.810 +05:30 [INF] Failed to validate the token.
Microsoft.IdentityModel.Tokens.SecurityTokenMalformedException: IDX14100: JWT is not well formed, there are no dots (.).
The token needs to be in JWS or JWE Compact Serialization Format. (JWS): 'EncodedHeader.EncodedPayload.EncodedSignature'. (JWE): 'EncodedProtectedHeader.EncodedEncryptedKey.EncodedInitializationVector.EncodedCiphertext.EncodedAuthenticationTag'.
   at Microsoft.IdentityModel.JsonWebTokens.JsonWebToken.ReadToken(ReadOnlyMemory`1 encodedTokenMemory)
   at Microsoft.IdentityModel.JsonWebTokens.JsonWebToken..ctor(String jwtEncodedString, TryReadJwtClaim tryReadJwtClaim)
   at Microsoft.IdentityModel.JsonWebTokens.JsonWebTokenHandler.ReadToken(String token, TokenValidationParameters validationParameters)
2026-05-15 00:05:08.811 +05:30 [INF] Bearer was not authenticated. Failure message: IDX14100: JWT is not well formed, there are no dots (.).
The token needs to be in JWS or JWE Compact Serialization Format. (JWS): 'EncodedHeader.EncodedPayload.EncodedSignature'. (JWE): 'EncodedProtectedHeader.EncodedEncryptedKey.EncodedInitializationVector.EncodedCiphertext.EncodedAuthenticationTag'.
2026-05-15 00:05:08.811 +05:30 [INF] Executing endpoint 'eCommerce.Api.Controllers.v1.SecurityController.Post (eCommerce.Api)'
2026-05-15 00:05:08.811 +05:30 [INF] Route matched with {action = "Post", controller = "Security"}. Executing controller action with signature System.Threading.Tasks.Task`1[Microsoft.AspNetCore.Mvc.ActionResult`1[eCommerce.Application.VMS.AuthenticationResponseVM]] Post(eCommerce.Application.DTOs.User.UserDto) on controller eCommerce.Api.Controllers.v1.SecurityController (eCommerce.Api).
2026-05-15 00:05:08.812 +05:30 [INF] Executing OkObjectResult, writing value of type 'eCommerce.Application.VMS.AuthenticationResponseVM'.
2026-05-15 00:05:08.813 +05:30 [INF] Executed action eCommerce.Api.Controllers.v1.SecurityController.Post (eCommerce.Api) in 320.3508ms
2026-05-15 00:05:08.813 +05:30 [INF] Executed endpoint 'eCommerce.Api.Controllers.v1.SecurityController.Post (eCommerce.Api)'
2026-05-15 00:05:08.814 +05:30 [INF] Request finished HTTP/2 POST https://localhost:7274/api/v1/Security/Login - 200 null application/json; charset=utf-8 326.0014ms
2026-05-15 00:05:08.837 +05:30 [INF] Executed DbCommand (15ms) [Parameters=[@__email_0='?' (Size = 100)], CommandType='"Text"', CommandTimeout='30']
SELECT [t].[UserId], [t].[Email], [t].[Password], [t0].[RolesRoleId], [t0].[UsersUserId], [t0].[RoleId], [t0].[Description], [t0].[RoleName]
FROM (
    SELECT TOP(1) [u].[UserId], [u].[Email], [u].[Password]
    FROM [Users] AS [u]
    WHERE [u].[Email] = @__email_0
) AS [t]
LEFT JOIN (
    SELECT [r].[RolesRoleId], [r].[UsersUserId], [r0].[RoleId], [r0].[Description], [r0].[RoleName]
    FROM [RoleUser] AS [r]
    INNER JOIN [Roles] AS [r0] ON [r].[RolesRoleId] = [r0].[RoleId]
) AS [t0] ON [t].[UserId] = [t0].[UsersUserId]
ORDER BY [t].[UserId], [t0].[RolesRoleId], [t0].[UsersUserId]
2026-05-15 00:05:08.960 +05:30 [INF] Executing OkObjectResult, writing value of type 'eCommerce.Application.VMS.AuthenticationResponseVM'.
2026-05-15 00:05:08.961 +05:30 [INF] Executed action eCommerce.Api.Controllers.v1.SecurityController.Post (eCommerce.Api) in 312.4397ms
2026-05-15 00:05:08.961 +05:30 [INF] Executed endpoint 'eCommerce.Api.Controllers.v1.SecurityController.Post (eCommerce.Api)'
2026-05-15 00:05:08.962 +05:30 [INF] Request finished HTTP/2 POST https://localhost:7274/api/v1/Security/Login - 200 null application/json; charset=utf-8 330.798ms
2026-05-15 00:05:09.120 +05:30 [INF] Executing OkObjectResult, writing value of type 'eCommerce.Application.VMS.AuthenticationResponseVM'.
2026-05-15 00:05:09.120 +05:30 [INF] Executed action eCommerce.Api.Controllers.v1.SecurityController.Post (eCommerce.Api) in 309.2619ms
2026-05-15 00:05:09.121 +05:30 [INF] Executed endpoint 'eCommerce.Api.Controllers.v1.SecurityController.Post (eCommerce.Api)'
2026-05-15 00:05:09.121 +05:30 [INF] Request finished HTTP/2 POST https://localhost:7274/api/v1/Security/Login - 200 null application/json; charset=utf-8 312.4286ms
2026-05-15 00:11:48.105 +05:30 [INF] User profile is available. Using 'C:\Users\pilli\AppData\Local\ASP.NET\DataProtection-Keys' as key repository and Windows DPAPI to encrypt keys at rest.
2026-05-15 00:11:50.673 +05:30 [INF] Now listening on: https://localhost:7274
2026-05-15 00:11:50.677 +05:30 [INF] Now listening on: http://localhost:5169
2026-05-15 00:11:51.663 +05:30 [INF] Application started. Press Ctrl+C to shut down.
2026-05-15 00:11:51.667 +05:30 [INF] Hosting environment: Development
2026-05-15 00:11:51.670 +05:30 [INF] Content root path: C:\Users\pilli\OneDrive\Desktop\.net&angular training\ASP.NETCoreWebAPI\CleanArchitecture\eCommerce.Api
2026-05-15 00:11:53.377 +05:30 [INF] Request starting HTTP/2 GET https://localhost:7274/swagger/index.html - null null
2026-05-15 00:11:54.919 +05:30 [INF] Request finished HTTP/2 GET https://localhost:7274/swagger/index.html - 200 null text/html;charset=utf-8 1625.3096ms
2026-05-15 00:11:54.938 +05:30 [INF] Request starting HTTP/2 GET https://localhost:7274/_framework/aspnetcore-browser-refresh.js - null null
2026-05-15 00:11:54.959 +05:30 [INF] Request starting HTTP/2 GET https://localhost:7274/_vs/browserLink - null null
2026-05-15 00:11:55.039 +05:30 [INF] Request finished HTTP/2 GET https://localhost:7274/_framework/aspnetcore-browser-refresh.js - 200 16511 application/javascript; charset=utf-8 102.0759ms
2026-05-15 00:11:55.273 +05:30 [INF] Request finished HTTP/2 GET https://localhost:7274/_vs/browserLink - 200 null text/javascript; charset=UTF-8 313.7197ms
2026-05-15 00:11:55.409 +05:30 [INF] Request starting HTTP/2 GET https://localhost:7274/swagger/v1/swagger.json - null null
2026-05-15 00:11:55.644 +05:30 [INF] Request finished HTTP/2 GET https://localhost:7274/swagger/v1/swagger.json - 200 null application/json;charset=utf-8 236.6543ms
2026-05-15 00:12:12.622 +05:30 [INF] Request starting HTTP/2 OPTIONS https://localhost:7274/api/v1/Security/Login - null null
2026-05-15 00:12:12.692 +05:30 [INF] CORS policy execution successful.
2026-05-15 00:12:12.700 +05:30 [INF] Request finished HTTP/2 OPTIONS https://localhost:7274/api/v1/Security/Login - 204 null null 79.3613ms
2026-05-15 00:12:12.711 +05:30 [INF] Request starting HTTP/2 POST https://localhost:7274/api/v1/Security/Login - application/json 52
2026-05-15 00:12:12.731 +05:30 [INF] CORS policy execution successful.
2026-05-15 00:12:13.014 +05:30 [INF] Failed to validate the token.
Microsoft.IdentityModel.Tokens.SecurityTokenMalformedException: IDX14100: JWT is not well formed, there are no dots (.).
The token needs to be in JWS or JWE Compact Serialization Format. (JWS): 'EncodedHeader.EncodedPayload.EncodedSignature'. (JWE): 'EncodedProtectedHeader.EncodedEncryptedKey.EncodedInitializationVector.EncodedCiphertext.EncodedAuthenticationTag'.
   at Microsoft.IdentityModel.JsonWebTokens.JsonWebToken.ReadToken(ReadOnlyMemory`1 encodedTokenMemory)
   at Microsoft.IdentityModel.JsonWebTokens.JsonWebToken..ctor(String jwtEncodedString, TryReadJwtClaim tryReadJwtClaim)
   at Microsoft.IdentityModel.JsonWebTokens.JsonWebTokenHandler.ReadToken(String token, TokenValidationParameters validationParameters)
2026-05-15 00:12:13.099 +05:30 [INF] Bearer was not authenticated. Failure message: IDX14100: JWT is not well formed, there are no dots (.).
The token needs to be in JWS or JWE Compact Serialization Format. (JWS): 'EncodedHeader.EncodedPayload.EncodedSignature'. (JWE): 'EncodedProtectedHeader.EncodedEncryptedKey.EncodedInitializationVector.EncodedCiphertext.EncodedAuthenticationTag'.
2026-05-15 00:12:13.112 +05:30 [INF] Executing endpoint 'eCommerce.Api.Controllers.v1.SecurityController.Post (eCommerce.Api)'
2026-05-15 00:12:13.211 +05:30 [INF] Route matched with {action = "Post", controller = "Security"}. Executing controller action with signature System.Threading.Tasks.Task`1[Microsoft.AspNetCore.Mvc.ActionResult`1[eCommerce.Application.VMS.AuthenticationResponseVM]] Post(eCommerce.Application.DTOs.User.UserDto) on controller eCommerce.Api.Controllers.v1.SecurityController (eCommerce.Api).
2026-05-15 00:12:18.290 +05:30 [INF] Executed DbCommand (274ms) [Parameters=[@__email_0='?' (Size = 100)], CommandType='"Text"', CommandTimeout='30']
SELECT [t].[UserId], [t].[Email], [t].[Password], [t0].[RolesRoleId], [t0].[UsersUserId], [t0].[RoleId], [t0].[Description], [t0].[RoleName]
FROM (
    SELECT TOP(1) [u].[UserId], [u].[Email], [u].[Password]
    FROM [Users] AS [u]
    WHERE [u].[Email] = @__email_0
) AS [t]
LEFT JOIN (
    SELECT [r].[RolesRoleId], [r].[UsersUserId], [r0].[RoleId], [r0].[Description], [r0].[RoleName]
    FROM [RoleUser] AS [r]
    INNER JOIN [Roles] AS [r0] ON [r].[RolesRoleId] = [r0].[RoleId]
) AS [t0] ON [t].[UserId] = [t0].[UsersUserId]
ORDER BY [t].[UserId], [t0].[RolesRoleId], [t0].[UsersUserId]
2026-05-15 00:12:19.503 +05:30 [INF] Executing OkObjectResult, writing value of type 'eCommerce.Application.VMS.AuthenticationResponseVM'.
2026-05-15 00:12:19.527 +05:30 [INF] Executed action eCommerce.Api.Controllers.v1.SecurityController.Post (eCommerce.Api) in 6306.8362ms
2026-05-15 00:12:19.529 +05:30 [INF] Executed endpoint 'eCommerce.Api.Controllers.v1.SecurityController.Post (eCommerce.Api)'
2026-05-15 00:12:19.546 +05:30 [INF] Request starting HTTP/2 OPTIONS https://localhost:7274/api/v1/Customers/user/1 - null null
2026-05-15 00:12:19.549 +05:30 [INF] CORS policy execution successful.
2026-05-15 00:12:19.550 +05:30 [INF] Request finished HTTP/2 OPTIONS https://localhost:7274/api/v1/Customers/user/1 - 204 null null 5.4504ms
2026-05-15 00:12:19.550 +05:30 [INF] Request finished HTTP/2 POST https://localhost:7274/api/v1/Security/Login - 200 null application/json; charset=utf-8 6840.7331ms
2026-05-15 00:12:19.556 +05:30 [INF] Request starting HTTP/2 GET https://localhost:7274/api/v1/Customers/user/1 - application/json null
2026-05-15 00:12:19.559 +05:30 [INF] CORS policy execution successful.
2026-05-15 00:12:19.701 +05:30 [INF] Executing endpoint 'eCommerce.Api.Controllers.v1.CustomersController.GetByUserId (eCommerce.Api)'
2026-05-15 00:12:19.736 +05:30 [INF] Route matched with {action = "GetByUserId", controller = "Customers"}. Executing controller action with signature System.Threading.Tasks.Task`1[Microsoft.AspNetCore.Mvc.ActionResult`1[eCommerce.Application.DTOs.Customer.CustomerDto]] GetByUserId(Int32) on controller eCommerce.Api.Controllers.v1.CustomersController (eCommerce.Api).
2026-05-15 00:12:20.112 +05:30 [WRN] You do not have a valid license key for the Lucky Penny software AutoMapper. This is allowed for development and testing scenarios. If you are running in production you are required to have a licensed version. Please visit https://luckypennysoftware.com to obtain a valid license.
2026-05-15 00:12:20.201 +05:30 [INF] Executed DbCommand (20ms) [Parameters=[], CommandType='"Text"', CommandTimeout='30']
SELECT [c].[CustomerId], [c].[Address], [c].[City], [c].[ContactName], [c].[Email], [c].[Phone], [c].[UserId], [c].[Zipcode]
FROM [Customers] AS [c]
2026-05-15 00:12:20.255 +05:30 [INF] Executing OkObjectResult, writing value of type 'eCommerce.Application.DTOs.Customer.CustomerDto'.
2026-05-15 00:12:20.261 +05:30 [INF] Executed action eCommerce.Api.Controllers.v1.CustomersController.GetByUserId (eCommerce.Api) in 525.0856ms
2026-05-15 00:12:20.262 +05:30 [INF] Executed endpoint 'eCommerce.Api.Controllers.v1.CustomersController.GetByUserId (eCommerce.Api)'
2026-05-15 00:12:20.262 +05:30 [INF] Request finished HTTP/2 GET https://localhost:7274/api/v1/Customers/user/1 - 200 null application/json; charset=utf-8 707.6816ms
2026-05-15 00:12:32.969 +05:30 [INF] Request starting HTTP/2 OPTIONS https://localhost:7274/api/v1/Categories?t=1778784152887 - null null
2026-05-15 00:12:33.064 +05:30 [INF] CORS policy execution successful.
2026-05-15 00:12:33.066 +05:30 [INF] Request finished HTTP/2 OPTIONS https://localhost:7274/api/v1/Categories?t=1778784152887 - 204 null null 99.7399ms
2026-05-15 00:12:33.074 +05:30 [INF] Request starting HTTP/2 GET https://localhost:7274/api/v1/Categories?t=1778784152887 - application/json null
2026-05-15 00:12:33.077 +05:30 [INF] CORS policy execution successful.
2026-05-15 00:12:33.131 +05:30 [INF] Executing endpoint 'eCommerce.Api.Controllers.v1.CategoriesController.GetAllAsync (eCommerce.Api)'
2026-05-15 00:12:33.153 +05:30 [INF] Route matched with {action = "GetAll", controller = "Categories"}. Executing controller action with signature System.Threading.Tasks.Task`1[Microsoft.AspNetCore.Mvc.ActionResult`1[System.Collections.Generic.IEnumerable`1[eCommerce.Application.DTOs.Category.CategoryDto]]] GetAllAsync() on controller eCommerce.Api.Controllers.v1.CategoriesController (eCommerce.Api).
2026-05-15 00:12:33.165 +05:30 [INF] Get all categories
2026-05-15 00:12:33.634 +05:30 [INF] Executed DbCommand (54ms) [Parameters=[], CommandType='"Text"', CommandTimeout='30']
SELECT [c].[CategoryId], [c].[CategoryName], [c].[Description]
FROM [Categories] AS [c]
2026-05-15 00:12:33.774 +05:30 [INF] Executing OkObjectResult, writing value of type 'System.Collections.Generic.List`1[[eCommerce.Application.DTOs.Category.CategoryDto, eCommerce.Application, Version=1.0.0.0, Culture=neutral, PublicKeyToken=null]]'.
2026-05-15 00:12:33.793 +05:30 [INF] Executed action eCommerce.Api.Controllers.v1.CategoriesController.GetAllAsync (eCommerce.Api) in 640.1974ms
2026-05-15 00:12:33.793 +05:30 [INF] Executed endpoint 'eCommerce.Api.Controllers.v1.CategoriesController.GetAllAsync (eCommerce.Api)'
2026-05-15 00:12:33.794 +05:30 [INF] Request finished HTTP/2 GET https://localhost:7274/api/v1/Categories?t=1778784152887 - 200 null application/json; charset=utf-8 721.1973ms
2026-05-15 00:17:13.677 +05:30 [INF] Request starting HTTP/2 OPTIONS https://localhost:7274/api/v1/Security/Login - null null
2026-05-15 00:17:13.677 +05:30 [INF] Request starting HTTP/2 OPTIONS https://localhost:7274/api/v1/Security/Login - null null
2026-05-15 00:17:13.677 +05:30 [INF] Request starting HTTP/2 OPTIONS https://localhost:7274/api/v1/Security/Login - null null
2026-05-15 00:17:13.737 +05:30 [INF] Request starting HTTP/2 OPTIONS https://localhost:7274/api/v1/Security/Login - null null
2026-05-15 00:17:13.893 +05:30 [INF] CORS policy execution successful.
2026-05-15 00:17:13.893 +05:30 [INF] CORS policy execution successful.
2026-05-15 00:17:13.893 +05:30 [INF] CORS policy execution successful.
2026-05-15 00:17:13.893 +05:30 [INF] CORS policy execution successful.
2026-05-15 00:17:13.910 +05:30 [INF] Request finished HTTP/2 OPTIONS https://localhost:7274/api/v1/Security/Login - 204 null null 170.8441ms
2026-05-15 00:17:13.910 +05:30 [INF] Request finished HTTP/2 OPTIONS https://localhost:7274/api/v1/Security/Login - 204 null null 306.9651ms
2026-05-15 00:17:13.910 +05:30 [INF] Request finished HTTP/2 OPTIONS https://localhost:7274/api/v1/Security/Login - 204 null null 342.8957ms
2026-05-15 00:17:13.911 +05:30 [INF] Request finished HTTP/2 OPTIONS https://localhost:7274/api/v1/Security/Login - 204 null null 343.0048ms
2026-05-15 00:17:13.946 +05:30 [INF] Request starting HTTP/2 POST https://localhost:7274/api/v1/Security/Login - application/json 52
2026-05-15 00:17:13.950 +05:30 [INF] Request starting HTTP/2 POST https://localhost:7274/api/v1/Security/Login - application/json 52
2026-05-15 00:17:13.950 +05:30 [INF] Request starting HTTP/2 POST https://localhost:7274/api/v1/Security/Login - application/json 52
2026-05-15 00:17:13.952 +05:30 [INF] Request starting HTTP/2 POST https://localhost:7274/api/v1/Security/Login - application/json 52
2026-05-15 00:17:14.019 +05:30 [INF] CORS policy execution successful.
2026-05-15 00:17:14.019 +05:30 [INF] CORS policy execution successful.
2026-05-15 00:17:14.019 +05:30 [INF] CORS policy execution successful.
2026-05-15 00:17:14.019 +05:30 [INF] CORS policy execution successful.
2026-05-15 00:17:14.050 +05:30 [INF] Failed to validate the token.
Microsoft.IdentityModel.Tokens.SecurityTokenMalformedException: IDX14100: JWT is not well formed, there are no dots (.).
The token needs to be in JWS or JWE Compact Serialization Format. (JWS): 'EncodedHeader.EncodedPayload.EncodedSignature'. (JWE): 'EncodedProtectedHeader.EncodedEncryptedKey.EncodedInitializationVector.EncodedCiphertext.EncodedAuthenticationTag'.
   at Microsoft.IdentityModel.JsonWebTokens.JsonWebToken.ReadToken(ReadOnlyMemory`1 encodedTokenMemory)
   at Microsoft.IdentityModel.JsonWebTokens.JsonWebToken..ctor(String jwtEncodedString, TryReadJwtClaim tryReadJwtClaim)
   at Microsoft.IdentityModel.JsonWebTokens.JsonWebTokenHandler.ReadToken(String token, TokenValidationParameters validationParameters)
2026-05-15 00:17:14.050 +05:30 [INF] Failed to validate the token.
Microsoft.IdentityModel.Tokens.SecurityTokenMalformedException: IDX14100: JWT is not well formed, there are no dots (.).
The token needs to be in JWS or JWE Compact Serialization Format. (JWS): 'EncodedHeader.EncodedPayload.EncodedSignature'. (JWE): 'EncodedProtectedHeader.EncodedEncryptedKey.EncodedInitializationVector.EncodedCiphertext.EncodedAuthenticationTag'.
   at Microsoft.IdentityModel.JsonWebTokens.JsonWebToken.ReadToken(ReadOnlyMemory`1 encodedTokenMemory)
   at Microsoft.IdentityModel.JsonWebTokens.JsonWebToken..ctor(String jwtEncodedString, TryReadJwtClaim tryReadJwtClaim)
   at Microsoft.IdentityModel.JsonWebTokens.JsonWebTokenHandler.ReadToken(String token, TokenValidationParameters validationParameters)
2026-05-15 00:17:14.050 +05:30 [INF] Failed to validate the token.
Microsoft.IdentityModel.Tokens.SecurityTokenMalformedException: IDX14100: JWT is not well formed, there are no dots (.).
The token needs to be in JWS or JWE Compact Serialization Format. (JWS): 'EncodedHeader.EncodedPayload.EncodedSignature'. (JWE): 'EncodedProtectedHeader.EncodedEncryptedKey.EncodedInitializationVector.EncodedCiphertext.EncodedAuthenticationTag'.
   at Microsoft.IdentityModel.JsonWebTokens.JsonWebToken.ReadToken(ReadOnlyMemory`1 encodedTokenMemory)
   at Microsoft.IdentityModel.JsonWebTokens.JsonWebToken..ctor(String jwtEncodedString, TryReadJwtClaim tryReadJwtClaim)
   at Microsoft.IdentityModel.JsonWebTokens.JsonWebTokenHandler.ReadToken(String token, TokenValidationParameters validationParameters)
2026-05-15 00:17:14.051 +05:30 [INF] Failed to validate the token.
Microsoft.IdentityModel.Tokens.SecurityTokenMalformedException: IDX14100: JWT is not well formed, there are no dots (.).
The token needs to be in JWS or JWE Compact Serialization Format. (JWS): 'EncodedHeader.EncodedPayload.EncodedSignature'. (JWE): 'EncodedProtectedHeader.EncodedEncryptedKey.EncodedInitializationVector.EncodedCiphertext.EncodedAuthenticationTag'.
   at Microsoft.IdentityModel.JsonWebTokens.JsonWebToken.ReadToken(ReadOnlyMemory`1 encodedTokenMemory)
   at Microsoft.IdentityModel.JsonWebTokens.JsonWebToken..ctor(String jwtEncodedString, TryReadJwtClaim tryReadJwtClaim)
   at Microsoft.IdentityModel.JsonWebTokens.JsonWebTokenHandler.ReadToken(String token, TokenValidationParameters validationParameters)
2026-05-15 00:17:14.070 +05:30 [INF] Bearer was not authenticated. Failure message: IDX14100: JWT is not well formed, there are no dots (.).
The token needs to be in JWS or JWE Compact Serialization Format. (JWS): 'EncodedHeader.EncodedPayload.EncodedSignature'. (JWE): 'EncodedProtectedHeader.EncodedEncryptedKey.EncodedInitializationVector.EncodedCiphertext.EncodedAuthenticationTag'.
2026-05-15 00:17:14.069 +05:30 [INF] Bearer was not authenticated. Failure message: IDX14100: JWT is not well formed, there are no dots (.).
The token needs to be in JWS or JWE Compact Serialization Format. (JWS): 'EncodedHeader.EncodedPayload.EncodedSignature'. (JWE): 'EncodedProtectedHeader.EncodedEncryptedKey.EncodedInitializationVector.EncodedCiphertext.EncodedAuthenticationTag'.
2026-05-15 00:17:14.069 +05:30 [INF] Bearer was not authenticated. Failure message: IDX14100: JWT is not well formed, there are no dots (.).
The token needs to be in JWS or JWE Compact Serialization Format. (JWS): 'EncodedHeader.EncodedPayload.EncodedSignature'. (JWE): 'EncodedProtectedHeader.EncodedEncryptedKey.EncodedInitializationVector.EncodedCiphertext.EncodedAuthenticationTag'.
2026-05-15 00:17:14.070 +05:30 [INF] Bearer was not authenticated. Failure message: IDX14100: JWT is not well formed, there are no dots (.).
The token needs to be in JWS or JWE Compact Serialization Format. (JWS): 'EncodedHeader.EncodedPayload.EncodedSignature'. (JWE): 'EncodedProtectedHeader.EncodedEncryptedKey.EncodedInitializationVector.EncodedCiphertext.EncodedAuthenticationTag'.
2026-05-15 00:17:14.087 +05:30 [INF] Executing endpoint 'eCommerce.Api.Controllers.v1.SecurityController.Post (eCommerce.Api)'
2026-05-15 00:17:14.087 +05:30 [INF] Executing endpoint 'eCommerce.Api.Controllers.v1.SecurityController.Post (eCommerce.Api)'
2026-05-15 00:17:14.087 +05:30 [INF] Executing endpoint 'eCommerce.Api.Controllers.v1.SecurityController.Post (eCommerce.Api)'
2026-05-15 00:17:14.087 +05:30 [INF] Executing endpoint 'eCommerce.Api.Controllers.v1.SecurityController.Post (eCommerce.Api)'
2026-05-15 00:17:14.129 +05:30 [INF] Route matched with {action = "Post", controller = "Security"}. Executing controller action with signature System.Threading.Tasks.Task`1[Microsoft.AspNetCore.Mvc.ActionResult`1[eCommerce.Application.VMS.AuthenticationResponseVM]] Post(eCommerce.Application.DTOs.User.UserDto) on controller eCommerce.Api.Controllers.v1.SecurityController (eCommerce.Api).
2026-05-15 00:17:14.129 +05:30 [INF] Route matched with {action = "Post", controller = "Security"}. Executing controller action with signature System.Threading.Tasks.Task`1[Microsoft.AspNetCore.Mvc.ActionResult`1[eCommerce.Application.VMS.AuthenticationResponseVM]] Post(eCommerce.Application.DTOs.User.UserDto) on controller eCommerce.Api.Controllers.v1.SecurityController (eCommerce.Api).
2026-05-15 00:17:14.129 +05:30 [INF] Route matched with {action = "Post", controller = "Security"}. Executing controller action with signature System.Threading.Tasks.Task`1[Microsoft.AspNetCore.Mvc.ActionResult`1[eCommerce.Application.VMS.AuthenticationResponseVM]] Post(eCommerce.Application.DTOs.User.UserDto) on controller eCommerce.Api.Controllers.v1.SecurityController (eCommerce.Api).
2026-05-15 00:17:14.129 +05:30 [INF] Route matched with {action = "Post", controller = "Security"}. Executing controller action with signature System.Threading.Tasks.Task`1[Microsoft.AspNetCore.Mvc.ActionResult`1[eCommerce.Application.VMS.AuthenticationResponseVM]] Post(eCommerce.Application.DTOs.User.UserDto) on controller eCommerce.Api.Controllers.v1.SecurityController (eCommerce.Api).
2026-05-15 00:17:14.461 +05:30 [INF] Request starting HTTP/2 POST https://localhost:7274/api/v1/Security/Login - application/json 52
2026-05-15 00:17:14.472 +05:30 [INF] CORS policy execution successful.
2026-05-15 00:17:14.490 +05:30 [INF] Failed to validate the token.
Microsoft.IdentityModel.Tokens.SecurityTokenMalformedException: IDX14100: JWT is not well formed, there are no dots (.).
The token needs to be in JWS or JWE Compact Serialization Format. (JWS): 'EncodedHeader.EncodedPayload.EncodedSignature'. (JWE): 'EncodedProtectedHeader.EncodedEncryptedKey.EncodedInitializationVector.EncodedCiphertext.EncodedAuthenticationTag'.
   at Microsoft.IdentityModel.JsonWebTokens.JsonWebToken.ReadToken(ReadOnlyMemory`1 encodedTokenMemory)
   at Microsoft.IdentityModel.JsonWebTokens.JsonWebToken..ctor(String jwtEncodedString, TryReadJwtClaim tryReadJwtClaim)
   at Microsoft.IdentityModel.JsonWebTokens.JsonWebTokenHandler.ReadToken(String token, TokenValidationParameters validationParameters)
2026-05-15 00:17:14.490 +05:30 [INF] Bearer was not authenticated. Failure message: IDX14100: JWT is not well formed, there are no dots (.).
The token needs to be in JWS or JWE Compact Serialization Format. (JWS): 'EncodedHeader.EncodedPayload.EncodedSignature'. (JWE): 'EncodedProtectedHeader.EncodedEncryptedKey.EncodedInitializationVector.EncodedCiphertext.EncodedAuthenticationTag'.
2026-05-15 00:17:14.491 +05:30 [INF] Executing endpoint 'eCommerce.Api.Controllers.v1.SecurityController.Post (eCommerce.Api)'
2026-05-15 00:17:14.491 +05:30 [INF] Route matched with {action = "Post", controller = "Security"}. Executing controller action with signature System.Threading.Tasks.Task`1[Microsoft.AspNetCore.Mvc.ActionResult`1[eCommerce.Application.VMS.AuthenticationResponseVM]] Post(eCommerce.Application.DTOs.User.UserDto) on controller eCommerce.Api.Controllers.v1.SecurityController (eCommerce.Api).
2026-05-15 00:17:14.654 +05:30 [INF] Request starting HTTP/2 POST https://localhost:7274/api/v1/Security/Login - application/json 52
2026-05-15 00:17:14.656 +05:30 [INF] CORS policy execution successful.
2026-05-15 00:17:14.658 +05:30 [INF] Failed to validate the token.
Microsoft.IdentityModel.Tokens.SecurityTokenMalformedException: IDX14100: JWT is not well formed, there are no dots (.).
The token needs to be in JWS or JWE Compact Serialization Format. (JWS): 'EncodedHeader.EncodedPayload.EncodedSignature'. (JWE): 'EncodedProtectedHeader.EncodedEncryptedKey.EncodedInitializationVector.EncodedCiphertext.EncodedAuthenticationTag'.
   at Microsoft.IdentityModel.JsonWebTokens.JsonWebToken.ReadToken(ReadOnlyMemory`1 encodedTokenMemory)
   at Microsoft.IdentityModel.JsonWebTokens.JsonWebToken..ctor(String jwtEncodedString, TryReadJwtClaim tryReadJwtClaim)
   at Microsoft.IdentityModel.JsonWebTokens.JsonWebTokenHandler.ReadToken(String token, TokenValidationParameters validationParameters)
2026-05-15 00:17:14.659 +05:30 [INF] Bearer was not authenticated. Failure message: IDX14100: JWT is not well formed, there are no dots (.).
The token needs to be in JWS or JWE Compact Serialization Format. (JWS): 'EncodedHeader.EncodedPayload.EncodedSignature'. (JWE): 'EncodedProtectedHeader.EncodedEncryptedKey.EncodedInitializationVector.EncodedCiphertext.EncodedAuthenticationTag'.
2026-05-15 00:17:14.660 +05:30 [INF] Executing endpoint 'eCommerce.Api.Controllers.v1.SecurityController.Post (eCommerce.Api)'
2026-05-15 00:17:14.660 +05:30 [INF] Route matched with {action = "Post", controller = "Security"}. Executing controller action with signature System.Threading.Tasks.Task`1[Microsoft.AspNetCore.Mvc.ActionResult`1[eCommerce.Application.VMS.AuthenticationResponseVM]] Post(eCommerce.Application.DTOs.User.UserDto) on controller eCommerce.Api.Controllers.v1.SecurityController (eCommerce.Api).
2026-05-15 00:17:14.914 +05:30 [INF] Request starting HTTP/2 POST https://localhost:7274/api/v1/Security/Login - application/json 52
2026-05-15 00:17:14.928 +05:30 [INF] CORS policy execution successful.
2026-05-15 00:17:14.929 +05:30 [INF] Failed to validate the token.
Microsoft.IdentityModel.Tokens.SecurityTokenMalformedException: IDX14100: JWT is not well formed, there are no dots (.).
The token needs to be in JWS or JWE Compact Serialization Format. (JWS): 'EncodedHeader.EncodedPayload.EncodedSignature'. (JWE): 'EncodedProtectedHeader.EncodedEncryptedKey.EncodedInitializationVector.EncodedCiphertext.EncodedAuthenticationTag'.
   at Microsoft.IdentityModel.JsonWebTokens.JsonWebToken.ReadToken(ReadOnlyMemory`1 encodedTokenMemory)
   at Microsoft.IdentityModel.JsonWebTokens.JsonWebToken..ctor(String jwtEncodedString, TryReadJwtClaim tryReadJwtClaim)
   at Microsoft.IdentityModel.JsonWebTokens.JsonWebTokenHandler.ReadToken(String token, TokenValidationParameters validationParameters)
2026-05-15 00:17:14.930 +05:30 [INF] Bearer was not authenticated. Failure message: IDX14100: JWT is not well formed, there are no dots (.).
The token needs to be in JWS or JWE Compact Serialization Format. (JWS): 'EncodedHeader.EncodedPayload.EncodedSignature'. (JWE): 'EncodedProtectedHeader.EncodedEncryptedKey.EncodedInitializationVector.EncodedCiphertext.EncodedAuthenticationTag'.
2026-05-15 00:17:14.930 +05:30 [INF] Executing endpoint 'eCommerce.Api.Controllers.v1.SecurityController.Post (eCommerce.Api)'
2026-05-15 00:17:14.930 +05:30 [INF] Route matched with {action = "Post", controller = "Security"}. Executing controller action with signature System.Threading.Tasks.Task`1[Microsoft.AspNetCore.Mvc.ActionResult`1[eCommerce.Application.VMS.AuthenticationResponseVM]] Post(eCommerce.Application.DTOs.User.UserDto) on controller eCommerce.Api.Controllers.v1.SecurityController (eCommerce.Api).
2026-05-15 00:17:15.125 +05:30 [INF] Request starting HTTP/2 POST https://localhost:7274/api/v1/Security/Login - application/json 52
2026-05-15 00:17:15.126 +05:30 [INF] CORS policy execution successful.
2026-05-15 00:17:15.127 +05:30 [INF] Failed to validate the token.
Microsoft.IdentityModel.Tokens.SecurityTokenMalformedException: IDX14100: JWT is not well formed, there are no dots (.).
The token needs to be in JWS or JWE Compact Serialization Format. (JWS): 'EncodedHeader.EncodedPayload.EncodedSignature'. (JWE): 'EncodedProtectedHeader.EncodedEncryptedKey.EncodedInitializationVector.EncodedCiphertext.EncodedAuthenticationTag'.
   at Microsoft.IdentityModel.JsonWebTokens.JsonWebToken.ReadToken(ReadOnlyMemory`1 encodedTokenMemory)
   at Microsoft.IdentityModel.JsonWebTokens.JsonWebToken..ctor(String jwtEncodedString, TryReadJwtClaim tryReadJwtClaim)
   at Microsoft.IdentityModel.JsonWebTokens.JsonWebTokenHandler.ReadToken(String token, TokenValidationParameters validationParameters)
2026-05-15 00:17:15.127 +05:30 [INF] Bearer was not authenticated. Failure message: IDX14100: JWT is not well formed, there are no dots (.).
The token needs to be in JWS or JWE Compact Serialization Format. (JWS): 'EncodedHeader.EncodedPayload.EncodedSignature'. (JWE): 'EncodedProtectedHeader.EncodedEncryptedKey.EncodedInitializationVector.EncodedCiphertext.EncodedAuthenticationTag'.
2026-05-15 00:17:15.128 +05:30 [INF] Executing endpoint 'eCommerce.Api.Controllers.v1.SecurityController.Post (eCommerce.Api)'
2026-05-15 00:17:15.129 +05:30 [INF] Route matched with {action = "Post", controller = "Security"}. Executing controller action with signature System.Threading.Tasks.Task`1[Microsoft.AspNetCore.Mvc.ActionResult`1[eCommerce.Application.VMS.AuthenticationResponseVM]] Post(eCommerce.Application.DTOs.User.UserDto) on controller eCommerce.Api.Controllers.v1.SecurityController (eCommerce.Api).
2026-05-15 00:17:15.200 +05:30 [INF] Executed DbCommand (74ms) [Parameters=[@__email_0='?' (Size = 100)], CommandType='"Text"', CommandTimeout='30']
SELECT [t].[UserId], [t].[Email], [t].[Password], [t0].[RolesRoleId], [t0].[UsersUserId], [t0].[RoleId], [t0].[Description], [t0].[RoleName]
FROM (
    SELECT TOP(1) [u].[UserId], [u].[Email], [u].[Password]
    FROM [Users] AS [u]
    WHERE [u].[Email] = @__email_0
) AS [t]
LEFT JOIN (
    SELECT [r].[RolesRoleId], [r].[UsersUserId], [r0].[RoleId], [r0].[Description], [r0].[RoleName]
    FROM [RoleUser] AS [r]
    INNER JOIN [Roles] AS [r0] ON [r].[RolesRoleId] = [r0].[RoleId]
) AS [t0] ON [t].[UserId] = [t0].[UsersUserId]
ORDER BY [t].[UserId], [t0].[RolesRoleId], [t0].[UsersUserId]
2026-05-15 00:17:15.200 +05:30 [INF] Executed DbCommand (17ms) [Parameters=[@__email_0='?' (Size = 100)], CommandType='"Text"', CommandTimeout='30']
SELECT [t].[UserId], [t].[Email], [t].[Password], [t0].[RolesRoleId], [t0].[UsersUserId], [t0].[RoleId], [t0].[Description], [t0].[RoleName]
FROM (
    SELECT TOP(1) [u].[UserId], [u].[Email], [u].[Password]
    FROM [Users] AS [u]
    WHERE [u].[Email] = @__email_0
) AS [t]
LEFT JOIN (
    SELECT [r].[RolesRoleId], [r].[UsersUserId], [r0].[RoleId], [r0].[Description], [r0].[RoleName]
    FROM [RoleUser] AS [r]
    INNER JOIN [Roles] AS [r0] ON [r].[RolesRoleId] = [r0].[RoleId]
) AS [t0] ON [t].[UserId] = [t0].[UsersUserId]
ORDER BY [t].[UserId], [t0].[RolesRoleId], [t0].[UsersUserId]
2026-05-15 00:17:15.200 +05:30 [INF] Executed DbCommand (1ms) [Parameters=[@__email_0='?' (Size = 100)], CommandType='"Text"', CommandTimeout='30']
SELECT [t].[UserId], [t].[Email], [t].[Password], [t0].[RolesRoleId], [t0].[UsersUserId], [t0].[RoleId], [t0].[Description], [t0].[RoleName]
FROM (
    SELECT TOP(1) [u].[UserId], [u].[Email], [u].[Password]
    FROM [Users] AS [u]
    WHERE [u].[Email] = @__email_0
) AS [t]
LEFT JOIN (
    SELECT [r].[RolesRoleId], [r].[UsersUserId], [r0].[RoleId], [r0].[Description], [r0].[RoleName]
    FROM [RoleUser] AS [r]
    INNER JOIN [Roles] AS [r0] ON [r].[RolesRoleId] = [r0].[RoleId]
) AS [t0] ON [t].[UserId] = [t0].[UsersUserId]
ORDER BY [t].[UserId], [t0].[RolesRoleId], [t0].[UsersUserId]
2026-05-15 00:17:15.200 +05:30 [INF] Executed DbCommand (36ms) [Parameters=[@__email_0='?' (Size = 100)], CommandType='"Text"', CommandTimeout='30']
SELECT [t].[UserId], [t].[Email], [t].[Password], [t0].[RolesRoleId], [t0].[UsersUserId], [t0].[RoleId], [t0].[Description], [t0].[RoleName]
FROM (
    SELECT TOP(1) [u].[UserId], [u].[Email], [u].[Password]
    FROM [Users] AS [u]
    WHERE [u].[Email] = @__email_0
) AS [t]
LEFT JOIN (
    SELECT [r].[RolesRoleId], [r].[UsersUserId], [r0].[RoleId], [r0].[Description], [r0].[RoleName]
    FROM [RoleUser] AS [r]
    INNER JOIN [Roles] AS [r0] ON [r].[RolesRoleId] = [r0].[RoleId]
) AS [t0] ON [t].[UserId] = [t0].[UsersUserId]
ORDER BY [t].[UserId], [t0].[RolesRoleId], [t0].[UsersUserId]
2026-05-15 00:17:15.200 +05:30 [INF] Executed DbCommand (114ms) [Parameters=[@__email_0='?' (Size = 100)], CommandType='"Text"', CommandTimeout='30']
SELECT [t].[UserId], [t].[Email], [t].[Password], [t0].[RolesRoleId], [t0].[UsersUserId], [t0].[RoleId], [t0].[Description], [t0].[RoleName]
FROM (
    SELECT TOP(1) [u].[UserId], [u].[Email], [u].[Password]
    FROM [Users] AS [u]
    WHERE [u].[Email] = @__email_0
) AS [t]
LEFT JOIN (
    SELECT [r].[RolesRoleId], [r].[UsersUserId], [r0].[RoleId], [r0].[Description], [r0].[RoleName]
    FROM [RoleUser] AS [r]
    INNER JOIN [Roles] AS [r0] ON [r].[RolesRoleId] = [r0].[RoleId]
) AS [t0] ON [t].[UserId] = [t0].[UsersUserId]
ORDER BY [t].[UserId], [t0].[RolesRoleId], [t0].[UsersUserId]
2026-05-15 00:17:15.200 +05:30 [INF] Executed DbCommand (343ms) [Parameters=[@__email_0='?' (Size = 100)], CommandType='"Text"', CommandTimeout='30']
SELECT [t].[UserId], [t].[Email], [t].[Password], [t0].[RolesRoleId], [t0].[UsersUserId], [t0].[RoleId], [t0].[Description], [t0].[RoleName]
FROM (
    SELECT TOP(1) [u].[UserId], [u].[Email], [u].[Password]
    FROM [Users] AS [u]
    WHERE [u].[Email] = @__email_0
) AS [t]
LEFT JOIN (
    SELECT [r].[RolesRoleId], [r].[UsersUserId], [r0].[RoleId], [r0].[Description], [r0].[RoleName]
    FROM [RoleUser] AS [r]
    INNER JOIN [Roles] AS [r0] ON [r].[RolesRoleId] = [r0].[RoleId]
) AS [t0] ON [t].[UserId] = [t0].[UsersUserId]
ORDER BY [t].[UserId], [t0].[RolesRoleId], [t0].[UsersUserId]
2026-05-15 00:17:15.200 +05:30 [INF] Executed DbCommand (92ms) [Parameters=[@__email_0='?' (Size = 100)], CommandType='"Text"', CommandTimeout='30']
SELECT [t].[UserId], [t].[Email], [t].[Password], [t0].[RolesRoleId], [t0].[UsersUserId], [t0].[RoleId], [t0].[Description], [t0].[RoleName]
FROM (
    SELECT TOP(1) [u].[UserId], [u].[Email], [u].[Password]
    FROM [Users] AS [u]
    WHERE [u].[Email] = @__email_0
) AS [t]
LEFT JOIN (
    SELECT [r].[RolesRoleId], [r].[UsersUserId], [r0].[RoleId], [r0].[Description], [r0].[RoleName]
    FROM [RoleUser] AS [r]
    INNER JOIN [Roles] AS [r0] ON [r].[RolesRoleId] = [r0].[RoleId]
) AS [t0] ON [t].[UserId] = [t0].[UsersUserId]
ORDER BY [t].[UserId], [t0].[RolesRoleId], [t0].[UsersUserId]
2026-05-15 00:17:15.244 +05:30 [INF] Executed DbCommand (38ms) [Parameters=[@__email_0='?' (Size = 100)], CommandType='"Text"', CommandTimeout='30']
SELECT [t].[UserId], [t].[Email], [t].[Password], [t0].[RolesRoleId], [t0].[UsersUserId], [t0].[RoleId], [t0].[Description], [t0].[RoleName]
FROM (
    SELECT TOP(1) [u].[UserId], [u].[Email], [u].[Password]
    FROM [Users] AS [u]
    WHERE [u].[Email] = @__email_0
) AS [t]
LEFT JOIN (
    SELECT [r].[RolesRoleId], [r].[UsersUserId], [r0].[RoleId], [r0].[Description], [r0].[RoleName]
    FROM [RoleUser] AS [r]
    INNER JOIN [Roles] AS [r0] ON [r].[RolesRoleId] = [r0].[RoleId]
) AS [t0] ON [t].[UserId] = [t0].[UsersUserId]
ORDER BY [t].[UserId], [t0].[RolesRoleId], [t0].[UsersUserId]
2026-05-15 00:17:15.270 +05:30 [INF] Request starting HTTP/2 POST https://localhost:7274/api/v1/Security/Login - application/json 52
2026-05-15 00:17:15.274 +05:30 [INF] CORS policy execution successful.
2026-05-15 00:17:15.355 +05:30 [INF] Failed to validate the token.
Microsoft.IdentityModel.Tokens.SecurityTokenMalformedException: IDX14100: JWT is not well formed, there are no dots (.).
The token needs to be in JWS or JWE Compact Serialization Format. (JWS): 'EncodedHeader.EncodedPayload.EncodedSignature'. (JWE): 'EncodedProtectedHeader.EncodedEncryptedKey.EncodedInitializationVector.EncodedCiphertext.EncodedAuthenticationTag'.
   at Microsoft.IdentityModel.JsonWebTokens.JsonWebToken.ReadToken(ReadOnlyMemory`1 encodedTokenMemory)
   at Microsoft.IdentityModel.JsonWebTokens.JsonWebToken..ctor(String jwtEncodedString, TryReadJwtClaim tryReadJwtClaim)
   at Microsoft.IdentityModel.JsonWebTokens.JsonWebTokenHandler.ReadToken(String token, TokenValidationParameters validationParameters)
2026-05-15 00:17:15.356 +05:30 [INF] Bearer was not authenticated. Failure message: IDX14100: JWT is not well formed, there are no dots (.).
The token needs to be in JWS or JWE Compact Serialization Format. (JWS): 'EncodedHeader.EncodedPayload.EncodedSignature'. (JWE): 'EncodedProtectedHeader.EncodedEncryptedKey.EncodedInitializationVector.EncodedCiphertext.EncodedAuthenticationTag'.
2026-05-15 00:17:15.356 +05:30 [INF] Executing endpoint 'eCommerce.Api.Controllers.v1.SecurityController.Post (eCommerce.Api)'
2026-05-15 00:17:15.356 +05:30 [INF] Route matched with {action = "Post", controller = "Security"}. Executing controller action with signature System.Threading.Tasks.Task`1[Microsoft.AspNetCore.Mvc.ActionResult`1[eCommerce.Application.VMS.AuthenticationResponseVM]] Post(eCommerce.Application.DTOs.User.UserDto) on controller eCommerce.Api.Controllers.v1.SecurityController (eCommerce.Api).
2026-05-15 00:17:15.444 +05:30 [INF] Request starting HTTP/2 POST https://localhost:7274/api/v1/Security/Login - application/json 52
2026-05-15 00:17:15.447 +05:30 [INF] CORS policy execution successful.
2026-05-15 00:17:15.448 +05:30 [INF] Failed to validate the token.
Microsoft.IdentityModel.Tokens.SecurityTokenMalformedException: IDX14100: JWT is not well formed, there are no dots (.).
The token needs to be in JWS or JWE Compact Serialization Format. (JWS): 'EncodedHeader.EncodedPayload.EncodedSignature'. (JWE): 'EncodedProtectedHeader.EncodedEncryptedKey.EncodedInitializationVector.EncodedCiphertext.EncodedAuthenticationTag'.
   at Microsoft.IdentityModel.JsonWebTokens.JsonWebToken.ReadToken(ReadOnlyMemory`1 encodedTokenMemory)
   at Microsoft.IdentityModel.JsonWebTokens.JsonWebToken..ctor(String jwtEncodedString, TryReadJwtClaim tryReadJwtClaim)
   at Microsoft.IdentityModel.JsonWebTokens.JsonWebTokenHandler.ReadToken(String token, TokenValidationParameters validationParameters)
2026-05-15 00:17:15.448 +05:30 [INF] Bearer was not authenticated. Failure message: IDX14100: JWT is not well formed, there are no dots (.).
The token needs to be in JWS or JWE Compact Serialization Format. (JWS): 'EncodedHeader.EncodedPayload.EncodedSignature'. (JWE): 'EncodedProtectedHeader.EncodedEncryptedKey.EncodedInitializationVector.EncodedCiphertext.EncodedAuthenticationTag'.
2026-05-15 00:17:15.448 +05:30 [INF] Executing endpoint 'eCommerce.Api.Controllers.v1.SecurityController.Post (eCommerce.Api)'
2026-05-15 00:17:15.448 +05:30 [INF] Route matched with {action = "Post", controller = "Security"}. Executing controller action with signature System.Threading.Tasks.Task`1[Microsoft.AspNetCore.Mvc.ActionResult`1[eCommerce.Application.VMS.AuthenticationResponseVM]] Post(eCommerce.Application.DTOs.User.UserDto) on controller eCommerce.Api.Controllers.v1.SecurityController (eCommerce.Api).
2026-05-15 00:17:15.511 +05:30 [INF] Executed DbCommand (56ms) [Parameters=[@__email_0='?' (Size = 100)], CommandType='"Text"', CommandTimeout='30']
SELECT [t].[UserId], [t].[Email], [t].[Password], [t0].[RolesRoleId], [t0].[UsersUserId], [t0].[RoleId], [t0].[Description], [t0].[RoleName]
FROM (
    SELECT TOP(1) [u].[UserId], [u].[Email], [u].[Password]
    FROM [Users] AS [u]
    WHERE [u].[Email] = @__email_0
) AS [t]
LEFT JOIN (
    SELECT [r].[RolesRoleId], [r].[UsersUserId], [r0].[RoleId], [r0].[Description], [r0].[RoleName]
    FROM [RoleUser] AS [r]
    INNER JOIN [Roles] AS [r0] ON [r].[RolesRoleId] = [r0].[RoleId]
) AS [t0] ON [t].[UserId] = [t0].[UsersUserId]
ORDER BY [t].[UserId], [t0].[RolesRoleId], [t0].[UsersUserId]
2026-05-15 00:17:15.612 +05:30 [INF] Request starting HTTP/2 POST https://localhost:7274/api/v1/Security/Login - application/json 52
2026-05-15 00:17:15.619 +05:30 [INF] CORS policy execution successful.
2026-05-15 00:17:15.624 +05:30 [INF] Executed DbCommand (154ms) [Parameters=[@__email_0='?' (Size = 100)], CommandType='"Text"', CommandTimeout='30']
SELECT [t].[UserId], [t].[Email], [t].[Password], [t0].[RolesRoleId], [t0].[UsersUserId], [t0].[RoleId], [t0].[Description], [t0].[RoleName]
FROM (
    SELECT TOP(1) [u].[UserId], [u].[Email], [u].[Password]
    FROM [Users] AS [u]
    WHERE [u].[Email] = @__email_0
) AS [t]
LEFT JOIN (
    SELECT [r].[RolesRoleId], [r].[UsersUserId], [r0].[RoleId], [r0].[Description], [r0].[RoleName]
    FROM [RoleUser] AS [r]
    INNER JOIN [Roles] AS [r0] ON [r].[RolesRoleId] = [r0].[RoleId]
) AS [t0] ON [t].[UserId] = [t0].[UsersUserId]
ORDER BY [t].[UserId], [t0].[RolesRoleId], [t0].[UsersUserId]
2026-05-15 00:17:15.669 +05:30 [INF] Failed to validate the token.
Microsoft.IdentityModel.Tokens.SecurityTokenMalformedException: IDX14100: JWT is not well formed, there are no dots (.).
The token needs to be in JWS or JWE Compact Serialization Format. (JWS): 'EncodedHeader.EncodedPayload.EncodedSignature'. (JWE): 'EncodedProtectedHeader.EncodedEncryptedKey.EncodedInitializationVector.EncodedCiphertext.EncodedAuthenticationTag'.
   at Microsoft.IdentityModel.JsonWebTokens.JsonWebToken.ReadToken(ReadOnlyMemory`1 encodedTokenMemory)
   at Microsoft.IdentityModel.JsonWebTokens.JsonWebToken..ctor(String jwtEncodedString, TryReadJwtClaim tryReadJwtClaim)
   at Microsoft.IdentityModel.JsonWebTokens.JsonWebTokenHandler.ReadToken(String token, TokenValidationParameters validationParameters)
2026-05-15 00:17:15.670 +05:30 [INF] Bearer was not authenticated. Failure message: IDX14100: JWT is not well formed, there are no dots (.).
The token needs to be in JWS or JWE Compact Serialization Format. (JWS): 'EncodedHeader.EncodedPayload.EncodedSignature'. (JWE): 'EncodedProtectedHeader.EncodedEncryptedKey.EncodedInitializationVector.EncodedCiphertext.EncodedAuthenticationTag'.
2026-05-15 00:17:15.670 +05:30 [INF] Executing endpoint 'eCommerce.Api.Controllers.v1.SecurityController.Post (eCommerce.Api)'
2026-05-15 00:17:15.670 +05:30 [INF] Route matched with {action = "Post", controller = "Security"}. Executing controller action with signature System.Threading.Tasks.Task`1[Microsoft.AspNetCore.Mvc.ActionResult`1[eCommerce.Application.VMS.AuthenticationResponseVM]] Post(eCommerce.Application.DTOs.User.UserDto) on controller eCommerce.Api.Controllers.v1.SecurityController (eCommerce.Api).
2026-05-15 00:17:15.749 +05:30 [INF] Executed DbCommand (73ms) [Parameters=[@__email_0='?' (Size = 100)], CommandType='"Text"', CommandTimeout='30']
SELECT [t].[UserId], [t].[Email], [t].[Password], [t0].[RolesRoleId], [t0].[UsersUserId], [t0].[RoleId], [t0].[Description], [t0].[RoleName]
FROM (
    SELECT TOP(1) [u].[UserId], [u].[Email], [u].[Password]
    FROM [Users] AS [u]
    WHERE [u].[Email] = @__email_0
) AS [t]
LEFT JOIN (
    SELECT [r].[RolesRoleId], [r].[UsersUserId], [r0].[RoleId], [r0].[Description], [r0].[RoleName]
    FROM [RoleUser] AS [r]
    INNER JOIN [Roles] AS [r0] ON [r].[RolesRoleId] = [r0].[RoleId]
) AS [t0] ON [t].[UserId] = [t0].[UsersUserId]
ORDER BY [t].[UserId], [t0].[RolesRoleId], [t0].[UsersUserId]
2026-05-15 00:17:15.815 +05:30 [INF] Request starting HTTP/2 POST https://localhost:7274/api/v1/Security/Login - application/json 52
2026-05-15 00:17:15.817 +05:30 [INF] CORS policy execution successful.
2026-05-15 00:17:15.818 +05:30 [INF] Failed to validate the token.
Microsoft.IdentityModel.Tokens.SecurityTokenMalformedException: IDX14100: JWT is not well formed, there are no dots (.).
The token needs to be in JWS or JWE Compact Serialization Format. (JWS): 'EncodedHeader.EncodedPayload.EncodedSignature'. (JWE): 'EncodedProtectedHeader.EncodedEncryptedKey.EncodedInitializationVector.EncodedCiphertext.EncodedAuthenticationTag'.
   at Microsoft.IdentityModel.JsonWebTokens.JsonWebToken.ReadToken(ReadOnlyMemory`1 encodedTokenMemory)
   at Microsoft.IdentityModel.JsonWebTokens.JsonWebToken..ctor(String jwtEncodedString, TryReadJwtClaim tryReadJwtClaim)
   at Microsoft.IdentityModel.JsonWebTokens.JsonWebTokenHandler.ReadToken(String token, TokenValidationParameters validationParameters)
2026-05-15 00:17:15.819 +05:30 [INF] Bearer was not authenticated. Failure message: IDX14100: JWT is not well formed, there are no dots (.).
The token needs to be in JWS or JWE Compact Serialization Format. (JWS): 'EncodedHeader.EncodedPayload.EncodedSignature'. (JWE): 'EncodedProtectedHeader.EncodedEncryptedKey.EncodedInitializationVector.EncodedCiphertext.EncodedAuthenticationTag'.
2026-05-15 00:17:15.819 +05:30 [INF] Executing endpoint 'eCommerce.Api.Controllers.v1.SecurityController.Post (eCommerce.Api)'
2026-05-15 00:17:15.819 +05:30 [INF] Route matched with {action = "Post", controller = "Security"}. Executing controller action with signature System.Threading.Tasks.Task`1[Microsoft.AspNetCore.Mvc.ActionResult`1[eCommerce.Application.VMS.AuthenticationResponseVM]] Post(eCommerce.Application.DTOs.User.UserDto) on controller eCommerce.Api.Controllers.v1.SecurityController (eCommerce.Api).
2026-05-15 00:17:15.869 +05:30 [INF] Executed DbCommand (42ms) [Parameters=[@__email_0='?' (Size = 100)], CommandType='"Text"', CommandTimeout='30']
SELECT [t].[UserId], [t].[Email], [t].[Password], [t0].[RolesRoleId], [t0].[UsersUserId], [t0].[RoleId], [t0].[Description], [t0].[RoleName]
FROM (
    SELECT TOP(1) [u].[UserId], [u].[Email], [u].[Password]
    FROM [Users] AS [u]
    WHERE [u].[Email] = @__email_0
) AS [t]
LEFT JOIN (
    SELECT [r].[RolesRoleId], [r].[UsersUserId], [r0].[RoleId], [r0].[Description], [r0].[RoleName]
    FROM [RoleUser] AS [r]
    INNER JOIN [Roles] AS [r0] ON [r].[RolesRoleId] = [r0].[RoleId]
) AS [t0] ON [t].[UserId] = [t0].[UsersUserId]
ORDER BY [t].[UserId], [t0].[RolesRoleId], [t0].[UsersUserId]
2026-05-15 00:17:16.658 +05:30 [INF] Executing OkObjectResult, writing value of type 'eCommerce.Application.VMS.AuthenticationResponseVM'.
2026-05-15 00:17:16.658 +05:30 [INF] Executing OkObjectResult, writing value of type 'eCommerce.Application.VMS.AuthenticationResponseVM'.
2026-05-15 00:17:16.659 +05:30 [INF] Executing OkObjectResult, writing value of type 'eCommerce.Application.VMS.AuthenticationResponseVM'.
2026-05-15 00:17:16.660 +05:30 [INF] Executing OkObjectResult, writing value of type 'eCommerce.Application.VMS.AuthenticationResponseVM'.
2026-05-15 00:17:16.662 +05:30 [INF] Executing OkObjectResult, writing value of type 'eCommerce.Application.VMS.AuthenticationResponseVM'.
2026-05-15 00:17:16.671 +05:30 [INF] Executed action eCommerce.Api.Controllers.v1.SecurityController.Post (eCommerce.Api) in 2541.1409ms
2026-05-15 00:17:16.671 +05:30 [INF] Executed action eCommerce.Api.Controllers.v1.SecurityController.Post (eCommerce.Api) in 2011.0869ms
2026-05-15 00:17:16.672 +05:30 [INF] Executed action eCommerce.Api.Controllers.v1.SecurityController.Post (eCommerce.Api) in 1741.1666ms
2026-05-15 00:17:16.672 +05:30 [INF] Executed action eCommerce.Api.Controllers.v1.SecurityController.Post (eCommerce.Api) in 1543.3291ms
2026-05-15 00:17:16.672 +05:30 [INF] Executed endpoint 'eCommerce.Api.Controllers.v1.SecurityController.Post (eCommerce.Api)'
2026-05-15 00:17:16.673 +05:30 [INF] Executed endpoint 'eCommerce.Api.Controllers.v1.SecurityController.Post (eCommerce.Api)'
2026-05-15 00:17:16.672 +05:30 [INF] Executed endpoint 'eCommerce.Api.Controllers.v1.SecurityController.Post (eCommerce.Api)'
2026-05-15 00:17:16.672 +05:30 [INF] Executed endpoint 'eCommerce.Api.Controllers.v1.SecurityController.Post (eCommerce.Api)'
2026-05-15 00:17:16.676 +05:30 [INF] Executed action eCommerce.Api.Controllers.v1.SecurityController.Post (eCommerce.Api) in 2184.1835ms
2026-05-15 00:17:16.676 +05:30 [INF] Executed endpoint 'eCommerce.Api.Controllers.v1.SecurityController.Post (eCommerce.Api)'
2026-05-15 00:17:16.677 +05:30 [INF] Request finished HTTP/2 POST https://localhost:7274/api/v1/Security/Login - 200 null application/json; charset=utf-8 1552.0619ms
2026-05-15 00:17:16.677 +05:30 [INF] Request finished HTTP/2 POST https://localhost:7274/api/v1/Security/Login - 200 null application/json; charset=utf-8 2215.6837ms
2026-05-15 00:17:16.677 +05:30 [INF] Request finished HTTP/2 POST https://localhost:7274/api/v1/Security/Login - 200 null application/json; charset=utf-8 2723.8534ms
2026-05-15 00:17:16.677 +05:30 [INF] Request finished HTTP/2 POST https://localhost:7274/api/v1/Security/Login - 200 null application/json; charset=utf-8 1763.8764ms
2026-05-15 00:17:16.678 +05:30 [INF] Request finished HTTP/2 POST https://localhost:7274/api/v1/Security/Login - 200 null application/json; charset=utf-8 2023.2924ms
2026-05-15 00:17:16.678 +05:30 [INF] Executing OkObjectResult, writing value of type 'eCommerce.Application.VMS.AuthenticationResponseVM'.
2026-05-15 00:17:16.678 +05:30 [INF] Executed action eCommerce.Api.Controllers.v1.SecurityController.Post (eCommerce.Api) in 2547.6822ms
2026-05-15 00:17:16.678 +05:30 [INF] Executed endpoint 'eCommerce.Api.Controllers.v1.SecurityController.Post (eCommerce.Api)'
2026-05-15 00:17:16.678 +05:30 [INF] Request finished HTTP/2 POST https://localhost:7274/api/v1/Security/Login - 200 null application/json; charset=utf-8 2730.093ms
2026-05-15 00:17:16.680 +05:30 [INF] Request starting HTTP/2 POST https://localhost:7274/api/v1/Security/Login - application/json 52
2026-05-15 00:17:16.680 +05:30 [INF] Request starting HTTP/2 POST https://localhost:7274/api/v1/Security/Login - application/json 52
2026-05-15 00:17:16.680 +05:30 [INF] Request starting HTTP/2 POST https://localhost:7274/api/v1/Security/Login - application/json 52
2026-05-15 00:17:16.681 +05:30 [INF] CORS policy execution successful.
2026-05-15 00:17:16.681 +05:30 [INF] Request starting HTTP/2 POST https://localhost:7274/api/v1/Security/Login - application/json 52
2026-05-15 00:17:16.681 +05:30 [INF] CORS policy execution successful.
2026-05-15 00:17:16.681 +05:30 [INF] Request starting HTTP/2 POST https://localhost:7274/api/v1/Security/Login - application/json 52
2026-05-15 00:17:16.681 +05:30 [INF] CORS policy execution successful.
2026-05-15 00:17:16.681 +05:30 [INF] CORS policy execution successful.
2026-05-15 00:17:16.682 +05:30 [INF] Failed to validate the token.
Microsoft.IdentityModel.Tokens.SecurityTokenMalformedException: IDX14100: JWT is not well formed, there are no dots (.).
The token needs to be in JWS or JWE Compact Serialization Format. (JWS): 'EncodedHeader.EncodedPayload.EncodedSignature'. (JWE): 'EncodedProtectedHeader.EncodedEncryptedKey.EncodedInitializationVector.EncodedCiphertext.EncodedAuthenticationTag'.
   at Microsoft.IdentityModel.JsonWebTokens.JsonWebToken.ReadToken(ReadOnlyMemory`1 encodedTokenMemory)
   at Microsoft.IdentityModel.JsonWebTokens.JsonWebToken..ctor(String jwtEncodedString, TryReadJwtClaim tryReadJwtClaim)
   at Microsoft.IdentityModel.JsonWebTokens.JsonWebTokenHandler.ReadToken(String token, TokenValidationParameters validationParameters)
2026-05-15 00:17:16.682 +05:30 [INF] CORS policy execution successful.
2026-05-15 00:17:16.682 +05:30 [INF] Failed to validate the token.
Microsoft.IdentityModel.Tokens.SecurityTokenMalformedException: IDX14100: JWT is not well formed, there are no dots (.).
The token needs to be in JWS or JWE Compact Serialization Format. (JWS): 'EncodedHeader.EncodedPayload.EncodedSignature'. (JWE): 'EncodedProtectedHeader.EncodedEncryptedKey.EncodedInitializationVector.EncodedCiphertext.EncodedAuthenticationTag'.
   at Microsoft.IdentityModel.JsonWebTokens.JsonWebToken.ReadToken(ReadOnlyMemory`1 encodedTokenMemory)
   at Microsoft.IdentityModel.JsonWebTokens.JsonWebToken..ctor(String jwtEncodedString, TryReadJwtClaim tryReadJwtClaim)
   at Microsoft.IdentityModel.JsonWebTokens.JsonWebTokenHandler.ReadToken(String token, TokenValidationParameters validationParameters)
2026-05-15 00:17:16.683 +05:30 [INF] Bearer was not authenticated. Failure message: IDX14100: JWT is not well formed, there are no dots (.).
The token needs to be in JWS or JWE Compact Serialization Format. (JWS): 'EncodedHeader.EncodedPayload.EncodedSignature'. (JWE): 'EncodedProtectedHeader.EncodedEncryptedKey.EncodedInitializationVector.EncodedCiphertext.EncodedAuthenticationTag'.
2026-05-15 00:17:16.683 +05:30 [INF] Failed to validate the token.
Microsoft.IdentityModel.Tokens.SecurityTokenMalformedException: IDX14100: JWT is not well formed, there are no dots (.).
The token needs to be in JWS or JWE Compact Serialization Format. (JWS): 'EncodedHeader.EncodedPayload.EncodedSignature'. (JWE): 'EncodedProtectedHeader.EncodedEncryptedKey.EncodedInitializationVector.EncodedCiphertext.EncodedAuthenticationTag'.
   at Microsoft.IdentityModel.JsonWebTokens.JsonWebToken.ReadToken(ReadOnlyMemory`1 encodedTokenMemory)
   at Microsoft.IdentityModel.JsonWebTokens.JsonWebToken..ctor(String jwtEncodedString, TryReadJwtClaim tryReadJwtClaim)
   at Microsoft.IdentityModel.JsonWebTokens.JsonWebTokenHandler.ReadToken(String token, TokenValidationParameters validationParameters)
2026-05-15 00:17:16.684 +05:30 [INF] Bearer was not authenticated. Failure message: IDX14100: JWT is not well formed, there are no dots (.).
The token needs to be in JWS or JWE Compact Serialization Format. (JWS): 'EncodedHeader.EncodedPayload.EncodedSignature'. (JWE): 'EncodedProtectedHeader.EncodedEncryptedKey.EncodedInitializationVector.EncodedCiphertext.EncodedAuthenticationTag'.
2026-05-15 00:17:16.684 +05:30 [INF] Executing endpoint 'eCommerce.Api.Controllers.v1.SecurityController.Post (eCommerce.Api)'
2026-05-15 00:17:16.683 +05:30 [INF] Bearer was not authenticated. Failure message: IDX14100: JWT is not well formed, there are no dots (.).
The token needs to be in JWS or JWE Compact Serialization Format. (JWS): 'EncodedHeader.EncodedPayload.EncodedSignature'. (JWE): 'EncodedProtectedHeader.EncodedEncryptedKey.EncodedInitializationVector.EncodedCiphertext.EncodedAuthenticationTag'.
2026-05-15 00:17:16.684 +05:30 [INF] Executing endpoint 'eCommerce.Api.Controllers.v1.SecurityController.Post (eCommerce.Api)'
2026-05-15 00:17:16.684 +05:30 [INF] Executing endpoint 'eCommerce.Api.Controllers.v1.SecurityController.Post (eCommerce.Api)'
2026-05-15 00:17:16.684 +05:30 [INF] Route matched with {action = "Post", controller = "Security"}. Executing controller action with signature System.Threading.Tasks.Task`1[Microsoft.AspNetCore.Mvc.ActionResult`1[eCommerce.Application.VMS.AuthenticationResponseVM]] Post(eCommerce.Application.DTOs.User.UserDto) on controller eCommerce.Api.Controllers.v1.SecurityController (eCommerce.Api).
2026-05-15 00:17:16.683 +05:30 [INF] Failed to validate the token.
Microsoft.IdentityModel.Tokens.SecurityTokenMalformedException: IDX14100: JWT is not well formed, there are no dots (.).
The token needs to be in JWS or JWE Compact Serialization Format. (JWS): 'EncodedHeader.EncodedPayload.EncodedSignature'. (JWE): 'EncodedProtectedHeader.EncodedEncryptedKey.EncodedInitializationVector.EncodedCiphertext.EncodedAuthenticationTag'.
   at Microsoft.IdentityModel.JsonWebTokens.JsonWebToken.ReadToken(ReadOnlyMemory`1 encodedTokenMemory)
   at Microsoft.IdentityModel.JsonWebTokens.JsonWebToken..ctor(String jwtEncodedString, TryReadJwtClaim tryReadJwtClaim)
   at Microsoft.IdentityModel.JsonWebTokens.JsonWebTokenHandler.ReadToken(String token, TokenValidationParameters validationParameters)
2026-05-15 00:17:16.684 +05:30 [INF] Route matched with {action = "Post", controller = "Security"}. Executing controller action with signature System.Threading.Tasks.Task`1[Microsoft.AspNetCore.Mvc.ActionResult`1[eCommerce.Application.VMS.AuthenticationResponseVM]] Post(eCommerce.Application.DTOs.User.UserDto) on controller eCommerce.Api.Controllers.v1.SecurityController (eCommerce.Api).
2026-05-15 00:17:16.684 +05:30 [INF] Route matched with {action = "Post", controller = "Security"}. Executing controller action with signature System.Threading.Tasks.Task`1[Microsoft.AspNetCore.Mvc.ActionResult`1[eCommerce.Application.VMS.AuthenticationResponseVM]] Post(eCommerce.Application.DTOs.User.UserDto) on controller eCommerce.Api.Controllers.v1.SecurityController (eCommerce.Api).
2026-05-15 00:17:16.684 +05:30 [INF] Executing OkObjectResult, writing value of type 'eCommerce.Application.VMS.AuthenticationResponseVM'.
2026-05-15 00:17:16.684 +05:30 [INF] Bearer was not authenticated. Failure message: IDX14100: JWT is not well formed, there are no dots (.).
The token needs to be in JWS or JWE Compact Serialization Format. (JWS): 'EncodedHeader.EncodedPayload.EncodedSignature'. (JWE): 'EncodedProtectedHeader.EncodedEncryptedKey.EncodedInitializationVector.EncodedCiphertext.EncodedAuthenticationTag'.
2026-05-15 00:17:16.684 +05:30 [INF] Executing endpoint 'eCommerce.Api.Controllers.v1.SecurityController.Post (eCommerce.Api)'
2026-05-15 00:17:16.685 +05:30 [INF] Route matched with {action = "Post", controller = "Security"}. Executing controller action with signature System.Threading.Tasks.Task`1[Microsoft.AspNetCore.Mvc.ActionResult`1[eCommerce.Application.VMS.AuthenticationResponseVM]] Post(eCommerce.Application.DTOs.User.UserDto) on controller eCommerce.Api.Controllers.v1.SecurityController (eCommerce.Api).
2026-05-15 00:17:16.685 +05:30 [INF] Failed to validate the token.
Microsoft.IdentityModel.Tokens.SecurityTokenMalformedException: IDX14100: JWT is not well formed, there are no dots (.).
The token needs to be in JWS or JWE Compact Serialization Format. (JWS): 'EncodedHeader.EncodedPayload.EncodedSignature'. (JWE): 'EncodedProtectedHeader.EncodedEncryptedKey.EncodedInitializationVector.EncodedCiphertext.EncodedAuthenticationTag'.
   at Microsoft.IdentityModel.JsonWebTokens.JsonWebToken.ReadToken(ReadOnlyMemory`1 encodedTokenMemory)
   at Microsoft.IdentityModel.JsonWebTokens.JsonWebToken..ctor(String jwtEncodedString, TryReadJwtClaim tryReadJwtClaim)
   at Microsoft.IdentityModel.JsonWebTokens.JsonWebTokenHandler.ReadToken(String token, TokenValidationParameters validationParameters)
2026-05-15 00:17:16.686 +05:30 [INF] Bearer was not authenticated. Failure message: IDX14100: JWT is not well formed, there are no dots (.).
The token needs to be in JWS or JWE Compact Serialization Format. (JWS): 'EncodedHeader.EncodedPayload.EncodedSignature'. (JWE): 'EncodedProtectedHeader.EncodedEncryptedKey.EncodedInitializationVector.EncodedCiphertext.EncodedAuthenticationTag'.
2026-05-15 00:17:16.686 +05:30 [INF] Executing endpoint 'eCommerce.Api.Controllers.v1.SecurityController.Post (eCommerce.Api)'
2026-05-15 00:17:16.686 +05:30 [INF] Route matched with {action = "Post", controller = "Security"}. Executing controller action with signature System.Threading.Tasks.Task`1[Microsoft.AspNetCore.Mvc.ActionResult`1[eCommerce.Application.VMS.AuthenticationResponseVM]] Post(eCommerce.Application.DTOs.User.UserDto) on controller eCommerce.Api.Controllers.v1.SecurityController (eCommerce.Api).
2026-05-15 00:17:16.687 +05:30 [INF] Executed action eCommerce.Api.Controllers.v1.SecurityController.Post (eCommerce.Api) in 2556.5374ms
2026-05-15 00:17:16.688 +05:30 [INF] Executed endpoint 'eCommerce.Api.Controllers.v1.SecurityController.Post (eCommerce.Api)'
2026-05-15 00:17:16.690 +05:30 [INF] Request finished HTTP/2 POST https://localhost:7274/api/v1/Security/Login - 200 null application/json; charset=utf-8 2744.3759ms
2026-05-15 00:17:16.714 +05:30 [INF] Executed DbCommand (25ms) [Parameters=[@__email_0='?' (Size = 100)], CommandType='"Text"', CommandTimeout='30']
SELECT [t].[UserId], [t].[Email], [t].[Password], [t0].[RolesRoleId], [t0].[UsersUserId], [t0].[RoleId], [t0].[Description], [t0].[RoleName]
FROM (
    SELECT TOP(1) [u].[UserId], [u].[Email], [u].[Password]
    FROM [Users] AS [u]
    WHERE [u].[Email] = @__email_0
) AS [t]
LEFT JOIN (
    SELECT [r].[RolesRoleId], [r].[UsersUserId], [r0].[RoleId], [r0].[Description], [r0].[RoleName]
    FROM [RoleUser] AS [r]
    INNER JOIN [Roles] AS [r0] ON [r].[RolesRoleId] = [r0].[RoleId]
) AS [t0] ON [t].[UserId] = [t0].[UsersUserId]
ORDER BY [t].[UserId], [t0].[RolesRoleId], [t0].[UsersUserId]
2026-05-15 00:17:16.714 +05:30 [INF] Executing OkObjectResult, writing value of type 'eCommerce.Application.VMS.AuthenticationResponseVM'.
2026-05-15 00:17:16.715 +05:30 [INF] Executed action eCommerce.Api.Controllers.v1.SecurityController.Post (eCommerce.Api) in 2584.5733ms
2026-05-15 00:17:16.715 +05:30 [INF] Executed endpoint 'eCommerce.Api.Controllers.v1.SecurityController.Post (eCommerce.Api)'
2026-05-15 00:17:16.720 +05:30 [INF] Executed DbCommand (21ms) [Parameters=[@__email_0='?' (Size = 100)], CommandType='"Text"', CommandTimeout='30']
SELECT [t].[UserId], [t].[Email], [t].[Password], [t0].[RolesRoleId], [t0].[UsersUserId], [t0].[RoleId], [t0].[Description], [t0].[RoleName]
FROM (
    SELECT TOP(1) [u].[UserId], [u].[Email], [u].[Password]
    FROM [Users] AS [u]
    WHERE [u].[Email] = @__email_0
) AS [t]
LEFT JOIN (
    SELECT [r].[RolesRoleId], [r].[UsersUserId], [r0].[RoleId], [r0].[Description], [r0].[RoleName]
    FROM [RoleUser] AS [r]
    INNER JOIN [Roles] AS [r0] ON [r].[RolesRoleId] = [r0].[RoleId]
) AS [t0] ON [t].[UserId] = [t0].[UsersUserId]
ORDER BY [t].[UserId], [t0].[RolesRoleId], [t0].[UsersUserId]
2026-05-15 00:17:16.723 +05:30 [INF] Executed DbCommand (6ms) [Parameters=[@__email_0='?' (Size = 100)], CommandType='"Text"', CommandTimeout='30']
SELECT [t].[UserId], [t].[Email], [t].[Password], [t0].[RolesRoleId], [t0].[UsersUserId], [t0].[RoleId], [t0].[Description], [t0].[RoleName]
FROM (
    SELECT TOP(1) [u].[UserId], [u].[Email], [u].[Password]
    FROM [Users] AS [u]
    WHERE [u].[Email] = @__email_0
) AS [t]
LEFT JOIN (
    SELECT [r].[RolesRoleId], [r].[UsersUserId], [r0].[RoleId], [r0].[Description], [r0].[RoleName]
    FROM [RoleUser] AS [r]
    INNER JOIN [Roles] AS [r0] ON [r].[RolesRoleId] = [r0].[RoleId]
) AS [t0] ON [t].[UserId] = [t0].[UsersUserId]
ORDER BY [t].[UserId], [t0].[RolesRoleId], [t0].[UsersUserId]
2026-05-15 00:17:16.724 +05:30 [INF] Request finished HTTP/2 POST https://localhost:7274/api/v1/Security/Login - 200 null application/json; charset=utf-8 2775.4622ms
2026-05-15 00:17:16.754 +05:30 [INF] Executed DbCommand (38ms) [Parameters=[@__email_0='?' (Size = 100)], CommandType='"Text"', CommandTimeout='30']
SELECT [t].[UserId], [t].[Email], [t].[Password], [t0].[RolesRoleId], [t0].[UsersUserId], [t0].[RoleId], [t0].[Description], [t0].[RoleName]
FROM (
    SELECT TOP(1) [u].[UserId], [u].[Email], [u].[Password]
    FROM [Users] AS [u]
    WHERE [u].[Email] = @__email_0
) AS [t]
LEFT JOIN (
    SELECT [r].[RolesRoleId], [r].[UsersUserId], [r0].[RoleId], [r0].[Description], [r0].[RoleName]
    FROM [RoleUser] AS [r]
    INNER JOIN [Roles] AS [r0] ON [r].[RolesRoleId] = [r0].[RoleId]
) AS [t0] ON [t].[UserId] = [t0].[UsersUserId]
ORDER BY [t].[UserId], [t0].[RolesRoleId], [t0].[UsersUserId]
2026-05-15 00:17:16.758 +05:30 [INF] Executing OkObjectResult, writing value of type 'eCommerce.Application.VMS.AuthenticationResponseVM'.
2026-05-15 00:17:16.758 +05:30 [INF] Executed action eCommerce.Api.Controllers.v1.SecurityController.Post (eCommerce.Api) in 1309.7345ms
2026-05-15 00:17:16.758 +05:30 [INF] Executed endpoint 'eCommerce.Api.Controllers.v1.SecurityController.Post (eCommerce.Api)'
2026-05-15 00:17:16.759 +05:30 [INF] Request finished HTTP/2 POST https://localhost:7274/api/v1/Security/Login - 200 null application/json; charset=utf-8 1315.2625ms
2026-05-15 00:17:16.796 +05:30 [INF] Executed DbCommand (98ms) [Parameters=[@__email_0='?' (Size = 100)], CommandType='"Text"', CommandTimeout='30']
SELECT [t].[UserId], [t].[Email], [t].[Password], [t0].[RolesRoleId], [t0].[UsersUserId], [t0].[RoleId], [t0].[Description], [t0].[RoleName]
FROM (
    SELECT TOP(1) [u].[UserId], [u].[Email], [u].[Password]
    FROM [Users] AS [u]
    WHERE [u].[Email] = @__email_0
) AS [t]
LEFT JOIN (
    SELECT [r].[RolesRoleId], [r].[UsersUserId], [r0].[RoleId], [r0].[Description], [r0].[RoleName]
    FROM [RoleUser] AS [r]
    INNER JOIN [Roles] AS [r0] ON [r].[RolesRoleId] = [r0].[RoleId]
) AS [t0] ON [t].[UserId] = [t0].[UsersUserId]
ORDER BY [t].[UserId], [t0].[RolesRoleId], [t0].[UsersUserId]
2026-05-15 00:17:16.810 +05:30 [INF] Request starting HTTP/2 POST https://localhost:7274/api/v1/Security/Login - application/json 52
2026-05-15 00:17:16.811 +05:30 [INF] CORS policy execution successful.
2026-05-15 00:17:16.814 +05:30 [INF] Failed to validate the token.
Microsoft.IdentityModel.Tokens.SecurityTokenMalformedException: IDX14100: JWT is not well formed, there are no dots (.).
The token needs to be in JWS or JWE Compact Serialization Format. (JWS): 'EncodedHeader.EncodedPayload.EncodedSignature'. (JWE): 'EncodedProtectedHeader.EncodedEncryptedKey.EncodedInitializationVector.EncodedCiphertext.EncodedAuthenticationTag'.
   at Microsoft.IdentityModel.JsonWebTokens.JsonWebToken.ReadToken(ReadOnlyMemory`1 encodedTokenMemory)
   at Microsoft.IdentityModel.JsonWebTokens.JsonWebToken..ctor(String jwtEncodedString, TryReadJwtClaim tryReadJwtClaim)
   at Microsoft.IdentityModel.JsonWebTokens.JsonWebTokenHandler.ReadToken(String token, TokenValidationParameters validationParameters)
2026-05-15 00:17:16.815 +05:30 [INF] Bearer was not authenticated. Failure message: IDX14100: JWT is not well formed, there are no dots (.).
The token needs to be in JWS or JWE Compact Serialization Format. (JWS): 'EncodedHeader.EncodedPayload.EncodedSignature'. (JWE): 'EncodedProtectedHeader.EncodedEncryptedKey.EncodedInitializationVector.EncodedCiphertext.EncodedAuthenticationTag'.
2026-05-15 00:17:16.815 +05:30 [INF] Executing endpoint 'eCommerce.Api.Controllers.v1.SecurityController.Post (eCommerce.Api)'
2026-05-15 00:17:16.816 +05:30 [INF] Route matched with {action = "Post", controller = "Security"}. Executing controller action with signature System.Threading.Tasks.Task`1[Microsoft.AspNetCore.Mvc.ActionResult`1[eCommerce.Application.VMS.AuthenticationResponseVM]] Post(eCommerce.Application.DTOs.User.UserDto) on controller eCommerce.Api.Controllers.v1.SecurityController (eCommerce.Api).
2026-05-15 00:17:16.834 +05:30 [INF] Executed DbCommand (5ms) [Parameters=[@__email_0='?' (Size = 100)], CommandType='"Text"', CommandTimeout='30']
SELECT [t].[UserId], [t].[Email], [t].[Password], [t0].[RolesRoleId], [t0].[UsersUserId], [t0].[RoleId], [t0].[Description], [t0].[RoleName]
FROM (
    SELECT TOP(1) [u].[UserId], [u].[Email], [u].[Password]
    FROM [Users] AS [u]
    WHERE [u].[Email] = @__email_0
) AS [t]
LEFT JOIN (
    SELECT [r].[RolesRoleId], [r].[UsersUserId], [r0].[RoleId], [r0].[Description], [r0].[RoleName]
    FROM [RoleUser] AS [r]
    INNER JOIN [Roles] AS [r0] ON [r].[RolesRoleId] = [r0].[RoleId]
) AS [t0] ON [t].[UserId] = [t0].[UsersUserId]
ORDER BY [t].[UserId], [t0].[RolesRoleId], [t0].[UsersUserId]
2026-05-15 00:17:16.859 +05:30 [INF] Executing OkObjectResult, writing value of type 'eCommerce.Application.VMS.AuthenticationResponseVM'.
2026-05-15 00:17:16.860 +05:30 [INF] Executed action eCommerce.Api.Controllers.v1.SecurityController.Post (eCommerce.Api) in 1189.2402ms
2026-05-15 00:17:16.860 +05:30 [INF] Executed endpoint 'eCommerce.Api.Controllers.v1.SecurityController.Post (eCommerce.Api)'
2026-05-15 00:17:16.862 +05:30 [INF] Request finished HTTP/2 POST https://localhost:7274/api/v1/Security/Login - 200 null application/json; charset=utf-8 1250.2811ms
2026-05-15 00:17:16.875 +05:30 [INF] Executing OkObjectResult, writing value of type 'eCommerce.Application.VMS.AuthenticationResponseVM'.
2026-05-15 00:17:16.877 +05:30 [INF] Executed action eCommerce.Api.Controllers.v1.SecurityController.Post (eCommerce.Api) in 1521.0237ms
2026-05-15 00:17:16.878 +05:30 [INF] Executed endpoint 'eCommerce.Api.Controllers.v1.SecurityController.Post (eCommerce.Api)'
2026-05-15 00:17:16.878 +05:30 [INF] Request finished HTTP/2 POST https://localhost:7274/api/v1/Security/Login - 200 null application/json; charset=utf-8 1607.645ms
2026-05-15 00:17:16.899 +05:30 [INF] Executing OkObjectResult, writing value of type 'eCommerce.Application.VMS.AuthenticationResponseVM'.
2026-05-15 00:17:16.899 +05:30 [INF] Executed action eCommerce.Api.Controllers.v1.SecurityController.Post (eCommerce.Api) in 1080.136ms
2026-05-15 00:17:16.899 +05:30 [INF] Executed endpoint 'eCommerce.Api.Controllers.v1.SecurityController.Post (eCommerce.Api)'
2026-05-15 00:17:16.900 +05:30 [INF] Request finished HTTP/2 POST https://localhost:7274/api/v1/Security/Login - 200 null application/json; charset=utf-8 1084.9083ms
2026-05-15 00:17:17.389 +05:30 [INF] Executing OkObjectResult, writing value of type 'eCommerce.Application.VMS.AuthenticationResponseVM'.
2026-05-15 00:17:17.389 +05:30 [INF] Executing OkObjectResult, writing value of type 'eCommerce.Application.VMS.AuthenticationResponseVM'.
2026-05-15 00:17:17.390 +05:30 [INF] Executed action eCommerce.Api.Controllers.v1.SecurityController.Post (eCommerce.Api) in 704.1432ms
2026-05-15 00:17:17.390 +05:30 [INF] Executed endpoint 'eCommerce.Api.Controllers.v1.SecurityController.Post (eCommerce.Api)'
2026-05-15 00:17:17.390 +05:30 [INF] Executed action eCommerce.Api.Controllers.v1.SecurityController.Post (eCommerce.Api) in 706.3138ms
2026-05-15 00:17:17.391 +05:30 [INF] Executed endpoint 'eCommerce.Api.Controllers.v1.SecurityController.Post (eCommerce.Api)'
2026-05-15 00:17:17.391 +05:30 [INF] Request finished HTTP/2 POST https://localhost:7274/api/v1/Security/Login - 200 null application/json; charset=utf-8 709.5477ms
2026-05-15 00:17:17.391 +05:30 [INF] Request finished HTTP/2 POST https://localhost:7274/api/v1/Security/Login - 200 null application/json; charset=utf-8 709.7014ms
2026-05-15 00:17:17.398 +05:30 [INF] Executing OkObjectResult, writing value of type 'eCommerce.Application.VMS.AuthenticationResponseVM'.
2026-05-15 00:17:17.399 +05:30 [INF] Executed action eCommerce.Api.Controllers.v1.SecurityController.Post (eCommerce.Api) in 713.8793ms
2026-05-15 00:17:17.399 +05:30 [INF] Executed endpoint 'eCommerce.Api.Controllers.v1.SecurityController.Post (eCommerce.Api)'
2026-05-15 00:17:17.399 +05:30 [INF] Executing OkObjectResult, writing value of type 'eCommerce.Application.VMS.AuthenticationResponseVM'.
2026-05-15 00:17:17.399 +05:30 [INF] Request finished HTTP/2 POST https://localhost:7274/api/v1/Security/Login - 200 null application/json; charset=utf-8 718.8306ms
2026-05-15 00:17:17.399 +05:30 [INF] Executed action eCommerce.Api.Controllers.v1.SecurityController.Post (eCommerce.Api) in 714.8554ms
2026-05-15 00:17:17.399 +05:30 [INF] Executed endpoint 'eCommerce.Api.Controllers.v1.SecurityController.Post (eCommerce.Api)'
2026-05-15 00:17:17.399 +05:30 [INF] Request finished HTTP/2 POST https://localhost:7274/api/v1/Security/Login - 200 null application/json; charset=utf-8 720.3196ms
2026-05-15 00:17:17.406 +05:30 [INF] Executing OkObjectResult, writing value of type 'eCommerce.Application.VMS.AuthenticationResponseVM'.
2026-05-15 00:17:17.407 +05:30 [INF] Executed action eCommerce.Api.Controllers.v1.SecurityController.Post (eCommerce.Api) in 722.7671ms
2026-05-15 00:17:17.407 +05:30 [INF] Executed endpoint 'eCommerce.Api.Controllers.v1.SecurityController.Post (eCommerce.Api)'
2026-05-15 00:17:17.407 +05:30 [INF] Request finished HTTP/2 POST https://localhost:7274/api/v1/Security/Login - 200 null application/json; charset=utf-8 727.3974ms
2026-05-15 00:17:17.420 +05:30 [INF] Executing OkObjectResult, writing value of type 'eCommerce.Application.VMS.AuthenticationResponseVM'.
2026-05-15 00:17:17.420 +05:30 [INF] Executed action eCommerce.Api.Controllers.v1.SecurityController.Post (eCommerce.Api) in 604.6342ms
2026-05-15 00:17:17.420 +05:30 [INF] Executed endpoint 'eCommerce.Api.Controllers.v1.SecurityController.Post (eCommerce.Api)'
2026-05-15 00:17:17.421 +05:30 [INF] Request finished HTTP/2 POST https://localhost:7274/api/v1/Security/Login - 200 null application/json; charset=utf-8 611.078ms
2026-05-15 00:17:30.682 +05:30 [INF] Request starting HTTP/2 OPTIONS https://localhost:7274/api/v1/Security/Login - null null
2026-05-15 00:17:30.686 +05:30 [INF] CORS policy execution successful.
2026-05-15 00:17:30.686 +05:30 [INF] Request finished HTTP/2 OPTIONS https://localhost:7274/api/v1/Security/Login - 204 null null 5.2978ms
2026-05-15 00:17:30.693 +05:30 [INF] Request starting HTTP/2 POST https://localhost:7274/api/v1/Security/Login - application/json 52
2026-05-15 00:17:30.699 +05:30 [INF] CORS policy execution successful.
2026-05-15 00:17:30.701 +05:30 [INF] Failed to validate the token.
Microsoft.IdentityModel.Tokens.SecurityTokenMalformedException: IDX14100: JWT is not well formed, there are no dots (.).
The token needs to be in JWS or JWE Compact Serialization Format. (JWS): 'EncodedHeader.EncodedPayload.EncodedSignature'. (JWE): 'EncodedProtectedHeader.EncodedEncryptedKey.EncodedInitializationVector.EncodedCiphertext.EncodedAuthenticationTag'.
   at Microsoft.IdentityModel.JsonWebTokens.JsonWebToken.ReadToken(ReadOnlyMemory`1 encodedTokenMemory)
   at Microsoft.IdentityModel.JsonWebTokens.JsonWebToken..ctor(String jwtEncodedString, TryReadJwtClaim tryReadJwtClaim)
   at Microsoft.IdentityModel.JsonWebTokens.JsonWebTokenHandler.ReadToken(String token, TokenValidationParameters validationParameters)
2026-05-15 00:17:30.701 +05:30 [INF] Bearer was not authenticated. Failure message: IDX14100: JWT is not well formed, there are no dots (.).
The token needs to be in JWS or JWE Compact Serialization Format. (JWS): 'EncodedHeader.EncodedPayload.EncodedSignature'. (JWE): 'EncodedProtectedHeader.EncodedEncryptedKey.EncodedInitializationVector.EncodedCiphertext.EncodedAuthenticationTag'.
2026-05-15 00:17:30.702 +05:30 [INF] Executing endpoint 'eCommerce.Api.Controllers.v1.SecurityController.Post (eCommerce.Api)'
2026-05-15 00:17:30.703 +05:30 [INF] Route matched with {action = "Post", controller = "Security"}. Executing controller action with signature System.Threading.Tasks.Task`1[Microsoft.AspNetCore.Mvc.ActionResult`1[eCommerce.Application.VMS.AuthenticationResponseVM]] Post(eCommerce.Application.DTOs.User.UserDto) on controller eCommerce.Api.Controllers.v1.SecurityController (eCommerce.Api).
2026-05-15 00:17:30.733 +05:30 [INF] Executed DbCommand (18ms) [Parameters=[@__email_0='?' (Size = 100)], CommandType='"Text"', CommandTimeout='30']
SELECT [t].[UserId], [t].[Email], [t].[Password], [t0].[RolesRoleId], [t0].[UsersUserId], [t0].[RoleId], [t0].[Description], [t0].[RoleName]
FROM (
    SELECT TOP(1) [u].[UserId], [u].[Email], [u].[Password]
    FROM [Users] AS [u]
    WHERE [u].[Email] = @__email_0
) AS [t]
LEFT JOIN (
    SELECT [r].[RolesRoleId], [r].[UsersUserId], [r0].[RoleId], [r0].[Description], [r0].[RoleName]
    FROM [RoleUser] AS [r]
    INNER JOIN [Roles] AS [r0] ON [r].[RolesRoleId] = [r0].[RoleId]
) AS [t0] ON [t].[UserId] = [t0].[UsersUserId]
ORDER BY [t].[UserId], [t0].[RolesRoleId], [t0].[UsersUserId]
2026-05-15 00:17:31.057 +05:30 [INF] Executing OkObjectResult, writing value of type 'eCommerce.Application.VMS.AuthenticationResponseVM'.
2026-05-15 00:17:31.058 +05:30 [INF] Executed action eCommerce.Api.Controllers.v1.SecurityController.Post (eCommerce.Api) in 355.1239ms
2026-05-15 00:17:31.058 +05:30 [INF] Executed endpoint 'eCommerce.Api.Controllers.v1.SecurityController.Post (eCommerce.Api)'
2026-05-15 00:17:31.058 +05:30 [INF] Request finished HTTP/2 POST https://localhost:7274/api/v1/Security/Login - 200 null application/json; charset=utf-8 367.2971ms
2026-05-15 00:17:31.069 +05:30 [INF] Request starting HTTP/2 OPTIONS https://localhost:7274/api/v1/Customers/user/1 - null null
2026-05-15 00:17:31.075 +05:30 [INF] CORS policy execution successful.
2026-05-15 00:17:31.076 +05:30 [INF] Request finished HTTP/2 OPTIONS https://localhost:7274/api/v1/Customers/user/1 - 204 null null 7.9253ms
2026-05-15 00:17:31.083 +05:30 [INF] Request starting HTTP/2 GET https://localhost:7274/api/v1/Customers/user/1 - application/json null
2026-05-15 00:17:31.093 +05:30 [INF] CORS policy execution successful.
2026-05-15 00:17:31.105 +05:30 [INF] Executing endpoint 'eCommerce.Api.Controllers.v1.CustomersController.GetByUserId (eCommerce.Api)'
2026-05-15 00:17:31.108 +05:30 [INF] Route matched with {action = "GetByUserId", controller = "Customers"}. Executing controller action with signature System.Threading.Tasks.Task`1[Microsoft.AspNetCore.Mvc.ActionResult`1[eCommerce.Application.DTOs.Customer.CustomerDto]] GetByUserId(Int32) on controller eCommerce.Api.Controllers.v1.CustomersController (eCommerce.Api).
2026-05-15 00:17:31.185 +05:30 [INF] Executed DbCommand (38ms) [Parameters=[], CommandType='"Text"', CommandTimeout='30']
SELECT [c].[CustomerId], [c].[Address], [c].[City], [c].[ContactName], [c].[Email], [c].[Phone], [c].[UserId], [c].[Zipcode]
FROM [Customers] AS [c]
2026-05-15 00:17:31.208 +05:30 [INF] Executing OkObjectResult, writing value of type 'eCommerce.Application.DTOs.Customer.CustomerDto'.
2026-05-15 00:17:31.209 +05:30 [INF] Executed action eCommerce.Api.Controllers.v1.CustomersController.GetByUserId (eCommerce.Api) in 100.7286ms
2026-05-15 00:17:31.210 +05:30 [INF] Executed endpoint 'eCommerce.Api.Controllers.v1.CustomersController.GetByUserId (eCommerce.Api)'
2026-05-15 00:17:31.210 +05:30 [INF] Request finished HTTP/2 GET https://localhost:7274/api/v1/Customers/user/1 - 200 null application/json; charset=utf-8 127.144ms
2026-05-15 00:17:49.593 +05:30 [INF] Request starting HTTP/2 OPTIONS https://localhost:7274/api/v1/Security/Login - null null
2026-05-15 00:17:49.729 +05:30 [INF] Request starting HTTP/2 OPTIONS https://localhost:7274/api/v1/Security/Login - null null
2026-05-15 00:17:49.749 +05:30 [INF] CORS policy execution successful.
2026-05-15 00:17:49.749 +05:30 [INF] CORS policy execution successful.
2026-05-15 00:17:49.773 +05:30 [INF] Request finished HTTP/2 OPTIONS https://localhost:7274/api/v1/Security/Login - 204 null null 196.7839ms
2026-05-15 00:17:49.773 +05:30 [INF] Request finished HTTP/2 OPTIONS https://localhost:7274/api/v1/Security/Login - 204 null null 42.9508ms
2026-05-15 00:17:49.819 +05:30 [INF] Request starting HTTP/2 POST https://localhost:7274/api/v1/Security/Login - application/json 52
2026-05-15 00:17:49.819 +05:30 [INF] Request starting HTTP/2 POST https://localhost:7274/api/v1/Security/Login - application/json 52
2026-05-15 00:17:49.842 +05:30 [INF] CORS policy execution successful.
2026-05-15 00:17:49.842 +05:30 [INF] CORS policy execution successful.
2026-05-15 00:17:49.872 +05:30 [INF] Failed to validate the token.
Microsoft.IdentityModel.Tokens.SecurityTokenMalformedException: IDX14100: JWT is not well formed, there are no dots (.).
The token needs to be in JWS or JWE Compact Serialization Format. (JWS): 'EncodedHeader.EncodedPayload.EncodedSignature'. (JWE): 'EncodedProtectedHeader.EncodedEncryptedKey.EncodedInitializationVector.EncodedCiphertext.EncodedAuthenticationTag'.
   at Microsoft.IdentityModel.JsonWebTokens.JsonWebToken.ReadToken(ReadOnlyMemory`1 encodedTokenMemory)
   at Microsoft.IdentityModel.JsonWebTokens.JsonWebToken..ctor(String jwtEncodedString, TryReadJwtClaim tryReadJwtClaim)
   at Microsoft.IdentityModel.JsonWebTokens.JsonWebTokenHandler.ReadToken(String token, TokenValidationParameters validationParameters)
2026-05-15 00:17:49.872 +05:30 [INF] Failed to validate the token.
Microsoft.IdentityModel.Tokens.SecurityTokenMalformedException: IDX14100: JWT is not well formed, there are no dots (.).
The token needs to be in JWS or JWE Compact Serialization Format. (JWS): 'EncodedHeader.EncodedPayload.EncodedSignature'. (JWE): 'EncodedProtectedHeader.EncodedEncryptedKey.EncodedInitializationVector.EncodedCiphertext.EncodedAuthenticationTag'.
   at Microsoft.IdentityModel.JsonWebTokens.JsonWebToken.ReadToken(ReadOnlyMemory`1 encodedTokenMemory)
   at Microsoft.IdentityModel.JsonWebTokens.JsonWebToken..ctor(String jwtEncodedString, TryReadJwtClaim tryReadJwtClaim)
   at Microsoft.IdentityModel.JsonWebTokens.JsonWebTokenHandler.ReadToken(String token, TokenValidationParameters validationParameters)
2026-05-15 00:17:49.904 +05:30 [INF] Bearer was not authenticated. Failure message: IDX14100: JWT is not well formed, there are no dots (.).
The token needs to be in JWS or JWE Compact Serialization Format. (JWS): 'EncodedHeader.EncodedPayload.EncodedSignature'. (JWE): 'EncodedProtectedHeader.EncodedEncryptedKey.EncodedInitializationVector.EncodedCiphertext.EncodedAuthenticationTag'.
2026-05-15 00:17:49.904 +05:30 [INF] Bearer was not authenticated. Failure message: IDX14100: JWT is not well formed, there are no dots (.).
The token needs to be in JWS or JWE Compact Serialization Format. (JWS): 'EncodedHeader.EncodedPayload.EncodedSignature'. (JWE): 'EncodedProtectedHeader.EncodedEncryptedKey.EncodedInitializationVector.EncodedCiphertext.EncodedAuthenticationTag'.
2026-05-15 00:17:49.918 +05:30 [INF] Executing endpoint 'eCommerce.Api.Controllers.v1.SecurityController.Post (eCommerce.Api)'
2026-05-15 00:17:49.918 +05:30 [INF] Executing endpoint 'eCommerce.Api.Controllers.v1.SecurityController.Post (eCommerce.Api)'
2026-05-15 00:17:49.943 +05:30 [INF] Route matched with {action = "Post", controller = "Security"}. Executing controller action with signature System.Threading.Tasks.Task`1[Microsoft.AspNetCore.Mvc.ActionResult`1[eCommerce.Application.VMS.AuthenticationResponseVM]] Post(eCommerce.Application.DTOs.User.UserDto) on controller eCommerce.Api.Controllers.v1.SecurityController (eCommerce.Api).
2026-05-15 00:17:49.943 +05:30 [INF] Route matched with {action = "Post", controller = "Security"}. Executing controller action with signature System.Threading.Tasks.Task`1[Microsoft.AspNetCore.Mvc.ActionResult`1[eCommerce.Application.VMS.AuthenticationResponseVM]] Post(eCommerce.Application.DTOs.User.UserDto) on controller eCommerce.Api.Controllers.v1.SecurityController (eCommerce.Api).
2026-05-15 00:17:50.602 +05:30 [INF] Executed DbCommand (334ms) [Parameters=[@__email_0='?' (Size = 100)], CommandType='"Text"', CommandTimeout='30']
SELECT [t].[UserId], [t].[Email], [t].[Password], [t0].[RolesRoleId], [t0].[UsersUserId], [t0].[RoleId], [t0].[Description], [t0].[RoleName]
FROM (
    SELECT TOP(1) [u].[UserId], [u].[Email], [u].[Password]
    FROM [Users] AS [u]
    WHERE [u].[Email] = @__email_0
) AS [t]
LEFT JOIN (
    SELECT [r].[RolesRoleId], [r].[UsersUserId], [r0].[RoleId], [r0].[Description], [r0].[RoleName]
    FROM [RoleUser] AS [r]
    INNER JOIN [Roles] AS [r0] ON [r].[RolesRoleId] = [r0].[RoleId]
) AS [t0] ON [t].[UserId] = [t0].[UsersUserId]
ORDER BY [t].[UserId], [t0].[RolesRoleId], [t0].[UsersUserId]
2026-05-15 00:17:50.602 +05:30 [INF] Executed DbCommand (334ms) [Parameters=[@__email_0='?' (Size = 100)], CommandType='"Text"', CommandTimeout='30']
SELECT [t].[UserId], [t].[Email], [t].[Password], [t0].[RolesRoleId], [t0].[UsersUserId], [t0].[RoleId], [t0].[Description], [t0].[RoleName]
FROM (
    SELECT TOP(1) [u].[UserId], [u].[Email], [u].[Password]
    FROM [Users] AS [u]
    WHERE [u].[Email] = @__email_0
) AS [t]
LEFT JOIN (
    SELECT [r].[RolesRoleId], [r].[UsersUserId], [r0].[RoleId], [r0].[Description], [r0].[RoleName]
    FROM [RoleUser] AS [r]
    INNER JOIN [Roles] AS [r0] ON [r].[RolesRoleId] = [r0].[RoleId]
) AS [t0] ON [t].[UserId] = [t0].[UsersUserId]
ORDER BY [t].[UserId], [t0].[RolesRoleId], [t0].[UsersUserId]
2026-05-15 00:17:51.050 +05:30 [INF] Executing OkObjectResult, writing value of type 'eCommerce.Application.VMS.AuthenticationResponseVM'.
2026-05-15 00:17:51.050 +05:30 [INF] Executing OkObjectResult, writing value of type 'eCommerce.Application.VMS.AuthenticationResponseVM'.
2026-05-15 00:17:51.070 +05:30 [INF] Executed action eCommerce.Api.Controllers.v1.SecurityController.Post (eCommerce.Api) in 1126.3998ms
2026-05-15 00:17:51.070 +05:30 [INF] Executed action eCommerce.Api.Controllers.v1.SecurityController.Post (eCommerce.Api) in 1126.6206ms
2026-05-15 00:17:51.070 +05:30 [INF] Executed endpoint 'eCommerce.Api.Controllers.v1.SecurityController.Post (eCommerce.Api)'
2026-05-15 00:17:51.070 +05:30 [INF] Executed endpoint 'eCommerce.Api.Controllers.v1.SecurityController.Post (eCommerce.Api)'
2026-05-15 00:17:51.073 +05:30 [INF] Request finished HTTP/2 POST https://localhost:7274/api/v1/Security/Login - 200 null application/json; charset=utf-8 1254.4034ms
2026-05-15 00:17:51.073 +05:30 [INF] Request finished HTTP/2 POST https://localhost:7274/api/v1/Security/Login - 200 null application/json; charset=utf-8 1253.4516ms
2026-05-15 00:17:51.127 +05:30 [INF] Request starting HTTP/2 OPTIONS https://localhost:7274/api/v1/Customers/user/1 - null null
2026-05-15 00:17:51.133 +05:30 [INF] CORS policy execution successful.
2026-05-15 00:17:51.134 +05:30 [INF] Request finished HTTP/2 OPTIONS https://localhost:7274/api/v1/Customers/user/1 - 204 null null 7.0058ms
2026-05-15 00:17:51.148 +05:30 [INF] Request starting HTTP/2 GET https://localhost:7274/api/v1/Customers/user/1 - application/json null
2026-05-15 00:17:51.157 +05:30 [INF] CORS policy execution successful.
2026-05-15 00:17:51.174 +05:30 [INF] Executing endpoint 'eCommerce.Api.Controllers.v1.CustomersController.GetByUserId (eCommerce.Api)'
2026-05-15 00:17:51.175 +05:30 [INF] Route matched with {action = "GetByUserId", controller = "Customers"}. Executing controller action with signature System.Threading.Tasks.Task`1[Microsoft.AspNetCore.Mvc.ActionResult`1[eCommerce.Application.DTOs.Customer.CustomerDto]] GetByUserId(Int32) on controller eCommerce.Api.Controllers.v1.CustomersController (eCommerce.Api).
2026-05-15 00:17:51.418 +05:30 [INF] Executed DbCommand (142ms) [Parameters=[], CommandType='"Text"', CommandTimeout='30']
SELECT [c].[CustomerId], [c].[Address], [c].[City], [c].[ContactName], [c].[Email], [c].[Phone], [c].[UserId], [c].[Zipcode]
FROM [Customers] AS [c]
2026-05-15 00:17:51.435 +05:30 [INF] Executing OkObjectResult, writing value of type 'eCommerce.Application.DTOs.Customer.CustomerDto'.
2026-05-15 00:17:51.439 +05:30 [INF] Executed action eCommerce.Api.Controllers.v1.CustomersController.GetByUserId (eCommerce.Api) in 263.7668ms
2026-05-15 00:17:51.439 +05:30 [INF] Executed endpoint 'eCommerce.Api.Controllers.v1.CustomersController.GetByUserId (eCommerce.Api)'
2026-05-15 00:17:51.440 +05:30 [INF] Request finished HTTP/2 GET https://localhost:7274/api/v1/Customers/user/1 - 200 null application/json; charset=utf-8 291.9151ms
2026-05-15 00:17:51.445 +05:30 [INF] Request starting HTTP/2 GET https://localhost:7274/api/v1/Customers/user/1 - application/json null
2026-05-15 00:17:51.447 +05:30 [INF] CORS policy execution successful.
2026-05-15 00:17:51.450 +05:30 [INF] Executing endpoint 'eCommerce.Api.Controllers.v1.CustomersController.GetByUserId (eCommerce.Api)'
2026-05-15 00:17:51.451 +05:30 [INF] Route matched with {action = "GetByUserId", controller = "Customers"}. Executing controller action with signature System.Threading.Tasks.Task`1[Microsoft.AspNetCore.Mvc.ActionResult`1[eCommerce.Application.DTOs.Customer.CustomerDto]] GetByUserId(Int32) on controller eCommerce.Api.Controllers.v1.CustomersController (eCommerce.Api).
2026-05-15 00:17:51.459 +05:30 [INF] Executed DbCommand (3ms) [Parameters=[], CommandType='"Text"', CommandTimeout='30']
SELECT [c].[CustomerId], [c].[Address], [c].[City], [c].[ContactName], [c].[Email], [c].[Phone], [c].[UserId], [c].[Zipcode]
FROM [Customers] AS [c]
2026-05-15 00:17:51.464 +05:30 [INF] Executing OkObjectResult, writing value of type 'eCommerce.Application.DTOs.Customer.CustomerDto'.
2026-05-15 00:17:51.467 +05:30 [INF] Executed action eCommerce.Api.Controllers.v1.CustomersController.GetByUserId (eCommerce.Api) in 15.598ms
2026-05-15 00:17:51.468 +05:30 [INF] Executed endpoint 'eCommerce.Api.Controllers.v1.CustomersController.GetByUserId (eCommerce.Api)'
2026-05-15 00:17:51.468 +05:30 [INF] Request finished HTTP/2 GET https://localhost:7274/api/v1/Customers/user/1 - 200 null application/json; charset=utf-8 23.8562ms
2026-05-15 00:19:41.459 +05:30 [INF] Request starting HTTP/2 OPTIONS https://localhost:7274/api/v1/Security/Login - null null
2026-05-15 00:19:41.716 +05:30 [INF] CORS policy execution successful.
2026-05-15 00:19:41.772 +05:30 [INF] Request finished HTTP/2 OPTIONS https://localhost:7274/api/v1/Security/Login - 204 null null 348.2294ms
2026-05-15 00:19:41.792 +05:30 [INF] Request starting HTTP/2 POST https://localhost:7274/api/v1/Security/Login - application/json 52
2026-05-15 00:19:41.819 +05:30 [INF] CORS policy execution successful.
2026-05-15 00:19:41.854 +05:30 [INF] Failed to validate the token.
Microsoft.IdentityModel.Tokens.SecurityTokenMalformedException: IDX14100: JWT is not well formed, there are no dots (.).
The token needs to be in JWS or JWE Compact Serialization Format. (JWS): 'EncodedHeader.EncodedPayload.EncodedSignature'. (JWE): 'EncodedProtectedHeader.EncodedEncryptedKey.EncodedInitializationVector.EncodedCiphertext.EncodedAuthenticationTag'.
   at Microsoft.IdentityModel.JsonWebTokens.JsonWebToken.ReadToken(ReadOnlyMemory`1 encodedTokenMemory)
   at Microsoft.IdentityModel.JsonWebTokens.JsonWebToken..ctor(String jwtEncodedString, TryReadJwtClaim tryReadJwtClaim)
   at Microsoft.IdentityModel.JsonWebTokens.JsonWebTokenHandler.ReadToken(String token, TokenValidationParameters validationParameters)
2026-05-15 00:19:41.879 +05:30 [INF] Bearer was not authenticated. Failure message: IDX14100: JWT is not well formed, there are no dots (.).
The token needs to be in JWS or JWE Compact Serialization Format. (JWS): 'EncodedHeader.EncodedPayload.EncodedSignature'. (JWE): 'EncodedProtectedHeader.EncodedEncryptedKey.EncodedInitializationVector.EncodedCiphertext.EncodedAuthenticationTag'.
2026-05-15 00:19:41.890 +05:30 [INF] Executing endpoint 'eCommerce.Api.Controllers.v1.SecurityController.Post (eCommerce.Api)'
2026-05-15 00:19:41.924 +05:30 [INF] Route matched with {action = "Post", controller = "Security"}. Executing controller action with signature System.Threading.Tasks.Task`1[Microsoft.AspNetCore.Mvc.ActionResult`1[eCommerce.Application.VMS.AuthenticationResponseVM]] Post(eCommerce.Application.DTOs.User.UserDto) on controller eCommerce.Api.Controllers.v1.SecurityController (eCommerce.Api).
2026-05-15 00:19:42.797 +05:30 [INF] Executed DbCommand (429ms) [Parameters=[@__email_0='?' (Size = 100)], CommandType='"Text"', CommandTimeout='30']
SELECT [t].[UserId], [t].[Email], [t].[Password], [t0].[RolesRoleId], [t0].[UsersUserId], [t0].[RoleId], [t0].[Description], [t0].[RoleName]
FROM (
    SELECT TOP(1) [u].[UserId], [u].[Email], [u].[Password]
    FROM [Users] AS [u]
    WHERE [u].[Email] = @__email_0
) AS [t]
LEFT JOIN (
    SELECT [r].[RolesRoleId], [r].[UsersUserId], [r0].[RoleId], [r0].[Description], [r0].[RoleName]
    FROM [RoleUser] AS [r]
    INNER JOIN [Roles] AS [r0] ON [r].[RolesRoleId] = [r0].[RoleId]
) AS [t0] ON [t].[UserId] = [t0].[UsersUserId]
ORDER BY [t].[UserId], [t0].[RolesRoleId], [t0].[UsersUserId]
2026-05-15 00:19:43.311 +05:30 [INF] Executing OkObjectResult, writing value of type 'eCommerce.Application.VMS.AuthenticationResponseVM'.
2026-05-15 00:19:43.338 +05:30 [INF] Executed action eCommerce.Api.Controllers.v1.SecurityController.Post (eCommerce.Api) in 1412.764ms
2026-05-15 00:19:43.340 +05:30 [INF] Executed endpoint 'eCommerce.Api.Controllers.v1.SecurityController.Post (eCommerce.Api)'
2026-05-15 00:19:43.344 +05:30 [INF] Request finished HTTP/2 POST https://localhost:7274/api/v1/Security/Login - 200 null application/json; charset=utf-8 1553.5779ms
2026-05-15 00:19:43.386 +05:30 [INF] Request starting HTTP/2 OPTIONS https://localhost:7274/api/v1/Customers/user/1 - null null
2026-05-15 00:19:43.396 +05:30 [INF] CORS policy execution successful.
2026-05-15 00:19:43.397 +05:30 [INF] Request finished HTTP/2 OPTIONS https://localhost:7274/api/v1/Customers/user/1 - 204 null null 11.0519ms
2026-05-15 00:19:43.411 +05:30 [INF] Request starting HTTP/2 GET https://localhost:7274/api/v1/Customers/user/1 - application/json null
2026-05-15 00:19:43.424 +05:30 [INF] CORS policy execution successful.
2026-05-15 00:19:43.448 +05:30 [INF] Executing endpoint 'eCommerce.Api.Controllers.v1.CustomersController.GetByUserId (eCommerce.Api)'
2026-05-15 00:19:43.451 +05:30 [INF] Route matched with {action = "GetByUserId", controller = "Customers"}. Executing controller action with signature System.Threading.Tasks.Task`1[Microsoft.AspNetCore.Mvc.ActionResult`1[eCommerce.Application.DTOs.Customer.CustomerDto]] GetByUserId(Int32) on controller eCommerce.Api.Controllers.v1.CustomersController (eCommerce.Api).
2026-05-15 00:19:43.489 +05:30 [INF] Executed DbCommand (14ms) [Parameters=[], CommandType='"Text"', CommandTimeout='30']
SELECT [c].[CustomerId], [c].[Address], [c].[City], [c].[ContactName], [c].[Email], [c].[Phone], [c].[UserId], [c].[Zipcode]
FROM [Customers] AS [c]
2026-05-15 00:19:43.503 +05:30 [INF] Executing OkObjectResult, writing value of type 'eCommerce.Application.DTOs.Customer.CustomerDto'.
2026-05-15 00:19:43.512 +05:30 [INF] Executed action eCommerce.Api.Controllers.v1.CustomersController.GetByUserId (eCommerce.Api) in 60.8462ms
2026-05-15 00:19:43.514 +05:30 [INF] Executed endpoint 'eCommerce.Api.Controllers.v1.CustomersController.GetByUserId (eCommerce.Api)'
2026-05-15 00:19:43.515 +05:30 [INF] Request finished HTTP/2 GET https://localhost:7274/api/v1/Customers/user/1 - 200 null application/json; charset=utf-8 106.9268ms
2026-05-15 00:19:47.147 +05:30 [INF] Request starting HTTP/2 OPTIONS https://localhost:7274/api/v1/Categories?t=1778784587132 - null null
2026-05-15 00:19:47.158 +05:30 [INF] CORS policy execution successful.
2026-05-15 00:19:47.159 +05:30 [INF] Request finished HTTP/2 OPTIONS https://localhost:7274/api/v1/Categories?t=1778784587132 - 204 null null 12.0642ms
2026-05-15 00:19:47.165 +05:30 [INF] Request starting HTTP/2 GET https://localhost:7274/api/v1/Categories?t=1778784587132 - application/json null
2026-05-15 00:19:47.167 +05:30 [INF] CORS policy execution successful.
2026-05-15 00:19:47.214 +05:30 [INF] Executing endpoint 'eCommerce.Api.Controllers.v1.CategoriesController.GetAllAsync (eCommerce.Api)'
2026-05-15 00:19:47.216 +05:30 [INF] Route matched with {action = "GetAll", controller = "Categories"}. Executing controller action with signature System.Threading.Tasks.Task`1[Microsoft.AspNetCore.Mvc.ActionResult`1[System.Collections.Generic.IEnumerable`1[eCommerce.Application.DTOs.Category.CategoryDto]]] GetAllAsync() on controller eCommerce.Api.Controllers.v1.CategoriesController (eCommerce.Api).
2026-05-15 00:19:47.229 +05:30 [INF] Get all categories
2026-05-15 00:19:47.263 +05:30 [INF] Executed DbCommand (8ms) [Parameters=[], CommandType='"Text"', CommandTimeout='30']
SELECT [c].[CategoryId], [c].[CategoryName], [c].[Description]
FROM [Categories] AS [c]
2026-05-15 00:19:47.275 +05:30 [INF] Executing OkObjectResult, writing value of type 'System.Collections.Generic.List`1[[eCommerce.Application.DTOs.Category.CategoryDto, eCommerce.Application, Version=1.0.0.0, Culture=neutral, PublicKeyToken=null]]'.
2026-05-15 00:19:47.279 +05:30 [INF] Executed action eCommerce.Api.Controllers.v1.CategoriesController.GetAllAsync (eCommerce.Api) in 63.0899ms
2026-05-15 00:19:47.279 +05:30 [INF] Executed endpoint 'eCommerce.Api.Controllers.v1.CategoriesController.GetAllAsync (eCommerce.Api)'
2026-05-15 00:19:47.280 +05:30 [INF] Request finished HTTP/2 GET https://localhost:7274/api/v1/Categories?t=1778784587132 - 200 null application/json; charset=utf-8 116.0953ms
2026-05-15 00:19:51.519 +05:30 [INF] Request starting HTTP/2 OPTIONS https://localhost:7274/api/v1/products - null null
2026-05-15 00:19:51.527 +05:30 [INF] CORS policy execution successful.
2026-05-15 00:19:51.528 +05:30 [INF] Request finished HTTP/2 OPTIONS https://localhost:7274/api/v1/products - 204 null null 11.0663ms
2026-05-15 00:19:51.531 +05:30 [INF] Request starting HTTP/2 OPTIONS https://localhost:7274/api/v1/products - null null
2026-05-15 00:19:51.532 +05:30 [INF] CORS policy execution successful.
2026-05-15 00:19:51.532 +05:30 [INF] Request finished HTTP/2 OPTIONS https://localhost:7274/api/v1/products - 204 null null 1.9852ms
2026-05-15 00:19:51.540 +05:30 [INF] Request starting HTTP/2 GET https://localhost:7274/api/v1/products - application/json null
2026-05-15 00:19:51.555 +05:30 [INF] CORS policy execution successful.
2026-05-15 00:19:51.557 +05:30 [INF] Executing endpoint 'eCommerce.Api.Controllers.v1.ProductsController.GetAllProducts (eCommerce.Api)'
2026-05-15 00:19:51.638 +05:30 [INF] Route matched with {action = "GetAllProducts", controller = "Products"}. Executing controller action with signature System.Threading.Tasks.Task`1[Microsoft.AspNetCore.Mvc.ActionResult`1[System.Collections.Generic.IEnumerable`1[eCommerce.Application.DTOs.Product.ProductDto]]] GetAllProducts() on controller eCommerce.Api.Controllers.v1.ProductsController (eCommerce.Api).
2026-05-15 00:19:51.866 +05:30 [INF] Executed DbCommand (20ms) [Parameters=[], CommandType='"Text"', CommandTimeout='30']
SELECT [p].[ProductId], [p].[CategoryId], [p].[Description], [p].[Discount], [p].[Gender], [p].[MadeIn], [p].[ManufacturingDate], [p].[Picture], [p].[ProductName], [p].[Quantity], [p].[ReturnPolicy], [p].[ShoeType], [p].[UnitPrice], [p].[WarrantyPeriod]
FROM [Products] AS [p]
2026-05-15 00:19:52.059 +05:30 [INF] Executing OkObjectResult, writing value of type 'System.Collections.Generic.List`1[[eCommerce.Application.DTOs.Product.ProductDto, eCommerce.Application, Version=1.0.0.0, Culture=neutral, PublicKeyToken=null]]'.
2026-05-15 00:19:52.200 +05:30 [INF] Executed action eCommerce.Api.Controllers.v1.ProductsController.GetAllProducts (eCommerce.Api) in 561.9577ms
2026-05-15 00:19:52.200 +05:30 [INF] Executed endpoint 'eCommerce.Api.Controllers.v1.ProductsController.GetAllProducts (eCommerce.Api)'
2026-05-15 00:19:52.202 +05:30 [INF] Request starting HTTP/2 GET https://localhost:7274/api/v1/products - application/json null
2026-05-15 00:19:52.202 +05:30 [INF] Request finished HTTP/2 GET https://localhost:7274/api/v1/products - 200 null application/json; charset=utf-8 661.694ms
2026-05-15 00:19:52.202 +05:30 [INF] CORS policy execution successful.
2026-05-15 00:19:52.203 +05:30 [INF] Executing endpoint 'eCommerce.Api.Controllers.v1.ProductsController.GetAllProducts (eCommerce.Api)'
2026-05-15 00:19:52.204 +05:30 [INF] Route matched with {action = "GetAllProducts", controller = "Products"}. Executing controller action with signature System.Threading.Tasks.Task`1[Microsoft.AspNetCore.Mvc.ActionResult`1[System.Collections.Generic.IEnumerable`1[eCommerce.Application.DTOs.Product.ProductDto]]] GetAllProducts() on controller eCommerce.Api.Controllers.v1.ProductsController (eCommerce.Api).
2026-05-15 00:19:52.219 +05:30 [INF] Executed DbCommand (8ms) [Parameters=[], CommandType='"Text"', CommandTimeout='30']
SELECT [p].[ProductId], [p].[CategoryId], [p].[Description], [p].[Discount], [p].[Gender], [p].[MadeIn], [p].[ManufacturingDate], [p].[Picture], [p].[ProductName], [p].[Quantity], [p].[ReturnPolicy], [p].[ShoeType], [p].[UnitPrice], [p].[WarrantyPeriod]
FROM [Products] AS [p]
2026-05-15 00:19:52.221 +05:30 [INF] Executing OkObjectResult, writing value of type 'System.Collections.Generic.List`1[[eCommerce.Application.DTOs.Product.ProductDto, eCommerce.Application, Version=1.0.0.0, Culture=neutral, PublicKeyToken=null]]'.
2026-05-15 00:19:52.239 +05:30 [INF] Executed action eCommerce.Api.Controllers.v1.ProductsController.GetAllProducts (eCommerce.Api) in 34.9027ms
2026-05-15 00:19:52.239 +05:30 [INF] Executed endpoint 'eCommerce.Api.Controllers.v1.ProductsController.GetAllProducts (eCommerce.Api)'
2026-05-15 00:19:52.239 +05:30 [INF] Request finished HTTP/2 GET https://localhost:7274/api/v1/products - 200 null application/json; charset=utf-8 38.6149ms
2026-05-15 00:19:55.199 +05:30 [INF] Request starting HTTP/2 OPTIONS https://localhost:7274/api/v1/products/1002 - null null
2026-05-15 00:19:55.204 +05:30 [INF] CORS policy execution successful.
2026-05-15 00:19:55.204 +05:30 [INF] Request finished HTTP/2 OPTIONS https://localhost:7274/api/v1/products/1002 - 204 null null 5.5247ms
2026-05-15 00:19:55.212 +05:30 [INF] Request starting HTTP/2 GET https://localhost:7274/api/v1/products/1002 - application/json null
2026-05-15 00:19:55.214 +05:30 [INF] CORS policy execution successful.
2026-05-15 00:19:55.217 +05:30 [INF] Executing endpoint 'eCommerce.Api.Controllers.v1.ProductsController.GetProductDetails (eCommerce.Api)'
2026-05-15 00:19:55.256 +05:30 [INF] Route matched with {action = "GetProductDetails", controller = "Products"}. Executing controller action with signature System.Threading.Tasks.Task`1[Microsoft.AspNetCore.Mvc.ActionResult`1[eCommerce.Application.DTOs.Product.ProductDto]] GetProductDetails(Int32) on controller eCommerce.Api.Controllers.v1.ProductsController (eCommerce.Api).
2026-05-15 00:19:55.466 +05:30 [INF] Executed DbCommand (32ms) [Parameters=[@__p_0='?' (DbType = Int32)], CommandType='"Text"', CommandTimeout='30']
SELECT TOP(1) [p].[ProductId], [p].[CategoryId], [p].[Description], [p].[Discount], [p].[Gender], [p].[MadeIn], [p].[ManufacturingDate], [p].[Picture], [p].[ProductName], [p].[Quantity], [p].[ReturnPolicy], [p].[ShoeType], [p].[UnitPrice], [p].[WarrantyPeriod]
FROM [Products] AS [p]
WHERE [p].[ProductId] = @__p_0
2026-05-15 00:19:55.475 +05:30 [INF] Executing OkObjectResult, writing value of type 'eCommerce.Application.DTOs.Product.ProductDto'.
2026-05-15 00:19:55.477 +05:30 [INF] Executed action eCommerce.Api.Controllers.v1.ProductsController.GetProductDetails (eCommerce.Api) in 221.1466ms
2026-05-15 00:19:55.477 +05:30 [INF] Executed endpoint 'eCommerce.Api.Controllers.v1.ProductsController.GetProductDetails (eCommerce.Api)'
2026-05-15 00:19:55.478 +05:30 [INF] Request finished HTTP/2 GET https://localhost:7274/api/v1/products/1002 - 200 null application/json; charset=utf-8 266.39ms
2026-05-15 00:20:07.333 +05:30 [INF] Request starting HTTP/2 OPTIONS https://localhost:7274/api/v1/Carts - null null
2026-05-15 00:20:07.340 +05:30 [INF] CORS policy execution successful.
2026-05-15 00:20:07.340 +05:30 [INF] Request finished HTTP/2 OPTIONS https://localhost:7274/api/v1/Carts - 204 null null 7.4761ms
2026-05-15 00:20:07.347 +05:30 [INF] Request starting HTTP/2 POST https://localhost:7274/api/v1/Carts - application/json 54
2026-05-15 00:20:07.349 +05:30 [INF] CORS policy execution successful.
2026-05-15 00:20:07.350 +05:30 [INF] Executing endpoint 'eCommerce.Api.Controllers.v1.CartsController.CreateCart (eCommerce.Api)'
2026-05-15 00:20:07.372 +05:30 [INF] Route matched with {action = "CreateCart", controller = "Carts"}. Executing controller action with signature System.Threading.Tasks.Task`1[Microsoft.AspNetCore.Mvc.ActionResult`1[eCommerce.Application.DTOs.Cart.CreateCartDto]] CreateCart(eCommerce.Application.DTOs.Cart.CreateCartDto) on controller eCommerce.Api.Controllers.v1.CartsController (eCommerce.Api).
2026-05-15 00:20:08.195 +05:30 [INF] Executed DbCommand (108ms) [Parameters=[@p0='?' (DbType = DateTime2), @p1='?' (DbType = Int32)], CommandType='"Text"', CommandTimeout='30']
SET IMPLICIT_TRANSACTIONS OFF;
SET NOCOUNT ON;
INSERT INTO [Carts] ([CartDate], [CustomerId])
OUTPUT INSERTED.[CartId]
VALUES (@p0, @p1);
2026-05-15 00:20:08.346 +05:30 [INF] Executing CreatedAtActionResult, writing value of type 'eCommerce.Application.DTOs.Cart.CartDto'.
2026-05-15 00:20:08.558 +05:30 [INF] Executed action eCommerce.Api.Controllers.v1.CartsController.CreateCart (eCommerce.Api) in 1185.2819ms
2026-05-15 00:20:08.558 +05:30 [INF] Executed endpoint 'eCommerce.Api.Controllers.v1.CartsController.CreateCart (eCommerce.Api)'
2026-05-15 00:20:08.559 +05:30 [INF] Request finished HTTP/2 POST https://localhost:7274/api/v1/Carts - 201 null application/json; charset=utf-8 1212.7931ms
2026-05-15 00:20:08.591 +05:30 [INF] Request starting HTTP/2 OPTIONS https://localhost:7274/api/v1/CartItems - null null
2026-05-15 00:20:08.593 +05:30 [INF] CORS policy execution successful.
2026-05-15 00:20:08.593 +05:30 [INF] Request finished HTTP/2 OPTIONS https://localhost:7274/api/v1/CartItems - 204 null null 4.2393ms
2026-05-15 00:20:08.598 +05:30 [INF] Request starting HTTP/2 POST https://localhost:7274/api/v1/CartItems - application/json 58
2026-05-15 00:20:08.599 +05:30 [INF] CORS policy execution successful.
2026-05-15 00:20:08.600 +05:30 [INF] Executing endpoint 'eCommerce.Api.Controllers.v1.CartItemsController.CreatecartItem (eCommerce.Api)'
2026-05-15 00:20:08.610 +05:30 [INF] Route matched with {action = "CreatecartItem", controller = "CartItems"}. Executing controller action with signature System.Threading.Tasks.Task`1[Microsoft.AspNetCore.Mvc.ActionResult`1[eCommerce.Application.DTOs.CartItem.CreateCartItemDto]] CreatecartItem(eCommerce.Application.DTOs.CartItem.CreateCartItemDto) on controller eCommerce.Api.Controllers.v1.CartItemsController (eCommerce.Api).
2026-05-15 00:20:08.758 +05:30 [INF] Executed DbCommand (20ms) [Parameters=[@p0='?' (DbType = Int32), @p1='?' (DbType = Int32), @p2='?' (DbType = Int32), @p3='?' (DbType = Int32)], CommandType='"Text"', CommandTimeout='30']
SET IMPLICIT_TRANSACTIONS OFF;
SET NOCOUNT ON;
INSERT INTO [CartItems] ([CartId], [ProductId], [Quantity], [Size])
OUTPUT INSERTED.[CartItemId]
VALUES (@p0, @p1, @p2, @p3);
2026-05-15 00:20:08.773 +05:30 [INF] Executing CreatedAtActionResult, writing value of type 'eCommerce.Application.DTOs.CartItem.CartItemDto'.
2026-05-15 00:20:08.784 +05:30 [INF] Executed action eCommerce.Api.Controllers.v1.CartItemsController.CreatecartItem (eCommerce.Api) in 173.9386ms
2026-05-15 00:20:08.784 +05:30 [INF] Executed endpoint 'eCommerce.Api.Controllers.v1.CartItemsController.CreatecartItem (eCommerce.Api)'
2026-05-15 00:20:08.784 +05:30 [INF] Request finished HTTP/2 POST https://localhost:7274/api/v1/CartItems - 201 null application/json; charset=utf-8 187.807ms
2026-05-15 00:20:08.821 +05:30 [INF] Request starting HTTP/2 GET https://localhost:7274/api/v1/CartItems - application/json null
2026-05-15 00:20:08.822 +05:30 [INF] CORS policy execution successful.
2026-05-15 00:20:08.823 +05:30 [INF] Executing endpoint 'eCommerce.Api.Controllers.v1.CartItemsController.GetAllcartItems (eCommerce.Api)'
2026-05-15 00:20:08.832 +05:30 [INF] Route matched with {action = "GetAllcartItems", controller = "CartItems"}. Executing controller action with signature System.Threading.Tasks.Task`1[Microsoft.AspNetCore.Mvc.ActionResult`1[System.Collections.Generic.IEnumerable`1[eCommerce.Application.DTOs.CartItem.CartItemDto]]] GetAllcartItems() on controller eCommerce.Api.Controllers.v1.CartItemsController (eCommerce.Api).
2026-05-15 00:20:08.863 +05:30 [INF] Executed DbCommand (11ms) [Parameters=[], CommandType='"Text"', CommandTimeout='30']
SELECT [c].[CartItemId], [c].[CartId], [c].[ProductId], [c].[Quantity], [c].[Size]
FROM [CartItems] AS [c]
2026-05-15 00:20:08.880 +05:30 [INF] Executing OkObjectResult, writing value of type 'System.Collections.Generic.List`1[[eCommerce.Application.DTOs.CartItem.CartItemDto, eCommerce.Application, Version=1.0.0.0, Culture=neutral, PublicKeyToken=null]]'.
2026-05-15 00:20:08.883 +05:30 [INF] Executed action eCommerce.Api.Controllers.v1.CartItemsController.GetAllcartItems (eCommerce.Api) in 51.4086ms
2026-05-15 00:20:08.883 +05:30 [INF] Executed endpoint 'eCommerce.Api.Controllers.v1.CartItemsController.GetAllcartItems (eCommerce.Api)'
2026-05-15 00:20:08.884 +05:30 [INF] Request finished HTTP/2 GET https://localhost:7274/api/v1/CartItems - 200 null application/json; charset=utf-8 63.3024ms
2026-05-15 00:20:08.898 +05:30 [INF] Request starting HTTP/2 OPTIONS https://localhost:7274/api/v1/products/1002 - null null
2026-05-15 00:20:08.900 +05:30 [INF] CORS policy execution successful.
2026-05-15 00:20:08.900 +05:30 [INF] Request finished HTTP/2 OPTIONS https://localhost:7274/api/v1/products/1002 - 204 null null 2.4538ms
2026-05-15 00:20:08.904 +05:30 [INF] Request starting HTTP/2 GET https://localhost:7274/api/v1/products/1002 - application/json null
2026-05-15 00:20:08.905 +05:30 [INF] CORS policy execution successful.
2026-05-15 00:20:08.906 +05:30 [INF] Executing endpoint 'eCommerce.Api.Controllers.v1.ProductsController.GetProductDetails (eCommerce.Api)'
2026-05-15 00:20:08.906 +05:30 [INF] Route matched with {action = "GetProductDetails", controller = "Products"}. Executing controller action with signature System.Threading.Tasks.Task`1[Microsoft.AspNetCore.Mvc.ActionResult`1[eCommerce.Application.DTOs.Product.ProductDto]] GetProductDetails(Int32) on controller eCommerce.Api.Controllers.v1.ProductsController (eCommerce.Api).
2026-05-15 00:20:08.918 +05:30 [INF] Executed DbCommand (8ms) [Parameters=[@__p_0='?' (DbType = Int32)], CommandType='"Text"', CommandTimeout='30']
SELECT TOP(1) [p].[ProductId], [p].[CategoryId], [p].[Description], [p].[Discount], [p].[Gender], [p].[MadeIn], [p].[ManufacturingDate], [p].[Picture], [p].[ProductName], [p].[Quantity], [p].[ReturnPolicy], [p].[ShoeType], [p].[UnitPrice], [p].[WarrantyPeriod]
FROM [Products] AS [p]
WHERE [p].[ProductId] = @__p_0
2026-05-15 00:20:08.919 +05:30 [INF] Executing OkObjectResult, writing value of type 'eCommerce.Application.DTOs.Product.ProductDto'.
2026-05-15 00:20:08.920 +05:30 [INF] Executed action eCommerce.Api.Controllers.v1.ProductsController.GetProductDetails (eCommerce.Api) in 13.6026ms
2026-05-15 00:20:08.920 +05:30 [INF] Executed endpoint 'eCommerce.Api.Controllers.v1.ProductsController.GetProductDetails (eCommerce.Api)'
2026-05-15 00:20:08.920 +05:30 [INF] Request finished HTTP/2 GET https://localhost:7274/api/v1/products/1002 - 200 null application/json; charset=utf-8 16.7785ms
2026-05-15 00:21:56.359 +05:30 [INF] Request starting HTTP/2 OPTIONS https://localhost:7274/api/v1/CartItems - null null
2026-05-15 00:21:56.503 +05:30 [INF] CORS policy execution successful.
2026-05-15 00:21:56.534 +05:30 [INF] Request finished HTTP/2 OPTIONS https://localhost:7274/api/v1/CartItems - 204 null null 402.4016ms
2026-05-15 00:21:56.582 +05:30 [INF] Request starting HTTP/2 GET https://localhost:7274/api/v1/CartItems - application/json null
2026-05-15 00:21:56.618 +05:30 [INF] CORS policy execution successful.
2026-05-15 00:21:56.724 +05:30 [INF] Executing endpoint 'eCommerce.Api.Controllers.v1.CartItemsController.GetAllcartItems (eCommerce.Api)'
2026-05-15 00:21:56.759 +05:30 [INF] Route matched with {action = "GetAllcartItems", controller = "CartItems"}. Executing controller action with signature System.Threading.Tasks.Task`1[Microsoft.AspNetCore.Mvc.ActionResult`1[System.Collections.Generic.IEnumerable`1[eCommerce.Application.DTOs.CartItem.CartItemDto]]] GetAllcartItems() on controller eCommerce.Api.Controllers.v1.CartItemsController (eCommerce.Api).
2026-05-15 00:21:57.481 +05:30 [INF] Executed DbCommand (306ms) [Parameters=[], CommandType='"Text"', CommandTimeout='30']
SELECT [c].[CartItemId], [c].[CartId], [c].[ProductId], [c].[Quantity], [c].[Size]
FROM [CartItems] AS [c]
2026-05-15 00:21:57.589 +05:30 [INF] Executing OkObjectResult, writing value of type 'System.Collections.Generic.List`1[[eCommerce.Application.DTOs.CartItem.CartItemDto, eCommerce.Application, Version=1.0.0.0, Culture=neutral, PublicKeyToken=null]]'.
2026-05-15 00:21:57.649 +05:30 [INF] Executed action eCommerce.Api.Controllers.v1.CartItemsController.GetAllcartItems (eCommerce.Api) in 882.1963ms
2026-05-15 00:21:57.651 +05:30 [INF] Executed endpoint 'eCommerce.Api.Controllers.v1.CartItemsController.GetAllcartItems (eCommerce.Api)'
2026-05-15 00:21:57.657 +05:30 [INF] Request finished HTTP/2 GET https://localhost:7274/api/v1/CartItems - 200 null application/json; charset=utf-8 1073.1956ms
2026-05-15 00:21:57.728 +05:30 [INF] Request starting HTTP/2 OPTIONS https://localhost:7274/api/v1/products/1002 - null null
2026-05-15 00:21:57.745 +05:30 [INF] CORS policy execution successful.
2026-05-15 00:21:57.747 +05:30 [INF] Request finished HTTP/2 OPTIONS https://localhost:7274/api/v1/products/1002 - 204 null null 18.8783ms
2026-05-15 00:21:57.779 +05:30 [INF] Request starting HTTP/2 GET https://localhost:7274/api/v1/products/1002 - application/json null
2026-05-15 00:21:57.834 +05:30 [INF] CORS policy execution successful.
2026-05-15 00:21:57.860 +05:30 [INF] Executing endpoint 'eCommerce.Api.Controllers.v1.ProductsController.GetProductDetails (eCommerce.Api)'
2026-05-15 00:21:57.863 +05:30 [INF] Route matched with {action = "GetProductDetails", controller = "Products"}. Executing controller action with signature System.Threading.Tasks.Task`1[Microsoft.AspNetCore.Mvc.ActionResult`1[eCommerce.Application.DTOs.Product.ProductDto]] GetProductDetails(Int32) on controller eCommerce.Api.Controllers.v1.ProductsController (eCommerce.Api).
2026-05-15 00:21:59.301 +05:30 [INF] Executed DbCommand (987ms) [Parameters=[@__p_0='?' (DbType = Int32)], CommandType='"Text"', CommandTimeout='30']
SELECT TOP(1) [p].[ProductId], [p].[CategoryId], [p].[Description], [p].[Discount], [p].[Gender], [p].[MadeIn], [p].[ManufacturingDate], [p].[Picture], [p].[ProductName], [p].[Quantity], [p].[ReturnPolicy], [p].[ShoeType], [p].[UnitPrice], [p].[WarrantyPeriod]
FROM [Products] AS [p]
WHERE [p].[ProductId] = @__p_0
2026-05-15 00:21:59.337 +05:30 [INF] Executing OkObjectResult, writing value of type 'eCommerce.Application.DTOs.Product.ProductDto'.
2026-05-15 00:21:59.363 +05:30 [INF] Executed action eCommerce.Api.Controllers.v1.ProductsController.GetProductDetails (eCommerce.Api) in 1500.1817ms
2026-05-15 00:21:59.364 +05:30 [INF] Executed endpoint 'eCommerce.Api.Controllers.v1.ProductsController.GetProductDetails (eCommerce.Api)'
2026-05-15 00:21:59.365 +05:30 [INF] Request finished HTTP/2 GET https://localhost:7274/api/v1/products/1002 - 200 null application/json; charset=utf-8 1594.751ms
2026-05-15 00:22:19.082 +05:30 [INF] Request starting HTTP/2 OPTIONS https://localhost:7274/api/v1/CartItems - null null
2026-05-15 00:22:19.220 +05:30 [INF] CORS policy execution successful.
2026-05-15 00:22:19.247 +05:30 [INF] Request finished HTTP/2 OPTIONS https://localhost:7274/api/v1/CartItems - 204 null null 196.4897ms
2026-05-15 00:22:19.272 +05:30 [INF] Request starting HTTP/2 GET https://localhost:7274/api/v1/CartItems - application/json null
2026-05-15 00:22:19.300 +05:30 [INF] CORS policy execution successful.
2026-05-15 00:22:19.428 +05:30 [INF] Executing endpoint 'eCommerce.Api.Controllers.v1.CartItemsController.GetAllcartItems (eCommerce.Api)'
2026-05-15 00:22:19.457 +05:30 [INF] Route matched with {action = "GetAllcartItems", controller = "CartItems"}. Executing controller action with signature System.Threading.Tasks.Task`1[Microsoft.AspNetCore.Mvc.ActionResult`1[System.Collections.Generic.IEnumerable`1[eCommerce.Application.DTOs.CartItem.CartItemDto]]] GetAllcartItems() on controller eCommerce.Api.Controllers.v1.CartItemsController (eCommerce.Api).
2026-05-15 00:22:20.483 +05:30 [INF] Executed DbCommand (783ms) [Parameters=[], CommandType='"Text"', CommandTimeout='30']
SELECT [c].[CartItemId], [c].[CartId], [c].[ProductId], [c].[Quantity], [c].[Size]
FROM [CartItems] AS [c]
2026-05-15 00:22:20.540 +05:30 [INF] Executing OkObjectResult, writing value of type 'System.Collections.Generic.List`1[[eCommerce.Application.DTOs.CartItem.CartItemDto, eCommerce.Application, Version=1.0.0.0, Culture=neutral, PublicKeyToken=null]]'.
2026-05-15 00:22:20.576 +05:30 [INF] Executed action eCommerce.Api.Controllers.v1.CartItemsController.GetAllcartItems (eCommerce.Api) in 1113.6913ms
2026-05-15 00:22:20.577 +05:30 [INF] Executed endpoint 'eCommerce.Api.Controllers.v1.CartItemsController.GetAllcartItems (eCommerce.Api)'
2026-05-15 00:22:20.581 +05:30 [INF] Request finished HTTP/2 GET https://localhost:7274/api/v1/CartItems - 200 null application/json; charset=utf-8 1307.7691ms
2026-05-15 00:22:20.763 +05:30 [INF] Request starting HTTP/2 OPTIONS https://localhost:7274/api/v1/products/1002 - null null
2026-05-15 00:22:20.822 +05:30 [INF] CORS policy execution successful.
2026-05-15 00:22:20.822 +05:30 [INF] Request finished HTTP/2 OPTIONS https://localhost:7274/api/v1/products/1002 - 204 null null 58.5403ms
2026-05-15 00:22:20.830 +05:30 [INF] Request starting HTTP/2 GET https://localhost:7274/api/v1/products/1002 - application/json null
2026-05-15 00:22:20.837 +05:30 [INF] CORS policy execution successful.
2026-05-15 00:22:20.845 +05:30 [INF] Executing endpoint 'eCommerce.Api.Controllers.v1.ProductsController.GetProductDetails (eCommerce.Api)'
2026-05-15 00:22:20.846 +05:30 [INF] Route matched with {action = "GetProductDetails", controller = "Products"}. Executing controller action with signature System.Threading.Tasks.Task`1[Microsoft.AspNetCore.Mvc.ActionResult`1[eCommerce.Application.DTOs.Product.ProductDto]] GetProductDetails(Int32) on controller eCommerce.Api.Controllers.v1.ProductsController (eCommerce.Api).
2026-05-15 00:22:21.307 +05:30 [INF] Executed DbCommand (262ms) [Parameters=[@__p_0='?' (DbType = Int32)], CommandType='"Text"', CommandTimeout='30']
SELECT TOP(1) [p].[ProductId], [p].[CategoryId], [p].[Description], [p].[Discount], [p].[Gender], [p].[MadeIn], [p].[ManufacturingDate], [p].[Picture], [p].[ProductName], [p].[Quantity], [p].[ReturnPolicy], [p].[ShoeType], [p].[UnitPrice], [p].[WarrantyPeriod]
FROM [Products] AS [p]
WHERE [p].[ProductId] = @__p_0
2026-05-15 00:22:21.333 +05:30 [INF] Executing OkObjectResult, writing value of type 'eCommerce.Application.DTOs.Product.ProductDto'.
2026-05-15 00:22:21.350 +05:30 [INF] Executed action eCommerce.Api.Controllers.v1.ProductsController.GetProductDetails (eCommerce.Api) in 503.4077ms
2026-05-15 00:22:21.350 +05:30 [INF] Executed endpoint 'eCommerce.Api.Controllers.v1.ProductsController.GetProductDetails (eCommerce.Api)'
2026-05-15 00:22:21.351 +05:30 [INF] Request finished HTTP/2 GET https://localhost:7274/api/v1/products/1002 - 200 null application/json; charset=utf-8 522.1003ms
2026-05-15 00:22:43.148 +05:30 [INF] Request starting HTTP/2 OPTIONS https://localhost:7274/api/v1/CartItems - null null
2026-05-15 00:22:43.247 +05:30 [INF] CORS policy execution successful.
2026-05-15 00:22:43.258 +05:30 [INF] Request finished HTTP/2 OPTIONS https://localhost:7274/api/v1/CartItems - 204 null null 124.3786ms
2026-05-15 00:22:43.276 +05:30 [INF] Request starting HTTP/2 GET https://localhost:7274/api/v1/CartItems - application/json null
2026-05-15 00:22:43.304 +05:30 [INF] CORS policy execution successful.
2026-05-15 00:22:43.408 +05:30 [INF] Executing endpoint 'eCommerce.Api.Controllers.v1.CartItemsController.GetAllcartItems (eCommerce.Api)'
2026-05-15 00:22:43.440 +05:30 [INF] Route matched with {action = "GetAllcartItems", controller = "CartItems"}. Executing controller action with signature System.Threading.Tasks.Task`1[Microsoft.AspNetCore.Mvc.ActionResult`1[System.Collections.Generic.IEnumerable`1[eCommerce.Application.DTOs.CartItem.CartItemDto]]] GetAllcartItems() on controller eCommerce.Api.Controllers.v1.CartItemsController (eCommerce.Api).
2026-05-15 00:22:44.504 +05:30 [INF] Executed DbCommand (831ms) [Parameters=[], CommandType='"Text"', CommandTimeout='30']
SELECT [c].[CartItemId], [c].[CartId], [c].[ProductId], [c].[Quantity], [c].[Size]
FROM [CartItems] AS [c]
2026-05-15 00:22:44.593 +05:30 [INF] Executing OkObjectResult, writing value of type 'System.Collections.Generic.List`1[[eCommerce.Application.DTOs.CartItem.CartItemDto, eCommerce.Application, Version=1.0.0.0, Culture=neutral, PublicKeyToken=null]]'.
2026-05-15 00:22:44.636 +05:30 [INF] Executed action eCommerce.Api.Controllers.v1.CartItemsController.GetAllcartItems (eCommerce.Api) in 1192.2679ms
2026-05-15 00:22:44.638 +05:30 [INF] Executed endpoint 'eCommerce.Api.Controllers.v1.CartItemsController.GetAllcartItems (eCommerce.Api)'
2026-05-15 00:22:44.643 +05:30 [INF] Request finished HTTP/2 GET https://localhost:7274/api/v1/CartItems - 200 null application/json; charset=utf-8 1367.8158ms
2026-05-15 00:22:44.689 +05:30 [INF] Request starting HTTP/2 OPTIONS https://localhost:7274/api/v1/products/1002 - null null
2026-05-15 00:22:44.704 +05:30 [INF] CORS policy execution successful.
2026-05-15 00:22:44.704 +05:30 [INF] Request finished HTTP/2 OPTIONS https://localhost:7274/api/v1/products/1002 - 204 null null 15.2975ms
2026-05-15 00:22:44.712 +05:30 [INF] Request starting HTTP/2 GET https://localhost:7274/api/v1/products/1002 - application/json null
2026-05-15 00:22:44.733 +05:30 [INF] CORS policy execution successful.
2026-05-15 00:22:44.796 +05:30 [INF] Executing endpoint 'eCommerce.Api.Controllers.v1.ProductsController.GetProductDetails (eCommerce.Api)'
2026-05-15 00:22:44.799 +05:30 [INF] Route matched with {action = "GetProductDetails", controller = "Products"}. Executing controller action with signature System.Threading.Tasks.Task`1[Microsoft.AspNetCore.Mvc.ActionResult`1[eCommerce.Application.DTOs.Product.ProductDto]] GetProductDetails(Int32) on controller eCommerce.Api.Controllers.v1.ProductsController (eCommerce.Api).
2026-05-15 00:22:45.204 +05:30 [INF] Executed DbCommand (191ms) [Parameters=[@__p_0='?' (DbType = Int32)], CommandType='"Text"', CommandTimeout='30']
SELECT TOP(1) [p].[ProductId], [p].[CategoryId], [p].[Description], [p].[Discount], [p].[Gender], [p].[MadeIn], [p].[ManufacturingDate], [p].[Picture], [p].[ProductName], [p].[Quantity], [p].[ReturnPolicy], [p].[ShoeType], [p].[UnitPrice], [p].[WarrantyPeriod]
FROM [Products] AS [p]
WHERE [p].[ProductId] = @__p_0
2026-05-15 00:22:45.227 +05:30 [INF] Executing OkObjectResult, writing value of type 'eCommerce.Application.DTOs.Product.ProductDto'.
2026-05-15 00:22:45.250 +05:30 [INF] Executed action eCommerce.Api.Controllers.v1.ProductsController.GetProductDetails (eCommerce.Api) in 450.0768ms
2026-05-15 00:22:45.250 +05:30 [INF] Executed endpoint 'eCommerce.Api.Controllers.v1.ProductsController.GetProductDetails (eCommerce.Api)'
2026-05-15 00:22:45.250 +05:30 [INF] Request finished HTTP/2 GET https://localhost:7274/api/v1/products/1002 - 200 null application/json; charset=utf-8 539.4552ms
2026-05-15 00:23:23.873 +05:30 [INF] Request starting HTTP/2 OPTIONS https://localhost:7274/api/v1/CartItems/107 - null null
2026-05-15 00:23:23.951 +05:30 [INF] CORS policy execution successful.
2026-05-15 00:23:23.957 +05:30 [INF] Request finished HTTP/2 OPTIONS https://localhost:7274/api/v1/CartItems/107 - 204 null null 91.2817ms
2026-05-15 00:23:24.010 +05:30 [INF] Request starting HTTP/2 DELETE https://localhost:7274/api/v1/CartItems/107 - application/json null
2026-05-15 00:23:24.018 +05:30 [INF] CORS policy execution successful.
2026-05-15 00:23:24.104 +05:30 [INF] Executing endpoint 'eCommerce.Api.Controllers.v1.CartItemsController.DeleteCartItem (eCommerce.Api)'
2026-05-15 00:23:24.672 +05:30 [INF] Route matched with {action = "DeleteCartItem", controller = "CartItems"}. Executing controller action with signature System.Threading.Tasks.Task`1[Microsoft.AspNetCore.Mvc.ActionResult] DeleteCartItem(Int32) on controller eCommerce.Api.Controllers.v1.CartItemsController (eCommerce.Api).
2026-05-15 00:23:25.004 +05:30 [INF] Request starting HTTP/2 DELETE https://localhost:7274/api/v1/CartItems/107 - application/json null
2026-05-15 00:23:25.007 +05:30 [INF] CORS policy execution successful.
2026-05-15 00:23:25.008 +05:30 [INF] Executing endpoint 'eCommerce.Api.Controllers.v1.CartItemsController.DeleteCartItem (eCommerce.Api)'
2026-05-15 00:23:25.010 +05:30 [INF] Route matched with {action = "DeleteCartItem", controller = "CartItems"}. Executing controller action with signature System.Threading.Tasks.Task`1[Microsoft.AspNetCore.Mvc.ActionResult] DeleteCartItem(Int32) on controller eCommerce.Api.Controllers.v1.CartItemsController (eCommerce.Api).
2026-05-15 00:23:25.651 +05:30 [INF] Executed DbCommand (346ms) [Parameters=[@__p_0='?' (DbType = Int32)], CommandType='"Text"', CommandTimeout='30']
SELECT TOP(1) [c].[CartItemId], [c].[CartId], [c].[ProductId], [c].[Quantity], [c].[Size]
FROM [CartItems] AS [c]
WHERE [c].[CartItemId] = @__p_0
2026-05-15 00:23:25.651 +05:30 [INF] Executed DbCommand (144ms) [Parameters=[@__p_0='?' (DbType = Int32)], CommandType='"Text"', CommandTimeout='30']
SELECT TOP(1) [c].[CartItemId], [c].[CartId], [c].[ProductId], [c].[Quantity], [c].[Size]
FROM [CartItems] AS [c]
WHERE [c].[CartItemId] = @__p_0
2026-05-15 00:23:25.944 +05:30 [INF] Executed DbCommand (101ms) [Parameters=[@p0='?' (DbType = Int32)], CommandType='"Text"', CommandTimeout='30']
SET IMPLICIT_TRANSACTIONS OFF;
SET NOCOUNT ON;
DELETE FROM [CartItems]
OUTPUT 1
WHERE [CartItemId] = @p0;
2026-05-15 00:23:25.944 +05:30 [INF] Executed DbCommand (100ms) [Parameters=[@p0='?' (DbType = Int32)], CommandType='"Text"', CommandTimeout='30']
SET IMPLICIT_TRANSACTIONS OFF;
SET NOCOUNT ON;
DELETE FROM [CartItems]
OUTPUT 1
WHERE [CartItemId] = @p0;
2026-05-15 00:23:26.048 +05:30 [INF] Executing StatusCodeResult, setting HTTP status code 204
2026-05-15 00:23:26.050 +05:30 [INF] Executed action eCommerce.Api.Controllers.v1.CartItemsController.DeleteCartItem (eCommerce.Api) in 1375.9808ms
2026-05-15 00:23:26.051 +05:30 [INF] Executed endpoint 'eCommerce.Api.Controllers.v1.CartItemsController.DeleteCartItem (eCommerce.Api)'
2026-05-15 00:23:26.054 +05:30 [INF] Request finished HTTP/2 DELETE https://localhost:7274/api/v1/CartItems/107 - 204 null null 2045.8294ms
2026-05-15 00:23:26.652 +05:30 [INF] Request starting HTTP/2 DELETE https://localhost:7274/api/v1/CartItems/107 - application/json null
2026-05-15 00:23:26.652 +05:30 [INF] CORS policy execution successful.
2026-05-15 00:23:26.721 +05:30 [INF] Request starting HTTP/2 OPTIONS https://localhost:7274/api/v1/CartItems - null null
2026-05-15 00:23:26.824 +05:30 [INF] CORS policy execution successful.
2026-05-15 00:23:26.824 +05:30 [INF] Executing endpoint 'eCommerce.Api.Controllers.v1.CartItemsController.DeleteCartItem (eCommerce.Api)'
2026-05-15 00:23:26.824 +05:30 [INF] Route matched with {action = "DeleteCartItem", controller = "CartItems"}. Executing controller action with signature System.Threading.Tasks.Task`1[Microsoft.AspNetCore.Mvc.ActionResult] DeleteCartItem(Int32) on controller eCommerce.Api.Controllers.v1.CartItemsController (eCommerce.Api).
2026-05-15 00:23:26.824 +05:30 [INF] Request finished HTTP/2 OPTIONS https://localhost:7274/api/v1/CartItems - 204 null null 103.0391ms
2026-05-15 00:23:26.838 +05:30 [INF] Request starting HTTP/2 GET https://localhost:7274/api/v1/CartItems - application/json null
2026-05-15 00:23:26.841 +05:30 [INF] Executed DbCommand (13ms) [Parameters=[@__p_0='?' (DbType = Int32)], CommandType='"Text"', CommandTimeout='30']
SELECT TOP(1) [c].[CartItemId], [c].[CartId], [c].[ProductId], [c].[Quantity], [c].[Size]
FROM [CartItems] AS [c]
WHERE [c].[CartItemId] = @__p_0
2026-05-15 00:23:26.858 +05:30 [INF] CORS policy execution successful.
2026-05-15 00:23:26.859 +05:30 [INF] Executing ObjectResult, writing value of type '<>f__AnonymousType1`1[[System.String, System.Private.CoreLib, Version=8.0.0.0, Culture=neutral, PublicKeyToken=7cec85d7bea7798e]]'.
2026-05-15 00:23:26.898 +05:30 [INF] Executed action eCommerce.Api.Controllers.v1.CartItemsController.DeleteCartItem (eCommerce.Api) in 1888.3039ms
2026-05-15 00:23:26.900 +05:30 [INF] Executing endpoint 'eCommerce.Api.Controllers.v1.CartItemsController.GetAllcartItems (eCommerce.Api)'
2026-05-15 00:23:26.900 +05:30 [INF] Route matched with {action = "GetAllcartItems", controller = "CartItems"}. Executing controller action with signature System.Threading.Tasks.Task`1[Microsoft.AspNetCore.Mvc.ActionResult`1[System.Collections.Generic.IEnumerable`1[eCommerce.Application.DTOs.CartItem.CartItemDto]]] GetAllcartItems() on controller eCommerce.Api.Controllers.v1.CartItemsController (eCommerce.Api).
2026-05-15 00:23:26.901 +05:30 [INF] Executed endpoint 'eCommerce.Api.Controllers.v1.CartItemsController.DeleteCartItem (eCommerce.Api)'
2026-05-15 00:23:26.918 +05:30 [INF] Executed DbCommand (11ms) [Parameters=[], CommandType='"Text"', CommandTimeout='30']
SELECT [c].[CartItemId], [c].[CartId], [c].[ProductId], [c].[Quantity], [c].[Size]
FROM [CartItems] AS [c]
2026-05-15 00:23:26.920 +05:30 [INF] Executing StatusCodeResult, setting HTTP status code 204
2026-05-15 00:23:26.920 +05:30 [INF] Executed action eCommerce.Api.Controllers.v1.CartItemsController.GetAllcartItems (eCommerce.Api) in 19.3791ms
2026-05-15 00:23:26.920 +05:30 [INF] Executed endpoint 'eCommerce.Api.Controllers.v1.CartItemsController.GetAllcartItems (eCommerce.Api)'
2026-05-15 00:23:26.920 +05:30 [INF] Request finished HTTP/2 GET https://localhost:7274/api/v1/CartItems - 204 null null 83.6933ms
2026-05-15 00:23:26.934 +05:30 [ERR] An unhandled exception has occurred while executing the request.
Microsoft.EntityFrameworkCore.DbUpdateConcurrencyException: The database operation was expected to affect 1 row(s), but actually affected 0 row(s); data may have been modified or deleted since entities were loaded. See https://go.microsoft.com/fwlink/?LinkId=527962 for information on understanding and handling optimistic concurrency exceptions.
   at Microsoft.EntityFrameworkCore.Update.AffectedCountModificationCommandBatch.ThrowAggregateUpdateConcurrencyExceptionAsync(RelationalDataReader reader, Int32 commandIndex, Int32 expectedRowsAffected, Int32 rowsAffected, CancellationToken cancellationToken)
   at Microsoft.EntityFrameworkCore.Update.AffectedCountModificationCommandBatch.ConsumeResultSetWithRowsAffectedOnlyAsync(Int32 commandIndex, RelationalDataReader reader, CancellationToken cancellationToken)
   at Microsoft.EntityFrameworkCore.Update.AffectedCountModificationCommandBatch.ConsumeAsync(RelationalDataReader reader, CancellationToken cancellationToken)
   at Microsoft.EntityFrameworkCore.Update.ReaderModificationCommandBatch.ExecuteAsync(IRelationalConnection connection, CancellationToken cancellationToken)
   at Microsoft.EntityFrameworkCore.Update.ReaderModificationCommandBatch.ExecuteAsync(IRelationalConnection connection, CancellationToken cancellationToken)
   at Microsoft.EntityFrameworkCore.SqlServer.Update.Internal.SqlServerModificationCommandBatch.ExecuteAsync(IRelationalConnection connection, CancellationToken cancellationToken)
   at Microsoft.EntityFrameworkCore.Update.Internal.BatchExecutor.ExecuteAsync(IEnumerable`1 commandBatches, IRelationalConnection connection, CancellationToken cancellationToken)
   at Microsoft.EntityFrameworkCore.Update.Internal.BatchExecutor.ExecuteAsync(IEnumerable`1 commandBatches, IRelationalConnection connection, CancellationToken cancellationToken)
   at Microsoft.EntityFrameworkCore.Update.Internal.BatchExecutor.ExecuteAsync(IEnumerable`1 commandBatches, IRelationalConnection connection, CancellationToken cancellationToken)
   at Microsoft.EntityFrameworkCore.ChangeTracking.Internal.StateManager.SaveChangesAsync(IList`1 entriesToSave, CancellationToken cancellationToken)
   at Microsoft.EntityFrameworkCore.ChangeTracking.Internal.StateManager.SaveChangesAsync(StateManager stateManager, Boolean acceptAllChangesOnSuccess, CancellationToken cancellationToken)
   at Microsoft.EntityFrameworkCore.SqlServer.Storage.Internal.SqlServerExecutionStrategy.ExecuteAsync[TState,TResult](TState state, Func`4 operation, Func`4 verifySucceeded, CancellationToken cancellationToken)
   at Microsoft.EntityFrameworkCore.DbContext.SaveChangesAsync(Boolean acceptAllChangesOnSuccess, CancellationToken cancellationToken)
   at eCommerce.Infrastructure.CommonRepository`1.DeleteAsync(Int32 id) in C:\Users\pilli\OneDrive\Desktop\.net&angular training\ASP.NETCoreWebAPI\CleanArchitecture\eCommerce.Infrastructure\CommonRepository.cs:line 40
   at eCommerce.Application.Services.CartItemService.DeleteCartItem(Int32 id) in C:\Users\pilli\OneDrive\Desktop\.net&angular training\ASP.NETCoreWebAPI\CleanArchitecture\eCommerce.Application\Services\CartItemService.cs:line 33
   at eCommerce.Api.Controllers.v1.CartItemsController.DeleteCartItem(Int32 id) in C:\Users\pilli\OneDrive\Desktop\.net&angular training\ASP.NETCoreWebAPI\CleanArchitecture\eCommerce.Api\Controllers\v1\CartItemsController.cs:line 115
   at lambda_method432(Closure, Object)
   at Microsoft.AspNetCore.Mvc.Infrastructure.ActionMethodExecutor.TaskOfActionResultExecutor.Execute(ActionContext actionContext, IActionResultTypeMapper mapper, ObjectMethodExecutor executor, Object controller, Object[] arguments)
   at Microsoft.AspNetCore.Mvc.Infrastructure.ControllerActionInvoker.<InvokeActionMethodAsync>g__Awaited|12_0(ControllerActionInvoker invoker, ValueTask`1 actionResultValueTask)
   at Microsoft.AspNetCore.Mvc.Infrastructure.ControllerActionInvoker.<InvokeNextActionFilterAsync>g__Awaited|10_0(ControllerActionInvoker invoker, Task lastTask, State next, Scope scope, Object state, Boolean isCompleted)
   at Microsoft.AspNetCore.Mvc.Infrastructure.ControllerActionInvoker.Rethrow(ActionExecutedContextSealed context)
   at Microsoft.AspNetCore.Mvc.Infrastructure.ControllerActionInvoker.Next(State& next, Scope& scope, Object& state, Boolean& isCompleted)
   at Microsoft.AspNetCore.Mvc.Infrastructure.ControllerActionInvoker.<InvokeInnerFilterAsync>g__Awaited|13_0(ControllerActionInvoker invoker, Task lastTask, State next, Scope scope, Object state, Boolean isCompleted)
   at Microsoft.AspNetCore.Mvc.Infrastructure.ResourceInvoker.<InvokeFilterPipelineAsync>g__Awaited|20_0(ResourceInvoker invoker, Task lastTask, State next, Scope scope, Object state, Boolean isCompleted)
   at Microsoft.AspNetCore.Mvc.Infrastructure.ResourceInvoker.<InvokeAsync>g__Logged|17_1(ResourceInvoker invoker)
   at Microsoft.AspNetCore.Mvc.Infrastructure.ResourceInvoker.<InvokeAsync>g__Logged|17_1(ResourceInvoker invoker)
   at Microsoft.AspNetCore.Routing.EndpointMiddleware.<Invoke>g__AwaitRequestTask|7_0(Endpoint endpoint, Task requestTask, ILogger logger)
   at Microsoft.AspNetCore.Authorization.AuthorizationMiddleware.Invoke(HttpContext context)
   at Microsoft.AspNetCore.Authentication.AuthenticationMiddleware.Invoke(HttpContext context)
   at Swashbuckle.AspNetCore.SwaggerUI.SwaggerUIMiddleware.Invoke(HttpContext httpContext)
   at Swashbuckle.AspNetCore.Swagger.SwaggerMiddleware.Invoke(HttpContext httpContext, ISwaggerProvider swaggerProvider)
   at Microsoft.AspNetCore.Diagnostics.ExceptionHandlerMiddlewareImpl.<Invoke>g__Awaited|10_0(ExceptionHandlerMiddlewareImpl middleware, HttpContext context, Task task)
2026-05-15 00:23:26.975 +05:30 [INF] Executed action eCommerce.Api.Controllers.v1.CartItemsController.DeleteCartItem (eCommerce.Api) in 151.168ms
2026-05-15 00:23:27.223 +05:30 [INF] Executed endpoint 'eCommerce.Api.Controllers.v1.CartItemsController.DeleteCartItem (eCommerce.Api)'
2026-05-15 00:23:27.224 +05:30 [INF] Request finished HTTP/2 DELETE https://localhost:7274/api/v1/CartItems/107 - 500 null application/json; charset=utf-8 575.9127ms
2026-05-15 00:23:27.276 +05:30 [ERR] Exception occurred: The database operation was expected to affect 1 row(s), but actually affected 0 row(s); data may have been modified or deleted since entities were loaded. See https://go.microsoft.com/fwlink/?LinkId=527962 for information on understanding and handling optimistic concurrency exceptions.
Microsoft.EntityFrameworkCore.DbUpdateConcurrencyException: The database operation was expected to affect 1 row(s), but actually affected 0 row(s); data may have been modified or deleted since entities were loaded. See https://go.microsoft.com/fwlink/?LinkId=527962 for information on understanding and handling optimistic concurrency exceptions.
   at Microsoft.EntityFrameworkCore.Update.AffectedCountModificationCommandBatch.ThrowAggregateUpdateConcurrencyExceptionAsync(RelationalDataReader reader, Int32 commandIndex, Int32 expectedRowsAffected, Int32 rowsAffected, CancellationToken cancellationToken)
   at Microsoft.EntityFrameworkCore.Update.AffectedCountModificationCommandBatch.ConsumeResultSetWithRowsAffectedOnlyAsync(Int32 commandIndex, RelationalDataReader reader, CancellationToken cancellationToken)
   at Microsoft.EntityFrameworkCore.Update.AffectedCountModificationCommandBatch.ConsumeAsync(RelationalDataReader reader, CancellationToken cancellationToken)
   at Microsoft.EntityFrameworkCore.Update.ReaderModificationCommandBatch.ExecuteAsync(IRelationalConnection connection, CancellationToken cancellationToken)
   at Microsoft.EntityFrameworkCore.Update.ReaderModificationCommandBatch.ExecuteAsync(IRelationalConnection connection, CancellationToken cancellationToken)
   at Microsoft.EntityFrameworkCore.SqlServer.Update.Internal.SqlServerModificationCommandBatch.ExecuteAsync(IRelationalConnection connection, CancellationToken cancellationToken)
   at Microsoft.EntityFrameworkCore.Update.Internal.BatchExecutor.ExecuteAsync(IEnumerable`1 commandBatches, IRelationalConnection connection, CancellationToken cancellationToken)
   at Microsoft.EntityFrameworkCore.Update.Internal.BatchExecutor.ExecuteAsync(IEnumerable`1 commandBatches, IRelationalConnection connection, CancellationToken cancellationToken)
   at Microsoft.EntityFrameworkCore.Update.Internal.BatchExecutor.ExecuteAsync(IEnumerable`1 commandBatches, IRelationalConnection connection, CancellationToken cancellationToken)
   at Microsoft.EntityFrameworkCore.ChangeTracking.Internal.StateManager.SaveChangesAsync(IList`1 entriesToSave, CancellationToken cancellationToken)
   at Microsoft.EntityFrameworkCore.ChangeTracking.Internal.StateManager.SaveChangesAsync(StateManager stateManager, Boolean acceptAllChangesOnSuccess, CancellationToken cancellationToken)
   at Microsoft.EntityFrameworkCore.SqlServer.Storage.Internal.SqlServerExecutionStrategy.ExecuteAsync[TState,TResult](TState state, Func`4 operation, Func`4 verifySucceeded, CancellationToken cancellationToken)
   at Microsoft.EntityFrameworkCore.DbContext.SaveChangesAsync(Boolean acceptAllChangesOnSuccess, CancellationToken cancellationToken)
   at eCommerce.Infrastructure.CommonRepository`1.DeleteAsync(Int32 id) in C:\Users\pilli\OneDrive\Desktop\.net&angular training\ASP.NETCoreWebAPI\CleanArchitecture\eCommerce.Infrastructure\CommonRepository.cs:line 40
   at eCommerce.Application.Services.CartItemService.DeleteCartItem(Int32 id) in C:\Users\pilli\OneDrive\Desktop\.net&angular training\ASP.NETCoreWebAPI\CleanArchitecture\eCommerce.Application\Services\CartItemService.cs:line 33
   at eCommerce.Api.Controllers.v1.CartItemsController.DeleteCartItem(Int32 id) in C:\Users\pilli\OneDrive\Desktop\.net&angular training\ASP.NETCoreWebAPI\CleanArchitecture\eCommerce.Api\Controllers\v1\CartItemsController.cs:line 115
   at lambda_method432(Closure, Object)
   at Microsoft.AspNetCore.Mvc.Infrastructure.ActionMethodExecutor.TaskOfActionResultExecutor.Execute(ActionContext actionContext, IActionResultTypeMapper mapper, ObjectMethodExecutor executor, Object controller, Object[] arguments)
   at Microsoft.AspNetCore.Mvc.Infrastructure.ControllerActionInvoker.<InvokeActionMethodAsync>g__Awaited|12_0(ControllerActionInvoker invoker, ValueTask`1 actionResultValueTask)
   at Microsoft.AspNetCore.Mvc.Infrastructure.ControllerActionInvoker.<InvokeNextActionFilterAsync>g__Awaited|10_0(ControllerActionInvoker invoker, Task lastTask, State next, Scope scope, Object state, Boolean isCompleted)
   at Microsoft.AspNetCore.Mvc.Infrastructure.ControllerActionInvoker.Rethrow(ActionExecutedContextSealed context)
   at Microsoft.AspNetCore.Mvc.Infrastructure.ControllerActionInvoker.Next(State& next, Scope& scope, Object& state, Boolean& isCompleted)
   at Microsoft.AspNetCore.Mvc.Infrastructure.ControllerActionInvoker.<InvokeInnerFilterAsync>g__Awaited|13_0(ControllerActionInvoker invoker, Task lastTask, State next, Scope scope, Object state, Boolean isCompleted)
   at Microsoft.AspNetCore.Mvc.Infrastructure.ResourceInvoker.<InvokeFilterPipelineAsync>g__Awaited|20_0(ResourceInvoker invoker, Task lastTask, State next, Scope scope, Object state, Boolean isCompleted)
   at Microsoft.AspNetCore.Mvc.Infrastructure.ResourceInvoker.<InvokeAsync>g__Logged|17_1(ResourceInvoker invoker)
   at Microsoft.AspNetCore.Mvc.Infrastructure.ResourceInvoker.<InvokeAsync>g__Logged|17_1(ResourceInvoker invoker)
   at Microsoft.AspNetCore.Routing.EndpointMiddleware.<Invoke>g__AwaitRequestTask|7_0(Endpoint endpoint, Task requestTask, ILogger logger)
   at Microsoft.AspNetCore.Authorization.AuthorizationMiddleware.Invoke(HttpContext context)
   at Microsoft.AspNetCore.Authentication.AuthenticationMiddleware.Invoke(HttpContext context)
   at Swashbuckle.AspNetCore.SwaggerUI.SwaggerUIMiddleware.Invoke(HttpContext httpContext)
   at Swashbuckle.AspNetCore.Swagger.SwaggerMiddleware.Invoke(HttpContext httpContext, ISwaggerProvider swaggerProvider)
   at Microsoft.AspNetCore.Diagnostics.ExceptionHandlerMiddlewareImpl.<Invoke>g__Awaited|10_0(ExceptionHandlerMiddlewareImpl middleware, HttpContext context, Task task)
2026-05-15 00:23:27.470 +05:30 [INF] Request finished HTTP/2 DELETE https://localhost:7274/api/v1/CartItems/107 - 500 null application/json; charset=utf-8 2466.172ms
2026-05-15 00:23:31.095 +05:30 [INF] Request starting HTTP/2 GET https://localhost:7274/api/v1/CartItems - application/json null
2026-05-15 00:23:31.096 +05:30 [INF] CORS policy execution successful.
2026-05-15 00:23:31.097 +05:30 [INF] Executing endpoint 'eCommerce.Api.Controllers.v1.CartItemsController.GetAllcartItems (eCommerce.Api)'
2026-05-15 00:23:31.097 +05:30 [INF] Route matched with {action = "GetAllcartItems", controller = "CartItems"}. Executing controller action with signature System.Threading.Tasks.Task`1[Microsoft.AspNetCore.Mvc.ActionResult`1[System.Collections.Generic.IEnumerable`1[eCommerce.Application.DTOs.CartItem.CartItemDto]]] GetAllcartItems() on controller eCommerce.Api.Controllers.v1.CartItemsController (eCommerce.Api).
2026-05-15 00:23:31.127 +05:30 [INF] Executed DbCommand (23ms) [Parameters=[], CommandType='"Text"', CommandTimeout='30']
SELECT [c].[CartItemId], [c].[CartId], [c].[ProductId], [c].[Quantity], [c].[Size]
FROM [CartItems] AS [c]
2026-05-15 00:23:31.130 +05:30 [INF] Executing StatusCodeResult, setting HTTP status code 204
2026-05-15 00:23:31.130 +05:30 [INF] Executed action eCommerce.Api.Controllers.v1.CartItemsController.GetAllcartItems (eCommerce.Api) in 32.9802ms
2026-05-15 00:23:31.131 +05:30 [INF] Executed endpoint 'eCommerce.Api.Controllers.v1.CartItemsController.GetAllcartItems (eCommerce.Api)'
2026-05-15 00:23:31.131 +05:30 [INF] Request finished HTTP/2 GET https://localhost:7274/api/v1/CartItems - 204 null null 42.1514ms
2026-05-15 00:24:01.322 +05:30 [INF] Request starting HTTP/2 OPTIONS https://localhost:7274/api/v1/Security/Login - null null
2026-05-15 00:24:01.468 +05:30 [INF] CORS policy execution successful.
2026-05-15 00:24:01.476 +05:30 [INF] Request finished HTTP/2 OPTIONS https://localhost:7274/api/v1/Security/Login - 204 null null 166.8143ms
2026-05-15 00:24:01.498 +05:30 [INF] Request starting HTTP/2 POST https://localhost:7274/api/v1/Security/Login - application/json 52
2026-05-15 00:24:01.520 +05:30 [INF] CORS policy execution successful.
2026-05-15 00:24:01.545 +05:30 [INF] Failed to validate the token.
Microsoft.IdentityModel.Tokens.SecurityTokenMalformedException: IDX14100: JWT is not well formed, there are no dots (.).
The token needs to be in JWS or JWE Compact Serialization Format. (JWS): 'EncodedHeader.EncodedPayload.EncodedSignature'. (JWE): 'EncodedProtectedHeader.EncodedEncryptedKey.EncodedInitializationVector.EncodedCiphertext.EncodedAuthenticationTag'.
   at Microsoft.IdentityModel.JsonWebTokens.JsonWebToken.ReadToken(ReadOnlyMemory`1 encodedTokenMemory)
   at Microsoft.IdentityModel.JsonWebTokens.JsonWebToken..ctor(String jwtEncodedString, TryReadJwtClaim tryReadJwtClaim)
   at Microsoft.IdentityModel.JsonWebTokens.JsonWebTokenHandler.ReadToken(String token, TokenValidationParameters validationParameters)
2026-05-15 00:24:01.567 +05:30 [INF] Bearer was not authenticated. Failure message: IDX14100: JWT is not well formed, there are no dots (.).
The token needs to be in JWS or JWE Compact Serialization Format. (JWS): 'EncodedHeader.EncodedPayload.EncodedSignature'. (JWE): 'EncodedProtectedHeader.EncodedEncryptedKey.EncodedInitializationVector.EncodedCiphertext.EncodedAuthenticationTag'.
2026-05-15 00:24:01.573 +05:30 [INF] Executing endpoint 'eCommerce.Api.Controllers.v1.SecurityController.Post (eCommerce.Api)'
2026-05-15 00:24:01.583 +05:30 [INF] Route matched with {action = "Post", controller = "Security"}. Executing controller action with signature System.Threading.Tasks.Task`1[Microsoft.AspNetCore.Mvc.ActionResult`1[eCommerce.Application.VMS.AuthenticationResponseVM]] Post(eCommerce.Application.DTOs.User.UserDto) on controller eCommerce.Api.Controllers.v1.SecurityController (eCommerce.Api).
2026-05-15 00:24:02.195 +05:30 [INF] Executed DbCommand (324ms) [Parameters=[@__email_0='?' (Size = 100)], CommandType='"Text"', CommandTimeout='30']
SELECT [t].[UserId], [t].[Email], [t].[Password], [t0].[RolesRoleId], [t0].[UsersUserId], [t0].[RoleId], [t0].[Description], [t0].[RoleName]
FROM (
    SELECT TOP(1) [u].[UserId], [u].[Email], [u].[Password]
    FROM [Users] AS [u]
    WHERE [u].[Email] = @__email_0
) AS [t]
LEFT JOIN (
    SELECT [r].[RolesRoleId], [r].[UsersUserId], [r0].[RoleId], [r0].[Description], [r0].[RoleName]
    FROM [RoleUser] AS [r]
    INNER JOIN [Roles] AS [r0] ON [r].[RolesRoleId] = [r0].[RoleId]
) AS [t0] ON [t].[UserId] = [t0].[UsersUserId]
ORDER BY [t].[UserId], [t0].[RolesRoleId], [t0].[UsersUserId]
2026-05-15 00:24:02.792 +05:30 [INF] Executing OkObjectResult, writing value of type 'eCommerce.Application.VMS.AuthenticationResponseVM'.
2026-05-15 00:24:02.813 +05:30 [INF] Executed action eCommerce.Api.Controllers.v1.SecurityController.Post (eCommerce.Api) in 1228.1461ms
2026-05-15 00:24:02.813 +05:30 [INF] Executed endpoint 'eCommerce.Api.Controllers.v1.SecurityController.Post (eCommerce.Api)'
2026-05-15 00:24:02.815 +05:30 [INF] Request finished HTTP/2 POST https://localhost:7274/api/v1/Security/Login - 200 null application/json; charset=utf-8 1319.426ms
2026-05-15 00:24:11.169 +05:30 [INF] Request starting HTTP/2 OPTIONS https://localhost:7274/api/v1/Security/Login - null null
2026-05-15 00:24:11.170 +05:30 [INF] CORS policy execution successful.
2026-05-15 00:24:11.172 +05:30 [INF] Request finished HTTP/2 OPTIONS https://localhost:7274/api/v1/Security/Login - 204 null null 2.8356ms
2026-05-15 00:24:11.177 +05:30 [INF] Request starting HTTP/2 POST https://localhost:7274/api/v1/Security/Login - application/json 52
2026-05-15 00:24:11.178 +05:30 [INF] CORS policy execution successful.
2026-05-15 00:24:11.181 +05:30 [INF] Failed to validate the token.
Microsoft.IdentityModel.Tokens.SecurityTokenMalformedException: IDX14100: JWT is not well formed, there are no dots (.).
The token needs to be in JWS or JWE Compact Serialization Format. (JWS): 'EncodedHeader.EncodedPayload.EncodedSignature'. (JWE): 'EncodedProtectedHeader.EncodedEncryptedKey.EncodedInitializationVector.EncodedCiphertext.EncodedAuthenticationTag'.
   at Microsoft.IdentityModel.JsonWebTokens.JsonWebToken.ReadToken(ReadOnlyMemory`1 encodedTokenMemory)
   at Microsoft.IdentityModel.JsonWebTokens.JsonWebToken..ctor(String jwtEncodedString, TryReadJwtClaim tryReadJwtClaim)
   at Microsoft.IdentityModel.JsonWebTokens.JsonWebTokenHandler.ReadToken(String token, TokenValidationParameters validationParameters)
2026-05-15 00:24:11.184 +05:30 [INF] Bearer was not authenticated. Failure message: IDX14100: JWT is not well formed, there are no dots (.).
The token needs to be in JWS or JWE Compact Serialization Format. (JWS): 'EncodedHeader.EncodedPayload.EncodedSignature'. (JWE): 'EncodedProtectedHeader.EncodedEncryptedKey.EncodedInitializationVector.EncodedCiphertext.EncodedAuthenticationTag'.
2026-05-15 00:24:11.184 +05:30 [INF] Executing endpoint 'eCommerce.Api.Controllers.v1.SecurityController.Post (eCommerce.Api)'
2026-05-15 00:24:11.185 +05:30 [INF] Route matched with {action = "Post", controller = "Security"}. Executing controller action with signature System.Threading.Tasks.Task`1[Microsoft.AspNetCore.Mvc.ActionResult`1[eCommerce.Application.VMS.AuthenticationResponseVM]] Post(eCommerce.Application.DTOs.User.UserDto) on controller eCommerce.Api.Controllers.v1.SecurityController (eCommerce.Api).
2026-05-15 00:24:11.234 +05:30 [INF] Executed DbCommand (34ms) [Parameters=[@__email_0='?' (Size = 100)], CommandType='"Text"', CommandTimeout='30']
SELECT [t].[UserId], [t].[Email], [t].[Password], [t0].[RolesRoleId], [t0].[UsersUserId], [t0].[RoleId], [t0].[Description], [t0].[RoleName]
FROM (
    SELECT TOP(1) [u].[UserId], [u].[Email], [u].[Password]
    FROM [Users] AS [u]
    WHERE [u].[Email] = @__email_0
) AS [t]
LEFT JOIN (
    SELECT [r].[RolesRoleId], [r].[UsersUserId], [r0].[RoleId], [r0].[Description], [r0].[RoleName]
    FROM [RoleUser] AS [r]
    INNER JOIN [Roles] AS [r0] ON [r].[RolesRoleId] = [r0].[RoleId]
) AS [t0] ON [t].[UserId] = [t0].[UsersUserId]
ORDER BY [t].[UserId], [t0].[RolesRoleId], [t0].[UsersUserId]
2026-05-15 00:24:11.619 +05:30 [INF] Executing OkObjectResult, writing value of type 'eCommerce.Application.VMS.AuthenticationResponseVM'.
2026-05-15 00:24:11.623 +05:30 [INF] Executed action eCommerce.Api.Controllers.v1.SecurityController.Post (eCommerce.Api) in 438.7001ms
2026-05-15 00:24:11.623 +05:30 [INF] Executed endpoint 'eCommerce.Api.Controllers.v1.SecurityController.Post (eCommerce.Api)'
2026-05-15 00:24:11.624 +05:30 [INF] Request finished HTTP/2 POST https://localhost:7274/api/v1/Security/Login - 200 null application/json; charset=utf-8 447.265ms
2026-05-15 00:24:11.645 +05:30 [INF] Request starting HTTP/2 OPTIONS https://localhost:7274/api/v1/Customers/user/1 - null null
2026-05-15 00:24:11.656 +05:30 [INF] CORS policy execution successful.
2026-05-15 00:24:11.657 +05:30 [INF] Request finished HTTP/2 OPTIONS https://localhost:7274/api/v1/Customers/user/1 - 204 null null 13.3164ms
2026-05-15 00:24:11.682 +05:30 [INF] Request starting HTTP/2 GET https://localhost:7274/api/v1/Customers/user/1 - application/json null
2026-05-15 00:24:11.695 +05:30 [INF] CORS policy execution successful.
2026-05-15 00:24:11.728 +05:30 [INF] Executing endpoint 'eCommerce.Api.Controllers.v1.CustomersController.GetByUserId (eCommerce.Api)'
2026-05-15 00:24:11.731 +05:30 [INF] Route matched with {action = "GetByUserId", controller = "Customers"}. Executing controller action with signature System.Threading.Tasks.Task`1[Microsoft.AspNetCore.Mvc.ActionResult`1[eCommerce.Application.DTOs.Customer.CustomerDto]] GetByUserId(Int32) on controller eCommerce.Api.Controllers.v1.CustomersController (eCommerce.Api).
2026-05-15 00:24:11.880 +05:30 [INF] Executed DbCommand (80ms) [Parameters=[], CommandType='"Text"', CommandTimeout='30']
SELECT [c].[CustomerId], [c].[Address], [c].[City], [c].[ContactName], [c].[Email], [c].[Phone], [c].[UserId], [c].[Zipcode]
FROM [Customers] AS [c]
2026-05-15 00:24:11.930 +05:30 [INF] Executing OkObjectResult, writing value of type 'eCommerce.Application.DTOs.Customer.CustomerDto'.
2026-05-15 00:24:11.934 +05:30 [INF] Executed action eCommerce.Api.Controllers.v1.CustomersController.GetByUserId (eCommerce.Api) in 196.6251ms
2026-05-15 00:24:11.935 +05:30 [INF] Executed endpoint 'eCommerce.Api.Controllers.v1.CustomersController.GetByUserId (eCommerce.Api)'
2026-05-15 00:24:11.935 +05:30 [INF] Request finished HTTP/2 GET https://localhost:7274/api/v1/Customers/user/1 - 200 null application/json; charset=utf-8 253.9307ms
2026-05-15 00:28:08.249 +05:30 [INF] Request starting HTTP/2 OPTIONS https://localhost:7274/api/v1/Security/Login - null null
2026-05-15 00:28:08.385 +05:30 [INF] CORS policy execution successful.
2026-05-15 00:28:08.396 +05:30 [INF] Request finished HTTP/2 OPTIONS https://localhost:7274/api/v1/Security/Login - 204 null null 196.1782ms
2026-05-15 00:28:08.430 +05:30 [INF] Request starting HTTP/2 POST https://localhost:7274/api/v1/Security/Login - application/json 52
2026-05-15 00:28:08.445 +05:30 [INF] CORS policy execution successful.
2026-05-15 00:28:08.537 +05:30 [INF] Executing endpoint 'eCommerce.Api.Controllers.v1.SecurityController.Post (eCommerce.Api)'
2026-05-15 00:28:08.554 +05:30 [INF] Route matched with {action = "Post", controller = "Security"}. Executing controller action with signature System.Threading.Tasks.Task`1[Microsoft.AspNetCore.Mvc.ActionResult`1[eCommerce.Application.VMS.AuthenticationResponseVM]] Post(eCommerce.Application.DTOs.User.UserDto) on controller eCommerce.Api.Controllers.v1.SecurityController (eCommerce.Api).
2026-05-15 00:28:09.567 +05:30 [INF] Executed DbCommand (329ms) [Parameters=[@__email_0='?' (Size = 100)], CommandType='"Text"', CommandTimeout='30']
SELECT [t].[UserId], [t].[Email], [t].[Password], [t0].[RolesRoleId], [t0].[UsersUserId], [t0].[RoleId], [t0].[Description], [t0].[RoleName]
FROM (
    SELECT TOP(1) [u].[UserId], [u].[Email], [u].[Password]
    FROM [Users] AS [u]
    WHERE [u].[Email] = @__email_0
) AS [t]
LEFT JOIN (
    SELECT [r].[RolesRoleId], [r].[UsersUserId], [r0].[RoleId], [r0].[Description], [r0].[RoleName]
    FROM [RoleUser] AS [r]
    INNER JOIN [Roles] AS [r0] ON [r].[RolesRoleId] = [r0].[RoleId]
) AS [t0] ON [t].[UserId] = [t0].[UsersUserId]
ORDER BY [t].[UserId], [t0].[RolesRoleId], [t0].[UsersUserId]
2026-05-15 00:28:09.919 +05:30 [INF] Executing OkObjectResult, writing value of type 'eCommerce.Application.VMS.AuthenticationResponseVM'.
2026-05-15 00:28:09.941 +05:30 [INF] Executed action eCommerce.Api.Controllers.v1.SecurityController.Post (eCommerce.Api) in 1384.9899ms
2026-05-15 00:28:09.942 +05:30 [INF] Executed endpoint 'eCommerce.Api.Controllers.v1.SecurityController.Post (eCommerce.Api)'
2026-05-15 00:28:09.946 +05:30 [INF] Request finished HTTP/2 POST https://localhost:7274/api/v1/Security/Login - 200 null application/json; charset=utf-8 1516.0123ms
2026-05-15 00:28:19.324 +05:30 [INF] Request starting HTTP/2 OPTIONS https://localhost:7274/api/v1/Security/Login - null null
2026-05-15 00:28:19.329 +05:30 [INF] CORS policy execution successful.
2026-05-15 00:28:19.329 +05:30 [INF] Request finished HTTP/2 OPTIONS https://localhost:7274/api/v1/Security/Login - 204 null null 7.6961ms
2026-05-15 00:28:19.345 +05:30 [INF] Request starting HTTP/2 POST https://localhost:7274/api/v1/Security/Login - application/json 52
2026-05-15 00:28:19.346 +05:30 [INF] CORS policy execution successful.
2026-05-15 00:28:19.360 +05:30 [INF] Executing endpoint 'eCommerce.Api.Controllers.v1.SecurityController.Post (eCommerce.Api)'
2026-05-15 00:28:19.360 +05:30 [INF] Route matched with {action = "Post", controller = "Security"}. Executing controller action with signature System.Threading.Tasks.Task`1[Microsoft.AspNetCore.Mvc.ActionResult`1[eCommerce.Application.VMS.AuthenticationResponseVM]] Post(eCommerce.Application.DTOs.User.UserDto) on controller eCommerce.Api.Controllers.v1.SecurityController (eCommerce.Api).
2026-05-15 00:28:19.416 +05:30 [INF] Executed DbCommand (24ms) [Parameters=[@__email_0='?' (Size = 100)], CommandType='"Text"', CommandTimeout='30']
SELECT [t].[UserId], [t].[Email], [t].[Password], [t0].[RolesRoleId], [t0].[UsersUserId], [t0].[RoleId], [t0].[Description], [t0].[RoleName]
FROM (
    SELECT TOP(1) [u].[UserId], [u].[Email], [u].[Password]
    FROM [Users] AS [u]
    WHERE [u].[Email] = @__email_0
) AS [t]
LEFT JOIN (
    SELECT [r].[RolesRoleId], [r].[UsersUserId], [r0].[RoleId], [r0].[Description], [r0].[RoleName]
    FROM [RoleUser] AS [r]
    INNER JOIN [Roles] AS [r0] ON [r].[RolesRoleId] = [r0].[RoleId]
) AS [t0] ON [t].[UserId] = [t0].[UsersUserId]
ORDER BY [t].[UserId], [t0].[RolesRoleId], [t0].[UsersUserId]
2026-05-15 00:28:19.777 +05:30 [INF] Executing OkObjectResult, writing value of type 'eCommerce.Application.VMS.AuthenticationResponseVM'.
2026-05-15 00:28:19.777 +05:30 [INF] Executed action eCommerce.Api.Controllers.v1.SecurityController.Post (eCommerce.Api) in 417.4498ms
2026-05-15 00:28:19.778 +05:30 [INF] Executed endpoint 'eCommerce.Api.Controllers.v1.SecurityController.Post (eCommerce.Api)'
2026-05-15 00:28:19.778 +05:30 [INF] Request finished HTTP/2 POST https://localhost:7274/api/v1/Security/Login - 200 null application/json; charset=utf-8 434.146ms
2026-05-15 00:28:19.798 +05:30 [INF] Request starting HTTP/2 OPTIONS https://localhost:7274/api/v1/Customers/user/1 - null null
2026-05-15 00:28:19.808 +05:30 [INF] CORS policy execution successful.
2026-05-15 00:28:19.808 +05:30 [INF] Request finished HTTP/2 OPTIONS https://localhost:7274/api/v1/Customers/user/1 - 204 null null 10.5026ms
2026-05-15 00:28:19.816 +05:30 [INF] Request starting HTTP/2 GET https://localhost:7274/api/v1/Customers/user/1 - application/json null
2026-05-15 00:28:19.820 +05:30 [INF] CORS policy execution successful.
2026-05-15 00:28:19.820 +05:30 [INF] Executing endpoint 'eCommerce.Api.Controllers.v1.CustomersController.GetByUserId (eCommerce.Api)'
2026-05-15 00:28:19.822 +05:30 [INF] Route matched with {action = "GetByUserId", controller = "Customers"}. Executing controller action with signature System.Threading.Tasks.Task`1[Microsoft.AspNetCore.Mvc.ActionResult`1[eCommerce.Application.DTOs.Customer.CustomerDto]] GetByUserId(Int32) on controller eCommerce.Api.Controllers.v1.CustomersController (eCommerce.Api).
2026-05-15 00:28:19.876 +05:30 [INF] Executed DbCommand (22ms) [Parameters=[], CommandType='"Text"', CommandTimeout='30']
SELECT [c].[CustomerId], [c].[Address], [c].[City], [c].[ContactName], [c].[Email], [c].[Phone], [c].[UserId], [c].[Zipcode]
FROM [Customers] AS [c]
2026-05-15 00:28:19.899 +05:30 [INF] Executing OkObjectResult, writing value of type 'eCommerce.Application.DTOs.Customer.CustomerDto'.
2026-05-15 00:28:19.902 +05:30 [INF] Executed action eCommerce.Api.Controllers.v1.CustomersController.GetByUserId (eCommerce.Api) in 79.0979ms
2026-05-15 00:28:19.902 +05:30 [INF] Executed endpoint 'eCommerce.Api.Controllers.v1.CustomersController.GetByUserId (eCommerce.Api)'
2026-05-15 00:28:19.903 +05:30 [INF] Request finished HTTP/2 GET https://localhost:7274/api/v1/Customers/user/1 - 200 null application/json; charset=utf-8 86.6382ms
2026-05-15 00:28:58.904 +05:30 [INF] Request starting HTTP/2 OPTIONS https://localhost:7274/api/v1/products - null null
2026-05-15 00:28:58.934 +05:30 [INF] CORS policy execution successful.
2026-05-15 00:28:58.935 +05:30 [INF] Request finished HTTP/2 OPTIONS https://localhost:7274/api/v1/products - 204 null null 30.9776ms
2026-05-15 00:28:58.936 +05:30 [INF] Request starting HTTP/2 OPTIONS https://localhost:7274/api/v1/products - null null
2026-05-15 00:28:58.946 +05:30 [INF] CORS policy execution successful.
2026-05-15 00:28:58.958 +05:30 [INF] Request finished HTTP/2 OPTIONS https://localhost:7274/api/v1/products - 204 null null 21.9589ms
2026-05-15 00:28:58.958 +05:30 [INF] Request starting HTTP/2 GET https://localhost:7274/api/v1/products - application/json null
2026-05-15 00:28:58.970 +05:30 [INF] CORS policy execution successful.
2026-05-15 00:28:58.981 +05:30 [INF] Executing endpoint 'eCommerce.Api.Controllers.v1.ProductsController.GetAllProducts (eCommerce.Api)'
2026-05-15 00:28:58.983 +05:30 [INF] Route matched with {action = "GetAllProducts", controller = "Products"}. Executing controller action with signature System.Threading.Tasks.Task`1[Microsoft.AspNetCore.Mvc.ActionResult`1[System.Collections.Generic.IEnumerable`1[eCommerce.Application.DTOs.Product.ProductDto]]] GetAllProducts() on controller eCommerce.Api.Controllers.v1.ProductsController (eCommerce.Api).
2026-05-15 00:28:59.005 +05:30 [INF] Executed DbCommand (9ms) [Parameters=[], CommandType='"Text"', CommandTimeout='30']
SELECT [p].[ProductId], [p].[CategoryId], [p].[Description], [p].[Discount], [p].[Gender], [p].[MadeIn], [p].[ManufacturingDate], [p].[Picture], [p].[ProductName], [p].[Quantity], [p].[ReturnPolicy], [p].[ShoeType], [p].[UnitPrice], [p].[WarrantyPeriod]
FROM [Products] AS [p]
2026-05-15 00:28:59.023 +05:30 [INF] Executing OkObjectResult, writing value of type 'System.Collections.Generic.List`1[[eCommerce.Application.DTOs.Product.ProductDto, eCommerce.Application, Version=1.0.0.0, Culture=neutral, PublicKeyToken=null]]'.
2026-05-15 00:28:59.052 +05:30 [INF] Executed action eCommerce.Api.Controllers.v1.ProductsController.GetAllProducts (eCommerce.Api) in 68.4485ms
2026-05-15 00:28:59.052 +05:30 [INF] Executed endpoint 'eCommerce.Api.Controllers.v1.ProductsController.GetAllProducts (eCommerce.Api)'
2026-05-15 00:28:59.052 +05:30 [INF] Request finished HTTP/2 GET https://localhost:7274/api/v1/products - 200 null application/json; charset=utf-8 94.1501ms
2026-05-15 00:28:59.064 +05:30 [INF] Request starting HTTP/2 GET https://localhost:7274/api/v1/products - application/json null
2026-05-15 00:28:59.065 +05:30 [INF] CORS policy execution successful.
2026-05-15 00:28:59.080 +05:30 [INF] Executing endpoint 'eCommerce.Api.Controllers.v1.ProductsController.GetAllProducts (eCommerce.Api)'
2026-05-15 00:28:59.080 +05:30 [INF] Route matched with {action = "GetAllProducts", controller = "Products"}. Executing controller action with signature System.Threading.Tasks.Task`1[Microsoft.AspNetCore.Mvc.ActionResult`1[System.Collections.Generic.IEnumerable`1[eCommerce.Application.DTOs.Product.ProductDto]]] GetAllProducts() on controller eCommerce.Api.Controllers.v1.ProductsController (eCommerce.Api).
2026-05-15 00:28:59.091 +05:30 [INF] Executed DbCommand (8ms) [Parameters=[], CommandType='"Text"', CommandTimeout='30']
SELECT [p].[ProductId], [p].[CategoryId], [p].[Description], [p].[Discount], [p].[Gender], [p].[MadeIn], [p].[ManufacturingDate], [p].[Picture], [p].[ProductName], [p].[Quantity], [p].[ReturnPolicy], [p].[ShoeType], [p].[UnitPrice], [p].[WarrantyPeriod]
FROM [Products] AS [p]
2026-05-15 00:28:59.095 +05:30 [INF] Executing OkObjectResult, writing value of type 'System.Collections.Generic.List`1[[eCommerce.Application.DTOs.Product.ProductDto, eCommerce.Application, Version=1.0.0.0, Culture=neutral, PublicKeyToken=null]]'.
2026-05-15 00:28:59.191 +05:30 [INF] Executed action eCommerce.Api.Controllers.v1.ProductsController.GetAllProducts (eCommerce.Api) in 111.1047ms
2026-05-15 00:28:59.191 +05:30 [INF] Executed endpoint 'eCommerce.Api.Controllers.v1.ProductsController.GetAllProducts (eCommerce.Api)'
2026-05-15 00:28:59.192 +05:30 [INF] Request finished HTTP/2 GET https://localhost:7274/api/v1/products - 200 null application/json; charset=utf-8 129.1077ms
2026-05-15 00:29:01.417 +05:30 [INF] Request starting HTTP/2 OPTIONS https://localhost:7274/api/v1/products/1003 - null null
2026-05-15 00:29:01.420 +05:30 [INF] CORS policy execution successful.
2026-05-15 00:29:01.421 +05:30 [INF] Request finished HTTP/2 OPTIONS https://localhost:7274/api/v1/products/1003 - 204 null null 3.7892ms
2026-05-15 00:29:01.454 +05:30 [INF] Request starting HTTP/2 GET https://localhost:7274/api/v1/products/1003 - application/json null
2026-05-15 00:29:01.455 +05:30 [INF] CORS policy execution successful.
2026-05-15 00:29:01.462 +05:30 [INF] Executing endpoint 'eCommerce.Api.Controllers.v1.ProductsController.GetProductDetails (eCommerce.Api)'
2026-05-15 00:29:01.464 +05:30 [INF] Route matched with {action = "GetProductDetails", controller = "Products"}. Executing controller action with signature System.Threading.Tasks.Task`1[Microsoft.AspNetCore.Mvc.ActionResult`1[eCommerce.Application.DTOs.Product.ProductDto]] GetProductDetails(Int32) on controller eCommerce.Api.Controllers.v1.ProductsController (eCommerce.Api).
2026-05-15 00:29:01.536 +05:30 [INF] Executed DbCommand (7ms) [Parameters=[@__p_0='?' (DbType = Int32)], CommandType='"Text"', CommandTimeout='30']
SELECT TOP(1) [p].[ProductId], [p].[CategoryId], [p].[Description], [p].[Discount], [p].[Gender], [p].[MadeIn], [p].[ManufacturingDate], [p].[Picture], [p].[ProductName], [p].[Quantity], [p].[ReturnPolicy], [p].[ShoeType], [p].[UnitPrice], [p].[WarrantyPeriod]
FROM [Products] AS [p]
WHERE [p].[ProductId] = @__p_0
2026-05-15 00:29:01.539 +05:30 [INF] Executing OkObjectResult, writing value of type 'eCommerce.Application.DTOs.Product.ProductDto'.
2026-05-15 00:29:01.539 +05:30 [INF] Executed action eCommerce.Api.Controllers.v1.ProductsController.GetProductDetails (eCommerce.Api) in 74.5051ms
2026-05-15 00:29:01.540 +05:30 [INF] Executed endpoint 'eCommerce.Api.Controllers.v1.ProductsController.GetProductDetails (eCommerce.Api)'
2026-05-15 00:29:01.540 +05:30 [INF] Request finished HTTP/2 GET https://localhost:7274/api/v1/products/1003 - 200 null application/json; charset=utf-8 87.0966ms
2026-05-15 00:29:03.045 +05:30 [INF] Request starting HTTP/2 OPTIONS https://localhost:7274/api/v1/Carts - null null
2026-05-15 00:29:03.050 +05:30 [INF] CORS policy execution successful.
2026-05-15 00:29:03.050 +05:30 [INF] Request finished HTTP/2 OPTIONS https://localhost:7274/api/v1/Carts - 204 null null 5.6501ms
2026-05-15 00:29:03.056 +05:30 [INF] Request starting HTTP/2 POST https://localhost:7274/api/v1/Carts - application/json 54
2026-05-15 00:29:03.057 +05:30 [INF] CORS policy execution successful.
2026-05-15 00:29:03.058 +05:30 [INF] Executing endpoint 'eCommerce.Api.Controllers.v1.CartsController.CreateCart (eCommerce.Api)'
2026-05-15 00:29:03.060 +05:30 [INF] Route matched with {action = "CreateCart", controller = "Carts"}. Executing controller action with signature System.Threading.Tasks.Task`1[Microsoft.AspNetCore.Mvc.ActionResult`1[eCommerce.Application.DTOs.Cart.CreateCartDto]] CreateCart(eCommerce.Application.DTOs.Cart.CreateCartDto) on controller eCommerce.Api.Controllers.v1.CartsController (eCommerce.Api).
2026-05-15 00:29:03.288 +05:30 [INF] Executed DbCommand (53ms) [Parameters=[@p0='?' (DbType = DateTime2), @p1='?' (DbType = Int32)], CommandType='"Text"', CommandTimeout='30']
SET IMPLICIT_TRANSACTIONS OFF;
SET NOCOUNT ON;
INSERT INTO [Carts] ([CartDate], [CustomerId])
OUTPUT INSERTED.[CartId]
VALUES (@p0, @p1);
2026-05-15 00:29:03.307 +05:30 [INF] Executing CreatedAtActionResult, writing value of type 'eCommerce.Application.DTOs.Cart.CartDto'.
2026-05-15 00:29:03.349 +05:30 [INF] Executed action eCommerce.Api.Controllers.v1.CartsController.CreateCart (eCommerce.Api) in 289.185ms
2026-05-15 00:29:03.350 +05:30 [INF] Executed endpoint 'eCommerce.Api.Controllers.v1.CartsController.CreateCart (eCommerce.Api)'
2026-05-15 00:29:03.350 +05:30 [INF] Request finished HTTP/2 POST https://localhost:7274/api/v1/Carts - 201 null application/json; charset=utf-8 295.0934ms
2026-05-15 00:29:03.364 +05:30 [INF] Request starting HTTP/2 OPTIONS https://localhost:7274/api/v1/CartItems - null null
2026-05-15 00:29:03.367 +05:30 [INF] CORS policy execution successful.
2026-05-15 00:29:03.367 +05:30 [INF] Request finished HTTP/2 OPTIONS https://localhost:7274/api/v1/CartItems - 204 null null 3.3874ms
2026-05-15 00:29:03.378 +05:30 [INF] Request starting HTTP/2 POST https://localhost:7274/api/v1/CartItems - application/json 58
2026-05-15 00:29:03.379 +05:30 [INF] CORS policy execution successful.
2026-05-15 00:29:03.380 +05:30 [INF] Executing endpoint 'eCommerce.Api.Controllers.v1.CartItemsController.CreatecartItem (eCommerce.Api)'
2026-05-15 00:29:03.382 +05:30 [INF] Route matched with {action = "CreatecartItem", controller = "CartItems"}. Executing controller action with signature System.Threading.Tasks.Task`1[Microsoft.AspNetCore.Mvc.ActionResult`1[eCommerce.Application.DTOs.CartItem.CreateCartItemDto]] CreatecartItem(eCommerce.Application.DTOs.CartItem.CreateCartItemDto) on controller eCommerce.Api.Controllers.v1.CartItemsController (eCommerce.Api).
2026-05-15 00:29:03.417 +05:30 [INF] Executed DbCommand (11ms) [Parameters=[@p0='?' (DbType = Int32), @p1='?' (DbType = Int32), @p2='?' (DbType = Int32), @p3='?' (DbType = Int32)], CommandType='"Text"', CommandTimeout='30']
SET IMPLICIT_TRANSACTIONS OFF;
SET NOCOUNT ON;
INSERT INTO [CartItems] ([CartId], [ProductId], [Quantity], [Size])
OUTPUT INSERTED.[CartItemId]
VALUES (@p0, @p1, @p2, @p3);
2026-05-15 00:29:03.420 +05:30 [INF] Executing CreatedAtActionResult, writing value of type 'eCommerce.Application.DTOs.CartItem.CartItemDto'.
2026-05-15 00:29:03.423 +05:30 [INF] Executed action eCommerce.Api.Controllers.v1.CartItemsController.CreatecartItem (eCommerce.Api) in 40.9623ms
2026-05-15 00:29:03.423 +05:30 [INF] Executed endpoint 'eCommerce.Api.Controllers.v1.CartItemsController.CreatecartItem (eCommerce.Api)'
2026-05-15 00:29:03.424 +05:30 [INF] Request finished HTTP/2 POST https://localhost:7274/api/v1/CartItems - 201 null application/json; charset=utf-8 45.9078ms
2026-05-15 00:29:03.454 +05:30 [INF] Request starting HTTP/2 GET https://localhost:7274/api/v1/CartItems - application/json null
2026-05-15 00:29:03.454 +05:30 [INF] CORS policy execution successful.
2026-05-15 00:29:03.455 +05:30 [INF] Executing endpoint 'eCommerce.Api.Controllers.v1.CartItemsController.GetAllcartItems (eCommerce.Api)'
2026-05-15 00:29:03.456 +05:30 [INF] Route matched with {action = "GetAllcartItems", controller = "CartItems"}. Executing controller action with signature System.Threading.Tasks.Task`1[Microsoft.AspNetCore.Mvc.ActionResult`1[System.Collections.Generic.IEnumerable`1[eCommerce.Application.DTOs.CartItem.CartItemDto]]] GetAllcartItems() on controller eCommerce.Api.Controllers.v1.CartItemsController (eCommerce.Api).
2026-05-15 00:29:03.480 +05:30 [INF] Executed DbCommand (16ms) [Parameters=[], CommandType='"Text"', CommandTimeout='30']
SELECT [c].[CartItemId], [c].[CartId], [c].[ProductId], [c].[Quantity], [c].[Size]
FROM [CartItems] AS [c]
2026-05-15 00:29:03.484 +05:30 [INF] Executing OkObjectResult, writing value of type 'System.Collections.Generic.List`1[[eCommerce.Application.DTOs.CartItem.CartItemDto, eCommerce.Application, Version=1.0.0.0, Culture=neutral, PublicKeyToken=null]]'.
2026-05-15 00:29:03.485 +05:30 [INF] Executed action eCommerce.Api.Controllers.v1.CartItemsController.GetAllcartItems (eCommerce.Api) in 28.2936ms
2026-05-15 00:29:03.485 +05:30 [INF] Executed endpoint 'eCommerce.Api.Controllers.v1.CartItemsController.GetAllcartItems (eCommerce.Api)'
2026-05-15 00:29:03.485 +05:30 [INF] Request finished HTTP/2 GET https://localhost:7274/api/v1/CartItems - 200 null application/json; charset=utf-8 32.2726ms
2026-05-15 00:29:03.499 +05:30 [INF] Request starting HTTP/2 GET https://localhost:7274/api/v1/products/1003 - application/json null
2026-05-15 00:29:03.499 +05:30 [INF] CORS policy execution successful.
2026-05-15 00:29:03.500 +05:30 [INF] Executing endpoint 'eCommerce.Api.Controllers.v1.ProductsController.GetProductDetails (eCommerce.Api)'
2026-05-15 00:29:03.500 +05:30 [INF] Route matched with {action = "GetProductDetails", controller = "Products"}. Executing controller action with signature System.Threading.Tasks.Task`1[Microsoft.AspNetCore.Mvc.ActionResult`1[eCommerce.Application.DTOs.Product.ProductDto]] GetProductDetails(Int32) on controller eCommerce.Api.Controllers.v1.ProductsController (eCommerce.Api).
2026-05-15 00:29:03.515 +05:30 [INF] Executed DbCommand (6ms) [Parameters=[@__p_0='?' (DbType = Int32)], CommandType='"Text"', CommandTimeout='30']
SELECT TOP(1) [p].[ProductId], [p].[CategoryId], [p].[Description], [p].[Discount], [p].[Gender], [p].[MadeIn], [p].[ManufacturingDate], [p].[Picture], [p].[ProductName], [p].[Quantity], [p].[ReturnPolicy], [p].[ShoeType], [p].[UnitPrice], [p].[WarrantyPeriod]
FROM [Products] AS [p]
WHERE [p].[ProductId] = @__p_0
2026-05-15 00:29:03.516 +05:30 [INF] Executing OkObjectResult, writing value of type 'eCommerce.Application.DTOs.Product.ProductDto'.
2026-05-15 00:29:03.517 +05:30 [INF] Executed action eCommerce.Api.Controllers.v1.ProductsController.GetProductDetails (eCommerce.Api) in 16.6381ms
2026-05-15 00:29:03.517 +05:30 [INF] Executed endpoint 'eCommerce.Api.Controllers.v1.ProductsController.GetProductDetails (eCommerce.Api)'
2026-05-15 00:29:03.517 +05:30 [INF] Request finished HTTP/2 GET https://localhost:7274/api/v1/products/1003 - 200 null application/json; charset=utf-8 19.1646ms
2026-05-15 00:29:06.089 +05:30 [INF] Request starting HTTP/2 GET https://localhost:7274/api/v1/CartItems - application/json null
2026-05-15 00:29:06.091 +05:30 [INF] CORS policy execution successful.
2026-05-15 00:29:06.094 +05:30 [INF] Executing endpoint 'eCommerce.Api.Controllers.v1.CartItemsController.GetAllcartItems (eCommerce.Api)'
2026-05-15 00:29:06.095 +05:30 [INF] Route matched with {action = "GetAllcartItems", controller = "CartItems"}. Executing controller action with signature System.Threading.Tasks.Task`1[Microsoft.AspNetCore.Mvc.ActionResult`1[System.Collections.Generic.IEnumerable`1[eCommerce.Application.DTOs.CartItem.CartItemDto]]] GetAllcartItems() on controller eCommerce.Api.Controllers.v1.CartItemsController (eCommerce.Api).
2026-05-15 00:29:06.140 +05:30 [INF] Executed DbCommand (4ms) [Parameters=[], CommandType='"Text"', CommandTimeout='30']
SELECT [c].[CartItemId], [c].[CartId], [c].[ProductId], [c].[Quantity], [c].[Size]
FROM [CartItems] AS [c]
2026-05-15 00:29:06.143 +05:30 [INF] Executing OkObjectResult, writing value of type 'System.Collections.Generic.List`1[[eCommerce.Application.DTOs.CartItem.CartItemDto, eCommerce.Application, Version=1.0.0.0, Culture=neutral, PublicKeyToken=null]]'.
2026-05-15 00:29:06.143 +05:30 [INF] Executed action eCommerce.Api.Controllers.v1.CartItemsController.GetAllcartItems (eCommerce.Api) in 48.2657ms
2026-05-15 00:29:06.143 +05:30 [INF] Executed endpoint 'eCommerce.Api.Controllers.v1.CartItemsController.GetAllcartItems (eCommerce.Api)'
2026-05-15 00:29:06.144 +05:30 [INF] Request finished HTTP/2 GET https://localhost:7274/api/v1/CartItems - 200 null application/json; charset=utf-8 54.677ms
2026-05-15 00:29:06.163 +05:30 [INF] Request starting HTTP/2 GET https://localhost:7274/api/v1/products/1003 - application/json null
2026-05-15 00:29:06.164 +05:30 [INF] CORS policy execution successful.
2026-05-15 00:29:06.165 +05:30 [INF] Executing endpoint 'eCommerce.Api.Controllers.v1.ProductsController.GetProductDetails (eCommerce.Api)'
2026-05-15 00:29:06.165 +05:30 [INF] Route matched with {action = "GetProductDetails", controller = "Products"}. Executing controller action with signature System.Threading.Tasks.Task`1[Microsoft.AspNetCore.Mvc.ActionResult`1[eCommerce.Application.DTOs.Product.ProductDto]] GetProductDetails(Int32) on controller eCommerce.Api.Controllers.v1.ProductsController (eCommerce.Api).
2026-05-15 00:29:06.177 +05:30 [INF] Executed DbCommand (8ms) [Parameters=[@__p_0='?' (DbType = Int32)], CommandType='"Text"', CommandTimeout='30']
SELECT TOP(1) [p].[ProductId], [p].[CategoryId], [p].[Description], [p].[Discount], [p].[Gender], [p].[MadeIn], [p].[ManufacturingDate], [p].[Picture], [p].[ProductName], [p].[Quantity], [p].[ReturnPolicy], [p].[ShoeType], [p].[UnitPrice], [p].[WarrantyPeriod]
FROM [Products] AS [p]
WHERE [p].[ProductId] = @__p_0
2026-05-15 00:29:06.178 +05:30 [INF] Executing OkObjectResult, writing value of type 'eCommerce.Application.DTOs.Product.ProductDto'.
2026-05-15 00:29:06.178 +05:30 [INF] Executed action eCommerce.Api.Controllers.v1.ProductsController.GetProductDetails (eCommerce.Api) in 13.3706ms
2026-05-15 00:29:06.178 +05:30 [INF] Executed endpoint 'eCommerce.Api.Controllers.v1.ProductsController.GetProductDetails (eCommerce.Api)'
2026-05-15 00:29:06.179 +05:30 [INF] Request finished HTTP/2 GET https://localhost:7274/api/v1/products/1003 - 200 null application/json; charset=utf-8 15.9519ms
2026-05-15 00:29:06.188 +05:30 [INF] Request starting HTTP/2 OPTIONS https://localhost:7274/api/v1/Invoices - null null
2026-05-15 00:29:06.196 +05:30 [INF] CORS policy execution successful.
2026-05-15 00:29:06.197 +05:30 [INF] Request finished HTTP/2 OPTIONS https://localhost:7274/api/v1/Invoices - 204 null null 10.2495ms
2026-05-15 00:29:06.201 +05:30 [INF] Request starting HTTP/2 POST https://localhost:7274/api/v1/Invoices - application/json 106
2026-05-15 00:29:06.205 +05:30 [INF] CORS policy execution successful.
2026-05-15 00:29:06.205 +05:30 [INF] Executing endpoint 'eCommerce.Api.Controllers.v1.InvoicesController.CreateInvoice (eCommerce.Api)'
2026-05-15 00:29:06.280 +05:30 [INF] Route matched with {action = "CreateInvoice", controller = "Invoices"}. Executing controller action with signature System.Threading.Tasks.Task`1[Microsoft.AspNetCore.Mvc.ActionResult`1[eCommerce.Application.DTOs.Invoice.CreateInvoiceDto]] CreateInvoice(eCommerce.Application.DTOs.Invoice.CreateInvoiceDto) on controller eCommerce.Api.Controllers.v1.InvoicesController (eCommerce.Api).
2026-05-15 00:29:06.563 +05:30 [INF] Executed DbCommand (41ms) [Parameters=[@p0='?' (DbType = Int32), @p1='?' (DbType = DateTime2), @p2='?' (Size = 4000), @p3='?' (Size = 4000)], CommandType='"Text"', CommandTimeout='30']
SET IMPLICIT_TRANSACTIONS OFF;
SET NOCOUNT ON;
INSERT INTO [Invoices] ([CartId], [InvoiceDate], [OrderId], [PaymentId])
OUTPUT INSERTED.[InvoiceId]
VALUES (@p0, @p1, @p2, @p3);
2026-05-15 00:29:06.589 +05:30 [INF] Executing CreatedAtActionResult, writing value of type 'eCommerce.Application.DTOs.Invoice.InvoiceDto'.
2026-05-15 00:29:06.604 +05:30 [INF] Executed action eCommerce.Api.Controllers.v1.InvoicesController.CreateInvoice (eCommerce.Api) in 323.1006ms
2026-05-15 00:29:06.604 +05:30 [INF] Executed endpoint 'eCommerce.Api.Controllers.v1.InvoicesController.CreateInvoice (eCommerce.Api)'
2026-05-15 00:29:06.604 +05:30 [INF] Request finished HTTP/2 POST https://localhost:7274/api/v1/Invoices - 201 null application/json; charset=utf-8 403.7783ms
2026-05-15 00:29:06.628 +05:30 [INF] Request starting HTTP/2 OPTIONS https://localhost:7274/api/v1/Invoices/18 - null null
2026-05-15 00:29:06.630 +05:30 [INF] CORS policy execution successful.
2026-05-15 00:29:06.631 +05:30 [INF] Request finished HTTP/2 OPTIONS https://localhost:7274/api/v1/Invoices/18 - 204 null null 3.7721ms
2026-05-15 00:29:06.636 +05:30 [INF] Request starting HTTP/2 GET https://localhost:7274/api/v1/Invoices/18 - application/json null
2026-05-15 00:29:06.638 +05:30 [INF] CORS policy execution successful.
2026-05-15 00:29:06.638 +05:30 [INF] Executing endpoint 'eCommerce.Api.Controllers.v1.InvoicesController.GetInvoiceDetails (eCommerce.Api)'
2026-05-15 00:29:06.680 +05:30 [INF] Route matched with {action = "GetInvoiceDetails", controller = "Invoices"}. Executing controller action with signature System.Threading.Tasks.Task`1[Microsoft.AspNetCore.Mvc.ActionResult`1[eCommerce.Application.DTOs.Invoice.InvoiceDto]] GetInvoiceDetails(Int32) on controller eCommerce.Api.Controllers.v1.InvoicesController (eCommerce.Api).
2026-05-15 00:29:06.816 +05:30 [INF] Executed DbCommand (9ms) [Parameters=[@__p_0='?' (DbType = Int32)], CommandType='"Text"', CommandTimeout='30']
SELECT TOP(1) [i].[InvoiceId], [i].[CartId], [i].[InvoiceDate], [i].[OrderId], [i].[PaymentId]
FROM [Invoices] AS [i]
WHERE [i].[InvoiceId] = @__p_0
2026-05-15 00:29:06.823 +05:30 [INF] Executing OkObjectResult, writing value of type 'eCommerce.Application.DTOs.Invoice.InvoiceDto'.
2026-05-15 00:29:06.824 +05:30 [INF] Executed action eCommerce.Api.Controllers.v1.InvoicesController.GetInvoiceDetails (eCommerce.Api) in 143.1507ms
2026-05-15 00:29:06.824 +05:30 [INF] Executed endpoint 'eCommerce.Api.Controllers.v1.InvoicesController.GetInvoiceDetails (eCommerce.Api)'
2026-05-15 00:29:06.824 +05:30 [INF] Request finished HTTP/2 GET https://localhost:7274/api/v1/Invoices/18 - 200 null application/json; charset=utf-8 187.8555ms
2026-05-15 00:29:06.834 +05:30 [INF] Request starting HTTP/2 GET https://localhost:7274/api/v1/CartItems - application/json null
2026-05-15 00:29:06.835 +05:30 [INF] CORS policy execution successful.
2026-05-15 00:29:06.835 +05:30 [INF] Executing endpoint 'eCommerce.Api.Controllers.v1.CartItemsController.GetAllcartItems (eCommerce.Api)'
2026-05-15 00:29:06.836 +05:30 [INF] Route matched with {action = "GetAllcartItems", controller = "CartItems"}. Executing controller action with signature System.Threading.Tasks.Task`1[Microsoft.AspNetCore.Mvc.ActionResult`1[System.Collections.Generic.IEnumerable`1[eCommerce.Application.DTOs.CartItem.CartItemDto]]] GetAllcartItems() on controller eCommerce.Api.Controllers.v1.CartItemsController (eCommerce.Api).
2026-05-15 00:29:06.846 +05:30 [INF] Executed DbCommand (6ms) [Parameters=[], CommandType='"Text"', CommandTimeout='30']
SELECT [c].[CartItemId], [c].[CartId], [c].[ProductId], [c].[Quantity], [c].[Size]
FROM [CartItems] AS [c]
2026-05-15 00:29:06.848 +05:30 [INF] Executing OkObjectResult, writing value of type 'System.Collections.Generic.List`1[[eCommerce.Application.DTOs.CartItem.CartItemDto, eCommerce.Application, Version=1.0.0.0, Culture=neutral, PublicKeyToken=null]]'.
2026-05-15 00:29:06.848 +05:30 [INF] Executed action eCommerce.Api.Controllers.v1.CartItemsController.GetAllcartItems (eCommerce.Api) in 12.4141ms
2026-05-15 00:29:06.848 +05:30 [INF] Executed endpoint 'eCommerce.Api.Controllers.v1.CartItemsController.GetAllcartItems (eCommerce.Api)'
2026-05-15 00:29:06.849 +05:30 [INF] Request finished HTTP/2 GET https://localhost:7274/api/v1/CartItems - 200 null application/json; charset=utf-8 17.456ms
2026-05-15 00:29:06.856 +05:30 [INF] Request starting HTTP/2 OPTIONS https://localhost:7274/api/v1/products/1003 - null null
2026-05-15 00:29:06.857 +05:30 [INF] CORS policy execution successful.
2026-05-15 00:29:06.857 +05:30 [INF] Request finished HTTP/2 OPTIONS https://localhost:7274/api/v1/products/1003 - 204 null null 1.9352ms
2026-05-15 00:29:06.861 +05:30 [INF] Request starting HTTP/2 GET https://localhost:7274/api/v1/products/1003 - application/json null
2026-05-15 00:29:06.862 +05:30 [INF] CORS policy execution successful.
2026-05-15 00:29:06.869 +05:30 [INF] Executing endpoint 'eCommerce.Api.Controllers.v1.ProductsController.GetProductDetails (eCommerce.Api)'
2026-05-15 00:29:06.869 +05:30 [INF] Route matched with {action = "GetProductDetails", controller = "Products"}. Executing controller action with signature System.Threading.Tasks.Task`1[Microsoft.AspNetCore.Mvc.ActionResult`1[eCommerce.Application.DTOs.Product.ProductDto]] GetProductDetails(Int32) on controller eCommerce.Api.Controllers.v1.ProductsController (eCommerce.Api).
2026-05-15 00:29:06.877 +05:30 [INF] Executed DbCommand (5ms) [Parameters=[@__p_0='?' (DbType = Int32)], CommandType='"Text"', CommandTimeout='30']
SELECT TOP(1) [p].[ProductId], [p].[CategoryId], [p].[Description], [p].[Discount], [p].[Gender], [p].[MadeIn], [p].[ManufacturingDate], [p].[Picture], [p].[ProductName], [p].[Quantity], [p].[ReturnPolicy], [p].[ShoeType], [p].[UnitPrice], [p].[WarrantyPeriod]
FROM [Products] AS [p]
WHERE [p].[ProductId] = @__p_0
2026-05-15 00:29:06.880 +05:30 [INF] Executing OkObjectResult, writing value of type 'eCommerce.Application.DTOs.Product.ProductDto'.
2026-05-15 00:29:06.881 +05:30 [INF] Executed action eCommerce.Api.Controllers.v1.ProductsController.GetProductDetails (eCommerce.Api) in 11.0906ms
2026-05-15 00:29:06.881 +05:30 [INF] Executed endpoint 'eCommerce.Api.Controllers.v1.ProductsController.GetProductDetails (eCommerce.Api)'
2026-05-15 00:29:06.881 +05:30 [INF] Request finished HTTP/2 GET https://localhost:7274/api/v1/products/1003 - 200 null application/json; charset=utf-8 20.8018ms
2026-05-15 00:29:24.378 +05:30 [INF] Request starting HTTP/2 OPTIONS https://localhost:7274/api/v1/Categories?t=1778785164371 - null null
2026-05-15 00:29:24.390 +05:30 [INF] CORS policy execution successful.
2026-05-15 00:29:24.390 +05:30 [INF] Request finished HTTP/2 OPTIONS https://localhost:7274/api/v1/Categories?t=1778785164371 - 204 null null 12.9515ms
2026-05-15 00:29:24.398 +05:30 [INF] Request starting HTTP/2 GET https://localhost:7274/api/v1/Categories?t=1778785164371 - application/json null
2026-05-15 00:29:24.403 +05:30 [INF] CORS policy execution successful.
2026-05-15 00:29:24.418 +05:30 [INF] Executing endpoint 'eCommerce.Api.Controllers.v1.CategoriesController.GetAllAsync (eCommerce.Api)'
2026-05-15 00:29:24.420 +05:30 [INF] Route matched with {action = "GetAll", controller = "Categories"}. Executing controller action with signature System.Threading.Tasks.Task`1[Microsoft.AspNetCore.Mvc.ActionResult`1[System.Collections.Generic.IEnumerable`1[eCommerce.Application.DTOs.Category.CategoryDto]]] GetAllAsync() on controller eCommerce.Api.Controllers.v1.CategoriesController (eCommerce.Api).
2026-05-15 00:29:24.431 +05:30 [INF] Get all categories
2026-05-15 00:29:24.459 +05:30 [INF] Executed DbCommand (14ms) [Parameters=[], CommandType='"Text"', CommandTimeout='30']
SELECT [c].[CategoryId], [c].[CategoryName], [c].[Description]
FROM [Categories] AS [c]
2026-05-15 00:29:24.465 +05:30 [INF] Executing OkObjectResult, writing value of type 'System.Collections.Generic.List`1[[eCommerce.Application.DTOs.Category.CategoryDto, eCommerce.Application, Version=1.0.0.0, Culture=neutral, PublicKeyToken=null]]'.
2026-05-15 00:29:24.466 +05:30 [INF] Executed action eCommerce.Api.Controllers.v1.CategoriesController.GetAllAsync (eCommerce.Api) in 45.579ms
2026-05-15 00:29:24.466 +05:30 [INF] Executed endpoint 'eCommerce.Api.Controllers.v1.CategoriesController.GetAllAsync (eCommerce.Api)'
2026-05-15 00:29:24.466 +05:30 [INF] Request finished HTTP/2 GET https://localhost:7274/api/v1/Categories?t=1778785164371 - 200 null application/json; charset=utf-8 69.2383ms
2026-05-15 01:13:39.981 +05:30 [INF] User profile is available. Using 'C:\Users\pilli\AppData\Local\ASP.NET\DataProtection-Keys' as key repository and Windows DPAPI to encrypt keys at rest.
2026-05-15 01:13:41.342 +05:30 [INF] Now listening on: https://localhost:7274
2026-05-15 01:13:41.343 +05:30 [INF] Now listening on: http://localhost:5169
2026-05-15 01:13:41.654 +05:30 [INF] Application started. Press Ctrl+C to shut down.
2026-05-15 01:13:41.656 +05:30 [INF] Hosting environment: Development
2026-05-15 01:13:41.656 +05:30 [INF] Content root path: C:\Users\pilli\OneDrive\Desktop\.net&angular training\ASP.NETCoreWebAPI\CleanArchitecture\eCommerce.Api
2026-05-15 01:13:46.257 +05:30 [INF] Request starting HTTP/2 GET https://localhost:7274/swagger/index.html - null null
2026-05-15 01:13:47.223 +05:30 [INF] Request finished HTTP/2 GET https://localhost:7274/swagger/index.html - 200 null text/html;charset=utf-8 1006.5335ms
2026-05-15 01:13:47.495 +05:30 [INF] Request starting HTTP/2 GET https://localhost:7274/_framework/aspnetcore-browser-refresh.js - null null
2026-05-15 01:13:47.496 +05:30 [INF] Request starting HTTP/2 GET https://localhost:7274/_vs/browserLink - null null
2026-05-15 01:13:47.519 +05:30 [INF] Request finished HTTP/2 GET https://localhost:7274/_framework/aspnetcore-browser-refresh.js - 200 16511 application/javascript; charset=utf-8 23.3059ms
2026-05-15 01:13:47.663 +05:30 [INF] Request finished HTTP/2 GET https://localhost:7274/_vs/browserLink - 200 null text/javascript; charset=UTF-8 167.208ms
2026-05-15 01:13:48.138 +05:30 [INF] Request starting HTTP/2 GET https://localhost:7274/swagger/v1/swagger.json - null null
2026-05-15 01:13:48.346 +05:30 [INF] Request finished HTTP/2 GET https://localhost:7274/swagger/v1/swagger.json - 200 null application/json;charset=utf-8 208.865ms
2026-05-15 01:15:51.423 +05:30 [INF] Request starting HTTP/2 OPTIONS https://localhost:7274/api/v1/products - null null
2026-05-15 01:15:51.423 +05:30 [INF] Request starting HTTP/2 OPTIONS https://localhost:7274/api/v1/products - null null
2026-05-15 01:15:51.934 +05:30 [INF] CORS policy execution successful.
2026-05-15 01:15:51.934 +05:30 [INF] CORS policy execution successful.
2026-05-15 01:15:51.946 +05:30 [INF] Request finished HTTP/2 OPTIONS https://localhost:7274/api/v1/products - 204 null null 541.3582ms
2026-05-15 01:15:51.946 +05:30 [INF] Request finished HTTP/2 OPTIONS https://localhost:7274/api/v1/products - 204 null null 541.3944ms
2026-05-15 01:15:51.955 +05:30 [INF] Request starting HTTP/2 GET https://localhost:7274/api/v1/products - application/json null
2026-05-15 01:15:51.979 +05:30 [INF] CORS policy execution successful.
2026-05-15 01:15:52.434 +05:30 [INF] Failed to validate the token.
Microsoft.IdentityModel.Tokens.SecurityTokenMalformedException: IDX14100: JWT is not well formed, there are no dots (.).
The token needs to be in JWS or JWE Compact Serialization Format. (JWS): 'EncodedHeader.EncodedPayload.EncodedSignature'. (JWE): 'EncodedProtectedHeader.EncodedEncryptedKey.EncodedInitializationVector.EncodedCiphertext.EncodedAuthenticationTag'.
   at Microsoft.IdentityModel.JsonWebTokens.JsonWebToken.ReadToken(ReadOnlyMemory`1 encodedTokenMemory)
   at Microsoft.IdentityModel.JsonWebTokens.JsonWebToken..ctor(String jwtEncodedString, TryReadJwtClaim tryReadJwtClaim)
   at Microsoft.IdentityModel.JsonWebTokens.JsonWebTokenHandler.ReadToken(String token, TokenValidationParameters validationParameters)
2026-05-15 01:15:52.551 +05:30 [INF] Bearer was not authenticated. Failure message: IDX14100: JWT is not well formed, there are no dots (.).
The token needs to be in JWS or JWE Compact Serialization Format. (JWS): 'EncodedHeader.EncodedPayload.EncodedSignature'. (JWE): 'EncodedProtectedHeader.EncodedEncryptedKey.EncodedInitializationVector.EncodedCiphertext.EncodedAuthenticationTag'.
2026-05-15 01:15:52.580 +05:30 [INF] Executing endpoint 'eCommerce.Api.Controllers.v1.ProductsController.GetAllProducts (eCommerce.Api)'
2026-05-15 01:15:52.762 +05:30 [INF] Route matched with {action = "GetAllProducts", controller = "Products"}. Executing controller action with signature System.Threading.Tasks.Task`1[Microsoft.AspNetCore.Mvc.ActionResult`1[System.Collections.Generic.IEnumerable`1[eCommerce.Application.DTOs.Product.ProductDto]]] GetAllProducts() on controller eCommerce.Api.Controllers.v1.ProductsController (eCommerce.Api).
2026-05-15 01:15:53.726 +05:30 [WRN] You do not have a valid license key for the Lucky Penny software AutoMapper. This is allowed for development and testing scenarios. If you are running in production you are required to have a licensed version. Please visit https://luckypennysoftware.com to obtain a valid license.
2026-05-15 01:15:56.873 +05:30 [INF] Executed DbCommand (197ms) [Parameters=[], CommandType='"Text"', CommandTimeout='30']
SELECT [p].[ProductId], [p].[CategoryId], [p].[Description], [p].[Discount], [p].[Gender], [p].[MadeIn], [p].[ManufacturingDate], [p].[Picture], [p].[ProductName], [p].[Quantity], [p].[ReturnPolicy], [p].[ShoeType], [p].[UnitPrice], [p].[WarrantyPeriod]
FROM [Products] AS [p]
2026-05-15 01:15:57.184 +05:30 [INF] Executing OkObjectResult, writing value of type 'System.Collections.Generic.List`1[[eCommerce.Application.DTOs.Product.ProductDto, eCommerce.Application, Version=1.0.0.0, Culture=neutral, PublicKeyToken=null]]'.
2026-05-15 01:15:57.306 +05:30 [INF] Request starting HTTP/2 GET https://localhost:7274/api/v1/products - application/json null
2026-05-15 01:15:57.307 +05:30 [INF] CORS policy execution successful.
2026-05-15 01:15:57.311 +05:30 [INF] Failed to validate the token.
Microsoft.IdentityModel.Tokens.SecurityTokenMalformedException: IDX14100: JWT is not well formed, there are no dots (.).
The token needs to be in JWS or JWE Compact Serialization Format. (JWS): 'EncodedHeader.EncodedPayload.EncodedSignature'. (JWE): 'EncodedProtectedHeader.EncodedEncryptedKey.EncodedInitializationVector.EncodedCiphertext.EncodedAuthenticationTag'.
   at Microsoft.IdentityModel.JsonWebTokens.JsonWebToken.ReadToken(ReadOnlyMemory`1 encodedTokenMemory)
   at Microsoft.IdentityModel.JsonWebTokens.JsonWebToken..ctor(String jwtEncodedString, TryReadJwtClaim tryReadJwtClaim)
   at Microsoft.IdentityModel.JsonWebTokens.JsonWebTokenHandler.ReadToken(String token, TokenValidationParameters validationParameters)
2026-05-15 01:15:57.312 +05:30 [INF] Bearer was not authenticated. Failure message: IDX14100: JWT is not well formed, there are no dots (.).
The token needs to be in JWS or JWE Compact Serialization Format. (JWS): 'EncodedHeader.EncodedPayload.EncodedSignature'. (JWE): 'EncodedProtectedHeader.EncodedEncryptedKey.EncodedInitializationVector.EncodedCiphertext.EncodedAuthenticationTag'.
2026-05-15 01:15:57.312 +05:30 [INF] Executed action eCommerce.Api.Controllers.v1.ProductsController.GetAllProducts (eCommerce.Api) in 4540.7033ms
2026-05-15 01:15:57.312 +05:30 [INF] Executing endpoint 'eCommerce.Api.Controllers.v1.ProductsController.GetAllProducts (eCommerce.Api)'
2026-05-15 01:15:57.313 +05:30 [INF] Route matched with {action = "GetAllProducts", controller = "Products"}. Executing controller action with signature System.Threading.Tasks.Task`1[Microsoft.AspNetCore.Mvc.ActionResult`1[System.Collections.Generic.IEnumerable`1[eCommerce.Application.DTOs.Product.ProductDto]]] GetAllProducts() on controller eCommerce.Api.Controllers.v1.ProductsController (eCommerce.Api).
2026-05-15 01:15:57.313 +05:30 [INF] Executed endpoint 'eCommerce.Api.Controllers.v1.ProductsController.GetAllProducts (eCommerce.Api)'
2026-05-15 01:15:57.336 +05:30 [INF] Request finished HTTP/2 GET https://localhost:7274/api/v1/products - 200 null application/json; charset=utf-8 5380.9334ms
2026-05-15 01:15:57.455 +05:30 [INF] Executed DbCommand (14ms) [Parameters=[], CommandType='"Text"', CommandTimeout='30']
SELECT [p].[ProductId], [p].[CategoryId], [p].[Description], [p].[Discount], [p].[Gender], [p].[MadeIn], [p].[ManufacturingDate], [p].[Picture], [p].[ProductName], [p].[Quantity], [p].[ReturnPolicy], [p].[ShoeType], [p].[UnitPrice], [p].[WarrantyPeriod]
FROM [Products] AS [p]
2026-05-15 01:15:57.458 +05:30 [INF] Executing OkObjectResult, writing value of type 'System.Collections.Generic.List`1[[eCommerce.Application.DTOs.Product.ProductDto, eCommerce.Application, Version=1.0.0.0, Culture=neutral, PublicKeyToken=null]]'.
2026-05-15 01:15:57.473 +05:30 [INF] Executed action eCommerce.Api.Controllers.v1.ProductsController.GetAllProducts (eCommerce.Api) in 160.001ms
2026-05-15 01:15:57.473 +05:30 [INF] Executed endpoint 'eCommerce.Api.Controllers.v1.ProductsController.GetAllProducts (eCommerce.Api)'
2026-05-15 01:15:57.474 +05:30 [INF] Request finished HTTP/2 GET https://localhost:7274/api/v1/products - 200 null application/json; charset=utf-8 169.007ms
2026-05-15 01:16:15.471 +05:30 [INF] Request starting HTTP/2 OPTIONS https://localhost:7274/api/v1/Security/Login - null null
2026-05-15 01:16:15.505 +05:30 [INF] CORS policy execution successful.
2026-05-15 01:16:15.511 +05:30 [INF] Request finished HTTP/2 OPTIONS https://localhost:7274/api/v1/Security/Login - 204 null null 48.3994ms
2026-05-15 01:16:15.530 +05:30 [INF] Request starting HTTP/2 POST https://localhost:7274/api/v1/Security/Login - application/json 52
2026-05-15 01:16:15.533 +05:30 [INF] CORS policy execution successful.
2026-05-15 01:16:15.552 +05:30 [INF] Failed to validate the token.
Microsoft.IdentityModel.Tokens.SecurityTokenMalformedException: IDX14100: JWT is not well formed, there are no dots (.).
The token needs to be in JWS or JWE Compact Serialization Format. (JWS): 'EncodedHeader.EncodedPayload.EncodedSignature'. (JWE): 'EncodedProtectedHeader.EncodedEncryptedKey.EncodedInitializationVector.EncodedCiphertext.EncodedAuthenticationTag'.
   at Microsoft.IdentityModel.JsonWebTokens.JsonWebToken.ReadToken(ReadOnlyMemory`1 encodedTokenMemory)
   at Microsoft.IdentityModel.JsonWebTokens.JsonWebToken..ctor(String jwtEncodedString, TryReadJwtClaim tryReadJwtClaim)
   at Microsoft.IdentityModel.JsonWebTokens.JsonWebTokenHandler.ReadToken(String token, TokenValidationParameters validationParameters)
2026-05-15 01:16:15.558 +05:30 [INF] Bearer was not authenticated. Failure message: IDX14100: JWT is not well formed, there are no dots (.).
The token needs to be in JWS or JWE Compact Serialization Format. (JWS): 'EncodedHeader.EncodedPayload.EncodedSignature'. (JWE): 'EncodedProtectedHeader.EncodedEncryptedKey.EncodedInitializationVector.EncodedCiphertext.EncodedAuthenticationTag'.
2026-05-15 01:16:15.561 +05:30 [INF] Executing endpoint 'eCommerce.Api.Controllers.v1.SecurityController.Post (eCommerce.Api)'
2026-05-15 01:16:15.625 +05:30 [INF] Route matched with {action = "Post", controller = "Security"}. Executing controller action with signature System.Threading.Tasks.Task`1[Microsoft.AspNetCore.Mvc.ActionResult`1[eCommerce.Application.VMS.AuthenticationResponseVM]] Post(eCommerce.Application.DTOs.User.UserDto) on controller eCommerce.Api.Controllers.v1.SecurityController (eCommerce.Api).
2026-05-15 01:16:16.555 +05:30 [INF] Executed DbCommand (165ms) [Parameters=[@__email_0='?' (Size = 100)], CommandType='"Text"', CommandTimeout='30']
SELECT [t].[UserId], [t].[Email], [t].[Password], [t0].[RolesRoleId], [t0].[UsersUserId], [t0].[RoleId], [t0].[Description], [t0].[RoleName]
FROM (
    SELECT TOP(1) [u].[UserId], [u].[Email], [u].[Password]
    FROM [Users] AS [u]
    WHERE [u].[Email] = @__email_0
) AS [t]
LEFT JOIN (
    SELECT [r].[RolesRoleId], [r].[UsersUserId], [r0].[RoleId], [r0].[Description], [r0].[RoleName]
    FROM [RoleUser] AS [r]
    INNER JOIN [Roles] AS [r0] ON [r].[RolesRoleId] = [r0].[RoleId]
) AS [t0] ON [t].[UserId] = [t0].[UsersUserId]
ORDER BY [t].[UserId], [t0].[RolesRoleId], [t0].[UsersUserId]
2026-05-15 01:16:16.964 +05:30 [INF] Executing OkObjectResult, writing value of type 'eCommerce.Application.VMS.AuthenticationResponseVM'.
2026-05-15 01:16:16.968 +05:30 [INF] Executed action eCommerce.Api.Controllers.v1.SecurityController.Post (eCommerce.Api) in 1342.693ms
2026-05-15 01:16:16.969 +05:30 [INF] Executed endpoint 'eCommerce.Api.Controllers.v1.SecurityController.Post (eCommerce.Api)'
2026-05-15 01:16:16.969 +05:30 [INF] Request finished HTTP/2 POST https://localhost:7274/api/v1/Security/Login - 200 null application/json; charset=utf-8 1439.3458ms
2026-05-15 01:16:16.984 +05:30 [INF] Request starting HTTP/2 OPTIONS https://localhost:7274/api/v1/Customers/user/1 - null null
2026-05-15 01:16:16.988 +05:30 [INF] CORS policy execution successful.
2026-05-15 01:16:16.988 +05:30 [INF] Request finished HTTP/2 OPTIONS https://localhost:7274/api/v1/Customers/user/1 - 204 null null 4.0716ms
2026-05-15 01:16:16.992 +05:30 [INF] Request starting HTTP/2 GET https://localhost:7274/api/v1/Customers/user/1 - application/json null
2026-05-15 01:16:16.994 +05:30 [INF] CORS policy execution successful.
2026-05-15 01:16:17.035 +05:30 [INF] Request starting HTTP/2 OPTIONS https://localhost:7274/api/v1/Categories?t=1778787977027 - null null
2026-05-15 01:16:17.049 +05:30 [INF] CORS policy execution successful.
2026-05-15 01:16:17.049 +05:30 [INF] Request finished HTTP/2 OPTIONS https://localhost:7274/api/v1/Categories?t=1778787977027 - 204 null null 13.7389ms
2026-05-15 01:16:17.056 +05:30 [INF] Executing endpoint 'eCommerce.Api.Controllers.v1.CustomersController.GetByUserId (eCommerce.Api)'
2026-05-15 01:16:17.062 +05:30 [INF] Request starting HTTP/2 GET https://localhost:7274/api/v1/Categories?t=1778787977027 - application/json null
2026-05-15 01:16:17.062 +05:30 [INF] CORS policy execution successful.
2026-05-15 01:16:17.069 +05:30 [INF] Route matched with {action = "GetByUserId", controller = "Customers"}. Executing controller action with signature System.Threading.Tasks.Task`1[Microsoft.AspNetCore.Mvc.ActionResult`1[eCommerce.Application.DTOs.Customer.CustomerDto]] GetByUserId(Int32) on controller eCommerce.Api.Controllers.v1.CustomersController (eCommerce.Api).
2026-05-15 01:16:17.075 +05:30 [INF] Executing endpoint 'eCommerce.Api.Controllers.v1.CategoriesController.GetAllAsync (eCommerce.Api)'
2026-05-15 01:16:17.080 +05:30 [INF] Route matched with {action = "GetAll", controller = "Categories"}. Executing controller action with signature System.Threading.Tasks.Task`1[Microsoft.AspNetCore.Mvc.ActionResult`1[System.Collections.Generic.IEnumerable`1[eCommerce.Application.DTOs.Category.CategoryDto]]] GetAllAsync() on controller eCommerce.Api.Controllers.v1.CategoriesController (eCommerce.Api).
2026-05-15 01:16:17.084 +05:30 [INF] Get all categories
2026-05-15 01:16:17.092 +05:30 [INF] Executed DbCommand (8ms) [Parameters=[], CommandType='"Text"', CommandTimeout='30']
SELECT [c].[CustomerId], [c].[Address], [c].[City], [c].[ContactName], [c].[Email], [c].[Phone], [c].[UserId], [c].[Zipcode]
FROM [Customers] AS [c]
2026-05-15 01:16:17.140 +05:30 [INF] Executing OkObjectResult, writing value of type 'eCommerce.Application.DTOs.Customer.CustomerDto'.
2026-05-15 01:16:17.143 +05:30 [INF] Executed action eCommerce.Api.Controllers.v1.CustomersController.GetByUserId (eCommerce.Api) in 73.9398ms
2026-05-15 01:16:17.143 +05:30 [INF] Executed endpoint 'eCommerce.Api.Controllers.v1.CustomersController.GetByUserId (eCommerce.Api)'
2026-05-15 01:16:17.144 +05:30 [INF] Request finished HTTP/2 GET https://localhost:7274/api/v1/Customers/user/1 - 200 null application/json; charset=utf-8 151.8872ms
2026-05-15 01:16:17.172 +05:30 [INF] Executed DbCommand (10ms) [Parameters=[], CommandType='"Text"', CommandTimeout='30']
SELECT [c].[CategoryId], [c].[CategoryName], [c].[Description]
FROM [Categories] AS [c]
2026-05-15 01:16:17.190 +05:30 [INF] Executing OkObjectResult, writing value of type 'System.Collections.Generic.List`1[[eCommerce.Application.DTOs.Category.CategoryDto, eCommerce.Application, Version=1.0.0.0, Culture=neutral, PublicKeyToken=null]]'.
2026-05-15 01:16:17.194 +05:30 [INF] Executed action eCommerce.Api.Controllers.v1.CategoriesController.GetAllAsync (eCommerce.Api) in 113.9625ms
2026-05-15 01:16:17.194 +05:30 [INF] Executed endpoint 'eCommerce.Api.Controllers.v1.CategoriesController.GetAllAsync (eCommerce.Api)'
2026-05-15 01:16:17.194 +05:30 [INF] Request finished HTTP/2 GET https://localhost:7274/api/v1/Categories?t=1778787977027 - 200 null application/json; charset=utf-8 133.2852ms
2026-05-15 01:16:24.915 +05:30 [INF] Request starting HTTP/2 OPTIONS https://localhost:7274/api/v1/products - null null
2026-05-15 01:16:24.915 +05:30 [INF] Request starting HTTP/2 OPTIONS https://localhost:7274/api/v1/products - null null
2026-05-15 01:16:24.918 +05:30 [INF] CORS policy execution successful.
2026-05-15 01:16:24.918 +05:30 [INF] CORS policy execution successful.
2026-05-15 01:16:24.919 +05:30 [INF] Request finished HTTP/2 OPTIONS https://localhost:7274/api/v1/products - 204 null null 3.9634ms
2026-05-15 01:16:24.919 +05:30 [INF] Request finished HTTP/2 OPTIONS https://localhost:7274/api/v1/products - 204 null null 3.9641ms
2026-05-15 01:16:24.924 +05:30 [INF] Request starting HTTP/2 GET https://localhost:7274/api/v1/products - application/json null
2026-05-15 01:16:24.925 +05:30 [INF] CORS policy execution successful.
2026-05-15 01:16:24.925 +05:30 [INF] Executing endpoint 'eCommerce.Api.Controllers.v1.ProductsController.GetAllProducts (eCommerce.Api)'
2026-05-15 01:16:24.926 +05:30 [INF] Route matched with {action = "GetAllProducts", controller = "Products"}. Executing controller action with signature System.Threading.Tasks.Task`1[Microsoft.AspNetCore.Mvc.ActionResult`1[System.Collections.Generic.IEnumerable`1[eCommerce.Application.DTOs.Product.ProductDto]]] GetAllProducts() on controller eCommerce.Api.Controllers.v1.ProductsController (eCommerce.Api).
2026-05-15 01:16:24.941 +05:30 [INF] Executed DbCommand (7ms) [Parameters=[], CommandType='"Text"', CommandTimeout='30']
SELECT [p].[ProductId], [p].[CategoryId], [p].[Description], [p].[Discount], [p].[Gender], [p].[MadeIn], [p].[ManufacturingDate], [p].[Picture], [p].[ProductName], [p].[Quantity], [p].[ReturnPolicy], [p].[ShoeType], [p].[UnitPrice], [p].[WarrantyPeriod]
FROM [Products] AS [p]
2026-05-15 01:16:24.955 +05:30 [INF] Executing OkObjectResult, writing value of type 'System.Collections.Generic.List`1[[eCommerce.Application.DTOs.Product.ProductDto, eCommerce.Application, Version=1.0.0.0, Culture=neutral, PublicKeyToken=null]]'.
2026-05-15 01:16:24.966 +05:30 [INF] Executed action eCommerce.Api.Controllers.v1.ProductsController.GetAllProducts (eCommerce.Api) in 39.7139ms
2026-05-15 01:16:24.966 +05:30 [INF] Executed endpoint 'eCommerce.Api.Controllers.v1.ProductsController.GetAllProducts (eCommerce.Api)'
2026-05-15 01:16:24.966 +05:30 [INF] Request finished HTTP/2 GET https://localhost:7274/api/v1/products - 200 null application/json; charset=utf-8 43.2447ms
2026-05-15 01:16:24.968 +05:30 [INF] Request starting HTTP/2 GET https://localhost:7274/api/v1/products - application/json null
2026-05-15 01:16:24.969 +05:30 [INF] CORS policy execution successful.
2026-05-15 01:16:24.969 +05:30 [INF] Executing endpoint 'eCommerce.Api.Controllers.v1.ProductsController.GetAllProducts (eCommerce.Api)'
2026-05-15 01:16:24.969 +05:30 [INF] Route matched with {action = "GetAllProducts", controller = "Products"}. Executing controller action with signature System.Threading.Tasks.Task`1[Microsoft.AspNetCore.Mvc.ActionResult`1[System.Collections.Generic.IEnumerable`1[eCommerce.Application.DTOs.Product.ProductDto]]] GetAllProducts() on controller eCommerce.Api.Controllers.v1.ProductsController (eCommerce.Api).
2026-05-15 01:16:24.974 +05:30 [INF] Executed DbCommand (3ms) [Parameters=[], CommandType='"Text"', CommandTimeout='30']
SELECT [p].[ProductId], [p].[CategoryId], [p].[Description], [p].[Discount], [p].[Gender], [p].[MadeIn], [p].[ManufacturingDate], [p].[Picture], [p].[ProductName], [p].[Quantity], [p].[ReturnPolicy], [p].[ShoeType], [p].[UnitPrice], [p].[WarrantyPeriod]
FROM [Products] AS [p]
2026-05-15 01:16:24.976 +05:30 [INF] Executing OkObjectResult, writing value of type 'System.Collections.Generic.List`1[[eCommerce.Application.DTOs.Product.ProductDto, eCommerce.Application, Version=1.0.0.0, Culture=neutral, PublicKeyToken=null]]'.
2026-05-15 01:16:24.979 +05:30 [INF] Executed action eCommerce.Api.Controllers.v1.ProductsController.GetAllProducts (eCommerce.Api) in 9.3781ms
2026-05-15 01:16:24.979 +05:30 [INF] Executed endpoint 'eCommerce.Api.Controllers.v1.ProductsController.GetAllProducts (eCommerce.Api)'
2026-05-15 01:16:24.979 +05:30 [INF] Request finished HTTP/2 GET https://localhost:7274/api/v1/products - 200 null application/json; charset=utf-8 11.1296ms
2026-05-15 01:16:30.339 +05:30 [INF] Request starting HTTP/2 OPTIONS https://localhost:7274/api/v1/products/1003 - null null
2026-05-15 01:16:30.342 +05:30 [INF] CORS policy execution successful.
2026-05-15 01:16:30.343 +05:30 [INF] Request finished HTTP/2 OPTIONS https://localhost:7274/api/v1/products/1003 - 204 null null 4.6982ms
2026-05-15 01:16:30.349 +05:30 [INF] Request starting HTTP/2 GET https://localhost:7274/api/v1/products/1003 - application/json null
2026-05-15 01:16:30.350 +05:30 [INF] CORS policy execution successful.
2026-05-15 01:16:30.351 +05:30 [INF] Executing endpoint 'eCommerce.Api.Controllers.v1.ProductsController.GetProductDetails (eCommerce.Api)'
2026-05-15 01:16:30.374 +05:30 [INF] Route matched with {action = "GetProductDetails", controller = "Products"}. Executing controller action with signature System.Threading.Tasks.Task`1[Microsoft.AspNetCore.Mvc.ActionResult`1[eCommerce.Application.DTOs.Product.ProductDto]] GetProductDetails(Int32) on controller eCommerce.Api.Controllers.v1.ProductsController (eCommerce.Api).
2026-05-15 01:16:30.445 +05:30 [INF] Executed DbCommand (14ms) [Parameters=[@__p_0='?' (DbType = Int32)], CommandType='"Text"', CommandTimeout='30']
SELECT TOP(1) [p].[ProductId], [p].[CategoryId], [p].[Description], [p].[Discount], [p].[Gender], [p].[MadeIn], [p].[ManufacturingDate], [p].[Picture], [p].[ProductName], [p].[Quantity], [p].[ReturnPolicy], [p].[ShoeType], [p].[UnitPrice], [p].[WarrantyPeriod]
FROM [Products] AS [p]
WHERE [p].[ProductId] = @__p_0
2026-05-15 01:16:30.454 +05:30 [INF] Executing OkObjectResult, writing value of type 'eCommerce.Application.DTOs.Product.ProductDto'.
2026-05-15 01:16:30.454 +05:30 [INF] Executed action eCommerce.Api.Controllers.v1.ProductsController.GetProductDetails (eCommerce.Api) in 80.2498ms
2026-05-15 01:16:30.454 +05:30 [INF] Executed endpoint 'eCommerce.Api.Controllers.v1.ProductsController.GetProductDetails (eCommerce.Api)'
2026-05-15 01:16:30.454 +05:30 [INF] Request finished HTTP/2 GET https://localhost:7274/api/v1/products/1003 - 200 null application/json; charset=utf-8 106.4001ms
2026-05-15 01:16:31.355 +05:30 [INF] Request starting HTTP/2 OPTIONS https://localhost:7274/api/v1/Carts - null null
2026-05-15 01:16:31.360 +05:30 [INF] CORS policy execution successful.
2026-05-15 01:16:31.360 +05:30 [INF] Request finished HTTP/2 OPTIONS https://localhost:7274/api/v1/Carts - 204 null null 5.7471ms
2026-05-15 01:16:31.364 +05:30 [INF] Request starting HTTP/2 POST https://localhost:7274/api/v1/Carts - application/json 54
2026-05-15 01:16:31.365 +05:30 [INF] CORS policy execution successful.
2026-05-15 01:16:31.366 +05:30 [INF] Executing endpoint 'eCommerce.Api.Controllers.v1.CartsController.CreateCart (eCommerce.Api)'
2026-05-15 01:16:31.379 +05:30 [INF] Route matched with {action = "CreateCart", controller = "Carts"}. Executing controller action with signature System.Threading.Tasks.Task`1[Microsoft.AspNetCore.Mvc.ActionResult`1[eCommerce.Application.DTOs.Cart.CreateCartDto]] CreateCart(eCommerce.Application.DTOs.Cart.CreateCartDto) on controller eCommerce.Api.Controllers.v1.CartsController (eCommerce.Api).
2026-05-15 01:16:31.809 +05:30 [INF] Executed DbCommand (91ms) [Parameters=[@p0='?' (DbType = DateTime2), @p1='?' (DbType = Int32)], CommandType='"Text"', CommandTimeout='30']
SET IMPLICIT_TRANSACTIONS OFF;
SET NOCOUNT ON;
INSERT INTO [Carts] ([CartDate], [CustomerId])
OUTPUT INSERTED.[CartId]
VALUES (@p0, @p1);
2026-05-15 01:16:31.876 +05:30 [INF] Executing CreatedAtActionResult, writing value of type 'eCommerce.Application.DTOs.Cart.CartDto'.
2026-05-15 01:16:31.961 +05:30 [INF] Executed action eCommerce.Api.Controllers.v1.CartsController.CreateCart (eCommerce.Api) in 582.0135ms
2026-05-15 01:16:31.962 +05:30 [INF] Executed endpoint 'eCommerce.Api.Controllers.v1.CartsController.CreateCart (eCommerce.Api)'
2026-05-15 01:16:31.962 +05:30 [INF] Request finished HTTP/2 POST https://localhost:7274/api/v1/Carts - 201 null application/json; charset=utf-8 598.6775ms
2026-05-15 01:16:31.969 +05:30 [INF] Request starting HTTP/2 OPTIONS https://localhost:7274/api/v1/CartItems - null null
2026-05-15 01:16:31.970 +05:30 [INF] CORS policy execution successful.
2026-05-15 01:16:31.971 +05:30 [INF] Request finished HTTP/2 OPTIONS https://localhost:7274/api/v1/CartItems - 204 null null 2.092ms
2026-05-15 01:16:31.974 +05:30 [INF] Request starting HTTP/2 POST https://localhost:7274/api/v1/CartItems - application/json 58
2026-05-15 01:16:31.974 +05:30 [INF] CORS policy execution successful.
2026-05-15 01:16:31.975 +05:30 [INF] Executing endpoint 'eCommerce.Api.Controllers.v1.CartItemsController.CreatecartItem (eCommerce.Api)'
2026-05-15 01:16:31.981 +05:30 [INF] Route matched with {action = "CreatecartItem", controller = "CartItems"}. Executing controller action with signature System.Threading.Tasks.Task`1[Microsoft.AspNetCore.Mvc.ActionResult`1[eCommerce.Application.DTOs.CartItem.CreateCartItemDto]] CreatecartItem(eCommerce.Application.DTOs.CartItem.CreateCartItemDto) on controller eCommerce.Api.Controllers.v1.CartItemsController (eCommerce.Api).
2026-05-15 01:16:32.054 +05:30 [INF] Executed DbCommand (13ms) [Parameters=[@p0='?' (DbType = Int32), @p1='?' (DbType = Int32), @p2='?' (DbType = Int32), @p3='?' (DbType = Int32)], CommandType='"Text"', CommandTimeout='30']
SET IMPLICIT_TRANSACTIONS OFF;
SET NOCOUNT ON;
INSERT INTO [CartItems] ([CartId], [ProductId], [Quantity], [Size])
OUTPUT INSERTED.[CartItemId]
VALUES (@p0, @p1, @p2, @p3);
2026-05-15 01:16:32.066 +05:30 [INF] Executing CreatedAtActionResult, writing value of type 'eCommerce.Application.DTOs.CartItem.CartItemDto'.
2026-05-15 01:16:32.071 +05:30 [INF] Executed action eCommerce.Api.Controllers.v1.CartItemsController.CreatecartItem (eCommerce.Api) in 89.8651ms
2026-05-15 01:16:32.072 +05:30 [INF] Executed endpoint 'eCommerce.Api.Controllers.v1.CartItemsController.CreatecartItem (eCommerce.Api)'
2026-05-15 01:16:32.072 +05:30 [INF] Request finished HTTP/2 POST https://localhost:7274/api/v1/CartItems - 201 null application/json; charset=utf-8 97.8894ms
2026-05-15 01:16:32.087 +05:30 [INF] Request starting HTTP/2 GET https://localhost:7274/api/v1/CartItems - application/json null
2026-05-15 01:16:32.088 +05:30 [INF] CORS policy execution successful.
2026-05-15 01:16:32.088 +05:30 [INF] Executing endpoint 'eCommerce.Api.Controllers.v1.CartItemsController.GetAllcartItems (eCommerce.Api)'
2026-05-15 01:16:32.102 +05:30 [INF] Route matched with {action = "GetAllcartItems", controller = "CartItems"}. Executing controller action with signature System.Threading.Tasks.Task`1[Microsoft.AspNetCore.Mvc.ActionResult`1[System.Collections.Generic.IEnumerable`1[eCommerce.Application.DTOs.CartItem.CartItemDto]]] GetAllcartItems() on controller eCommerce.Api.Controllers.v1.CartItemsController (eCommerce.Api).
2026-05-15 01:16:32.234 +05:30 [INF] Executed DbCommand (17ms) [Parameters=[], CommandType='"Text"', CommandTimeout='30']
SELECT [c].[CartItemId], [c].[CartId], [c].[ProductId], [c].[Quantity], [c].[Size]
FROM [CartItems] AS [c]
2026-05-15 01:16:32.244 +05:30 [INF] Executing OkObjectResult, writing value of type 'System.Collections.Generic.List`1[[eCommerce.Application.DTOs.CartItem.CartItemDto, eCommerce.Application, Version=1.0.0.0, Culture=neutral, PublicKeyToken=null]]'.
2026-05-15 01:16:32.245 +05:30 [INF] Executed action eCommerce.Api.Controllers.v1.CartItemsController.GetAllcartItems (eCommerce.Api) in 142.6077ms
2026-05-15 01:16:32.245 +05:30 [INF] Executed endpoint 'eCommerce.Api.Controllers.v1.CartItemsController.GetAllcartItems (eCommerce.Api)'
2026-05-15 01:16:32.246 +05:30 [INF] Request finished HTTP/2 GET https://localhost:7274/api/v1/CartItems - 200 null application/json; charset=utf-8 159.0878ms
2026-05-15 01:16:32.251 +05:30 [INF] Request starting HTTP/2 GET https://localhost:7274/api/v1/products/1003 - application/json null
2026-05-15 01:16:32.252 +05:30 [INF] CORS policy execution successful.
2026-05-15 01:16:32.252 +05:30 [INF] Executing endpoint 'eCommerce.Api.Controllers.v1.ProductsController.GetProductDetails (eCommerce.Api)'
2026-05-15 01:16:32.252 +05:30 [INF] Route matched with {action = "GetProductDetails", controller = "Products"}. Executing controller action with signature System.Threading.Tasks.Task`1[Microsoft.AspNetCore.Mvc.ActionResult`1[eCommerce.Application.DTOs.Product.ProductDto]] GetProductDetails(Int32) on controller eCommerce.Api.Controllers.v1.ProductsController (eCommerce.Api).
2026-05-15 01:16:32.272 +05:30 [INF] Executed DbCommand (8ms) [Parameters=[@__p_0='?' (DbType = Int32)], CommandType='"Text"', CommandTimeout='30']
SELECT TOP(1) [p].[ProductId], [p].[CategoryId], [p].[Description], [p].[Discount], [p].[Gender], [p].[MadeIn], [p].[ManufacturingDate], [p].[Picture], [p].[ProductName], [p].[Quantity], [p].[ReturnPolicy], [p].[ShoeType], [p].[UnitPrice], [p].[WarrantyPeriod]
FROM [Products] AS [p]
WHERE [p].[ProductId] = @__p_0
2026-05-15 01:16:32.273 +05:30 [INF] Executing OkObjectResult, writing value of type 'eCommerce.Application.DTOs.Product.ProductDto'.
2026-05-15 01:16:32.274 +05:30 [INF] Executed action eCommerce.Api.Controllers.v1.ProductsController.GetProductDetails (eCommerce.Api) in 21.3817ms
2026-05-15 01:16:32.274 +05:30 [INF] Executed endpoint 'eCommerce.Api.Controllers.v1.ProductsController.GetProductDetails (eCommerce.Api)'
2026-05-15 01:16:32.274 +05:30 [INF] Request finished HTTP/2 GET https://localhost:7274/api/v1/products/1003 - 200 null application/json; charset=utf-8 23.7717ms
2026-05-15 01:16:34.083 +05:30 [INF] Request starting HTTP/2 OPTIONS https://localhost:7274/api/v1/Carts/create-razorpay-order?cartId=33 - null null
2026-05-15 01:16:34.085 +05:30 [INF] CORS policy execution successful.
2026-05-15 01:16:34.086 +05:30 [INF] Request finished HTTP/2 OPTIONS https://localhost:7274/api/v1/Carts/create-razorpay-order?cartId=33 - 204 null null 4.1397ms
2026-05-15 01:16:34.090 +05:30 [INF] Request starting HTTP/2 POST https://localhost:7274/api/v1/Carts/create-razorpay-order?cartId=33 - application/json 2
2026-05-15 01:16:34.092 +05:30 [INF] CORS policy execution successful.
2026-05-15 01:16:34.093 +05:30 [INF] Executing endpoint 'eCommerce.Api.Controllers.v1.CartsController.CreateRazorpayOrder (eCommerce.Api)'
2026-05-15 01:16:34.101 +05:30 [INF] Route matched with {action = "CreateRazorpayOrder", controller = "Carts"}. Executing controller action with signature System.Threading.Tasks.Task`1[Microsoft.AspNetCore.Mvc.ActionResult] CreateRazorpayOrder(Int32) on controller eCommerce.Api.Controllers.v1.CartsController (eCommerce.Api).
2026-05-15 01:16:34.126 +05:30 [INF] Executed DbCommand (3ms) [Parameters=[@__p_0='?' (DbType = Int32)], CommandType='"Text"', CommandTimeout='30']
SELECT TOP(1) [c].[CartId], [c].[CartDate], [c].[CustomerId]
FROM [Carts] AS [c]
WHERE [c].[CartId] = @__p_0
2026-05-15 01:16:34.132 +05:30 [INF] Executing BadRequestObjectResult, writing value of type '<>f__AnonymousType2`1[[System.String, System.Private.CoreLib, Version=8.0.0.0, Culture=neutral, PublicKeyToken=7cec85d7bea7798e]]'.
2026-05-15 01:16:34.136 +05:30 [INF] Executed action eCommerce.Api.Controllers.v1.CartsController.CreateRazorpayOrder (eCommerce.Api) in 35.0045ms
2026-05-15 01:16:34.136 +05:30 [INF] Executed endpoint 'eCommerce.Api.Controllers.v1.CartsController.CreateRazorpayOrder (eCommerce.Api)'
2026-05-15 01:16:34.137 +05:30 [INF] Request finished HTTP/2 POST https://localhost:7274/api/v1/Carts/create-razorpay-order?cartId=33 - 400 null application/json; charset=utf-8 47.3104ms
2026-05-15 01:16:37.295 +05:30 [INF] Request starting HTTP/2 POST https://localhost:7274/api/v1/Carts/create-razorpay-order?cartId=33 - application/json 2
2026-05-15 01:16:37.296 +05:30 [INF] CORS policy execution successful.
2026-05-15 01:16:37.297 +05:30 [INF] Executing endpoint 'eCommerce.Api.Controllers.v1.CartsController.CreateRazorpayOrder (eCommerce.Api)'
2026-05-15 01:16:37.297 +05:30 [INF] Route matched with {action = "CreateRazorpayOrder", controller = "Carts"}. Executing controller action with signature System.Threading.Tasks.Task`1[Microsoft.AspNetCore.Mvc.ActionResult] CreateRazorpayOrder(Int32) on controller eCommerce.Api.Controllers.v1.CartsController (eCommerce.Api).
2026-05-15 01:16:37.309 +05:30 [INF] Executed DbCommand (7ms) [Parameters=[@__p_0='?' (DbType = Int32)], CommandType='"Text"', CommandTimeout='30']
SELECT TOP(1) [c].[CartId], [c].[CartDate], [c].[CustomerId]
FROM [Carts] AS [c]
WHERE [c].[CartId] = @__p_0
2026-05-15 01:16:37.309 +05:30 [INF] Executing BadRequestObjectResult, writing value of type '<>f__AnonymousType2`1[[System.String, System.Private.CoreLib, Version=8.0.0.0, Culture=neutral, PublicKeyToken=7cec85d7bea7798e]]'.
2026-05-15 01:16:37.309 +05:30 [INF] Executed action eCommerce.Api.Controllers.v1.CartsController.CreateRazorpayOrder (eCommerce.Api) in 12.5694ms
2026-05-15 01:16:37.310 +05:30 [INF] Executed endpoint 'eCommerce.Api.Controllers.v1.CartsController.CreateRazorpayOrder (eCommerce.Api)'
2026-05-15 01:16:37.310 +05:30 [INF] Request finished HTTP/2 POST https://localhost:7274/api/v1/Carts/create-razorpay-order?cartId=33 - 400 null application/json; charset=utf-8 16.6662ms
2026-05-15 01:16:37.489 +05:30 [INF] Request starting HTTP/2 POST https://localhost:7274/api/v1/Carts/create-razorpay-order?cartId=33 - application/json 2
2026-05-15 01:16:37.490 +05:30 [INF] CORS policy execution successful.
2026-05-15 01:16:37.491 +05:30 [INF] Executing endpoint 'eCommerce.Api.Controllers.v1.CartsController.CreateRazorpayOrder (eCommerce.Api)'
2026-05-15 01:16:37.491 +05:30 [INF] Route matched with {action = "CreateRazorpayOrder", controller = "Carts"}. Executing controller action with signature System.Threading.Tasks.Task`1[Microsoft.AspNetCore.Mvc.ActionResult] CreateRazorpayOrder(Int32) on controller eCommerce.Api.Controllers.v1.CartsController (eCommerce.Api).
2026-05-15 01:16:37.503 +05:30 [INF] Executed DbCommand (6ms) [Parameters=[@__p_0='?' (DbType = Int32)], CommandType='"Text"', CommandTimeout='30']
SELECT TOP(1) [c].[CartId], [c].[CartDate], [c].[CustomerId]
FROM [Carts] AS [c]
WHERE [c].[CartId] = @__p_0
2026-05-15 01:16:37.509 +05:30 [INF] Executing BadRequestObjectResult, writing value of type '<>f__AnonymousType2`1[[System.String, System.Private.CoreLib, Version=8.0.0.0, Culture=neutral, PublicKeyToken=7cec85d7bea7798e]]'.
2026-05-15 01:16:37.510 +05:30 [INF] Executed action eCommerce.Api.Controllers.v1.CartsController.CreateRazorpayOrder (eCommerce.Api) in 18.3009ms
2026-05-15 01:16:37.510 +05:30 [INF] Executed endpoint 'eCommerce.Api.Controllers.v1.CartsController.CreateRazorpayOrder (eCommerce.Api)'
2026-05-15 01:16:37.510 +05:30 [INF] Request finished HTTP/2 POST https://localhost:7274/api/v1/Carts/create-razorpay-order?cartId=33 - 400 null application/json; charset=utf-8 22.8876ms
2026-05-15 01:16:37.611 +05:30 [INF] Request starting HTTP/2 POST https://localhost:7274/api/v1/Carts/create-razorpay-order?cartId=33 - application/json 2
2026-05-15 01:16:37.612 +05:30 [INF] CORS policy execution successful.
2026-05-15 01:16:37.612 +05:30 [INF] Executing endpoint 'eCommerce.Api.Controllers.v1.CartsController.CreateRazorpayOrder (eCommerce.Api)'
2026-05-15 01:16:37.612 +05:30 [INF] Route matched with {action = "CreateRazorpayOrder", controller = "Carts"}. Executing controller action with signature System.Threading.Tasks.Task`1[Microsoft.AspNetCore.Mvc.ActionResult] CreateRazorpayOrder(Int32) on controller eCommerce.Api.Controllers.v1.CartsController (eCommerce.Api).
2026-05-15 01:16:37.620 +05:30 [INF] Executed DbCommand (5ms) [Parameters=[@__p_0='?' (DbType = Int32)], CommandType='"Text"', CommandTimeout='30']
SELECT TOP(1) [c].[CartId], [c].[CartDate], [c].[CustomerId]
FROM [Carts] AS [c]
WHERE [c].[CartId] = @__p_0
2026-05-15 01:16:37.621 +05:30 [INF] Executing BadRequestObjectResult, writing value of type '<>f__AnonymousType2`1[[System.String, System.Private.CoreLib, Version=8.0.0.0, Culture=neutral, PublicKeyToken=7cec85d7bea7798e]]'.
2026-05-15 01:16:37.621 +05:30 [INF] Executed action eCommerce.Api.Controllers.v1.CartsController.CreateRazorpayOrder (eCommerce.Api) in 8.6613ms
2026-05-15 01:16:37.621 +05:30 [INF] Executed endpoint 'eCommerce.Api.Controllers.v1.CartsController.CreateRazorpayOrder (eCommerce.Api)'
2026-05-15 01:16:37.621 +05:30 [INF] Request finished HTTP/2 POST https://localhost:7274/api/v1/Carts/create-razorpay-order?cartId=33 - 400 null application/json; charset=utf-8 10.3393ms
2026-05-15 01:16:37.749 +05:30 [INF] Request starting HTTP/2 POST https://localhost:7274/api/v1/Carts/create-razorpay-order?cartId=33 - application/json 2
2026-05-15 01:16:37.751 +05:30 [INF] CORS policy execution successful.
2026-05-15 01:16:37.752 +05:30 [INF] Executing endpoint 'eCommerce.Api.Controllers.v1.CartsController.CreateRazorpayOrder (eCommerce.Api)'
2026-05-15 01:16:37.752 +05:30 [INF] Route matched with {action = "CreateRazorpayOrder", controller = "Carts"}. Executing controller action with signature System.Threading.Tasks.Task`1[Microsoft.AspNetCore.Mvc.ActionResult] CreateRazorpayOrder(Int32) on controller eCommerce.Api.Controllers.v1.CartsController (eCommerce.Api).
2026-05-15 01:16:37.767 +05:30 [INF] Executed DbCommand (8ms) [Parameters=[@__p_0='?' (DbType = Int32)], CommandType='"Text"', CommandTimeout='30']
SELECT TOP(1) [c].[CartId], [c].[CartDate], [c].[CustomerId]
FROM [Carts] AS [c]
WHERE [c].[CartId] = @__p_0
2026-05-15 01:16:37.768 +05:30 [INF] Executing BadRequestObjectResult, writing value of type '<>f__AnonymousType2`1[[System.String, System.Private.CoreLib, Version=8.0.0.0, Culture=neutral, PublicKeyToken=7cec85d7bea7798e]]'.
2026-05-15 01:16:37.769 +05:30 [INF] Executed action eCommerce.Api.Controllers.v1.CartsController.CreateRazorpayOrder (eCommerce.Api) in 15.5192ms
2026-05-15 01:16:37.769 +05:30 [INF] Executed endpoint 'eCommerce.Api.Controllers.v1.CartsController.CreateRazorpayOrder (eCommerce.Api)'
2026-05-15 01:16:37.769 +05:30 [INF] Request finished HTTP/2 POST https://localhost:7274/api/v1/Carts/create-razorpay-order?cartId=33 - 400 null application/json; charset=utf-8 20.4636ms
2026-05-15 01:16:52.055 +05:30 [INF] Request starting HTTP/2 OPTIONS https://localhost:7274/api/v1/Carts/create-razorpay-order?cartId=33 - null null
2026-05-15 01:16:52.057 +05:30 [INF] CORS policy execution successful.
2026-05-15 01:16:52.058 +05:30 [INF] Request finished HTTP/2 OPTIONS https://localhost:7274/api/v1/Carts/create-razorpay-order?cartId=33 - 204 null null 3.6279ms
2026-05-15 01:16:52.065 +05:30 [INF] Request starting HTTP/2 POST https://localhost:7274/api/v1/Carts/create-razorpay-order?cartId=33 - application/json 2
2026-05-15 01:16:52.066 +05:30 [INF] CORS policy execution successful.
2026-05-15 01:16:52.067 +05:30 [INF] Executing endpoint 'eCommerce.Api.Controllers.v1.CartsController.CreateRazorpayOrder (eCommerce.Api)'
2026-05-15 01:16:52.068 +05:30 [INF] Route matched with {action = "CreateRazorpayOrder", controller = "Carts"}. Executing controller action with signature System.Threading.Tasks.Task`1[Microsoft.AspNetCore.Mvc.ActionResult] CreateRazorpayOrder(Int32) on controller eCommerce.Api.Controllers.v1.CartsController (eCommerce.Api).
2026-05-15 01:16:52.083 +05:30 [INF] Executed DbCommand (11ms) [Parameters=[@__p_0='?' (DbType = Int32)], CommandType='"Text"', CommandTimeout='30']
SELECT TOP(1) [c].[CartId], [c].[CartDate], [c].[CustomerId]
FROM [Carts] AS [c]
WHERE [c].[CartId] = @__p_0
2026-05-15 01:16:52.083 +05:30 [INF] Executing BadRequestObjectResult, writing value of type '<>f__AnonymousType2`1[[System.String, System.Private.CoreLib, Version=8.0.0.0, Culture=neutral, PublicKeyToken=7cec85d7bea7798e]]'.
2026-05-15 01:16:52.084 +05:30 [INF] Executed action eCommerce.Api.Controllers.v1.CartsController.CreateRazorpayOrder (eCommerce.Api) in 16.1663ms
2026-05-15 01:16:52.084 +05:30 [INF] Executed endpoint 'eCommerce.Api.Controllers.v1.CartsController.CreateRazorpayOrder (eCommerce.Api)'
2026-05-15 01:16:52.085 +05:30 [INF] Request finished HTTP/2 POST https://localhost:7274/api/v1/Carts/create-razorpay-order?cartId=33 - 400 null application/json; charset=utf-8 20.6329ms
2026-05-15 01:16:55.383 +05:30 [INF] Request starting HTTP/2 POST https://localhost:7274/api/v1/Carts/create-razorpay-order?cartId=33 - application/json 2
2026-05-15 01:16:55.384 +05:30 [INF] CORS policy execution successful.
2026-05-15 01:16:55.385 +05:30 [INF] Executing endpoint 'eCommerce.Api.Controllers.v1.CartsController.CreateRazorpayOrder (eCommerce.Api)'
2026-05-15 01:16:55.385 +05:30 [INF] Route matched with {action = "CreateRazorpayOrder", controller = "Carts"}. Executing controller action with signature System.Threading.Tasks.Task`1[Microsoft.AspNetCore.Mvc.ActionResult] CreateRazorpayOrder(Int32) on controller eCommerce.Api.Controllers.v1.CartsController (eCommerce.Api).
2026-05-15 01:16:55.396 +05:30 [INF] Executed DbCommand (7ms) [Parameters=[@__p_0='?' (DbType = Int32)], CommandType='"Text"', CommandTimeout='30']
SELECT TOP(1) [c].[CartId], [c].[CartDate], [c].[CustomerId]
FROM [Carts] AS [c]
WHERE [c].[CartId] = @__p_0
2026-05-15 01:16:55.397 +05:30 [INF] Executing BadRequestObjectResult, writing value of type '<>f__AnonymousType2`1[[System.String, System.Private.CoreLib, Version=8.0.0.0, Culture=neutral, PublicKeyToken=7cec85d7bea7798e]]'.
2026-05-15 01:16:55.397 +05:30 [INF] Executed action eCommerce.Api.Controllers.v1.CartsController.CreateRazorpayOrder (eCommerce.Api) in 11.9521ms
2026-05-15 01:16:55.397 +05:30 [INF] Executed endpoint 'eCommerce.Api.Controllers.v1.CartsController.CreateRazorpayOrder (eCommerce.Api)'
2026-05-15 01:16:55.397 +05:30 [INF] Request finished HTTP/2 POST https://localhost:7274/api/v1/Carts/create-razorpay-order?cartId=33 - 400 null application/json; charset=utf-8 15.6654ms
2026-05-15 01:45:11.230 +05:30 [INF] User profile is available. Using 'C:\Users\pilli\AppData\Local\ASP.NET\DataProtection-Keys' as key repository and Windows DPAPI to encrypt keys at rest.
2026-05-15 01:45:14.220 +05:30 [INF] Now listening on: https://localhost:7274
2026-05-15 01:45:14.224 +05:30 [INF] Now listening on: http://localhost:5169
2026-05-15 01:45:14.834 +05:30 [INF] Application started. Press Ctrl+C to shut down.
2026-05-15 01:45:14.836 +05:30 [INF] Hosting environment: Development
2026-05-15 01:45:14.836 +05:30 [INF] Content root path: C:\Users\pilli\OneDrive\Desktop\.net&angular training\ASP.NETCoreWebAPI\CleanArchitecture\eCommerce.Api
2026-05-15 01:45:19.853 +05:30 [INF] Request starting HTTP/2 GET https://localhost:7274/swagger/index.html - null null
2026-05-15 01:45:22.363 +05:30 [INF] Request finished HTTP/2 GET https://localhost:7274/swagger/index.html - 200 null text/html;charset=utf-8 2550.7668ms
2026-05-15 01:45:22.762 +05:30 [INF] Request starting HTTP/2 GET https://localhost:7274/_framework/aspnetcore-browser-refresh.js - null null
2026-05-15 01:45:22.768 +05:30 [INF] Request starting HTTP/2 GET https://localhost:7274/_vs/browserLink - null null
2026-05-15 01:45:22.797 +05:30 [INF] Request finished HTTP/2 GET https://localhost:7274/_framework/aspnetcore-browser-refresh.js - 200 16511 application/javascript; charset=utf-8 33.8697ms
2026-05-15 01:45:22.971 +05:30 [INF] Request finished HTTP/2 GET https://localhost:7274/_vs/browserLink - 200 null text/javascript; charset=UTF-8 207.6095ms
2026-05-15 01:45:23.351 +05:30 [INF] Request starting HTTP/2 GET https://localhost:7274/swagger/v1/swagger.json - null null
2026-05-15 01:45:23.623 +05:30 [INF] Request finished HTTP/2 GET https://localhost:7274/swagger/v1/swagger.json - 200 null application/json;charset=utf-8 272.494ms
2026-05-15 01:45:30.807 +05:30 [INF] Request starting HTTP/2 OPTIONS https://localhost:7274/api/v1/products - null null
2026-05-15 01:45:30.807 +05:30 [INF] Request starting HTTP/2 OPTIONS https://localhost:7274/api/v1/products - null null
2026-05-15 01:45:32.814 +05:30 [INF] CORS policy execution successful.
2026-05-15 01:45:32.815 +05:30 [INF] CORS policy execution successful.
2026-05-15 01:45:32.834 +05:30 [INF] Request finished HTTP/2 OPTIONS https://localhost:7274/api/v1/products - 204 null null 2049.0928ms
2026-05-15 01:45:32.834 +05:30 [INF] Request finished HTTP/2 OPTIONS https://localhost:7274/api/v1/products - 204 null null 2049.1484ms
2026-05-15 01:45:32.847 +05:30 [INF] Request starting HTTP/2 GET https://localhost:7274/api/v1/products - application/json null
2026-05-15 01:45:32.864 +05:30 [INF] CORS policy execution successful.
2026-05-15 01:45:33.583 +05:30 [INF] Executing endpoint 'eCommerce.Api.Controllers.v1.ProductsController.GetAllProducts (eCommerce.Api)'
2026-05-15 01:45:33.744 +05:30 [INF] Route matched with {action = "GetAllProducts", controller = "Products"}. Executing controller action with signature System.Threading.Tasks.Task`1[Microsoft.AspNetCore.Mvc.ActionResult`1[System.Collections.Generic.IEnumerable`1[eCommerce.Application.DTOs.Product.ProductDto]]] GetAllProducts() on controller eCommerce.Api.Controllers.v1.ProductsController (eCommerce.Api).
2026-05-15 01:45:35.066 +05:30 [WRN] You do not have a valid license key for the Lucky Penny software AutoMapper. This is allowed for development and testing scenarios. If you are running in production you are required to have a licensed version. Please visit https://luckypennysoftware.com to obtain a valid license.
2026-05-15 01:45:35.321 +05:30 [INF] Request starting HTTP/2 GET https://localhost:7274/api/v1/products - application/json null
2026-05-15 01:45:35.323 +05:30 [INF] CORS policy execution successful.
2026-05-15 01:45:35.329 +05:30 [INF] Executing endpoint 'eCommerce.Api.Controllers.v1.ProductsController.GetAllProducts (eCommerce.Api)'
2026-05-15 01:45:35.330 +05:30 [INF] Route matched with {action = "GetAllProducts", controller = "Products"}. Executing controller action with signature System.Threading.Tasks.Task`1[Microsoft.AspNetCore.Mvc.ActionResult`1[System.Collections.Generic.IEnumerable`1[eCommerce.Application.DTOs.Product.ProductDto]]] GetAllProducts() on controller eCommerce.Api.Controllers.v1.ProductsController (eCommerce.Api).
2026-05-15 01:45:39.191 +05:30 [INF] Executed DbCommand (276ms) [Parameters=[], CommandType='"Text"', CommandTimeout='30']
SELECT [p].[ProductId], [p].[CategoryId], [p].[Description], [p].[Discount], [p].[Gender], [p].[MadeIn], [p].[ManufacturingDate], [p].[Picture], [p].[ProductName], [p].[Quantity], [p].[ReturnPolicy], [p].[ShoeType], [p].[UnitPrice], [p].[WarrantyPeriod]
FROM [Products] AS [p]
2026-05-15 01:45:39.191 +05:30 [INF] Executed DbCommand (276ms) [Parameters=[], CommandType='"Text"', CommandTimeout='30']
SELECT [p].[ProductId], [p].[CategoryId], [p].[Description], [p].[Discount], [p].[Gender], [p].[MadeIn], [p].[ManufacturingDate], [p].[Picture], [p].[ProductName], [p].[Quantity], [p].[ReturnPolicy], [p].[ShoeType], [p].[UnitPrice], [p].[WarrantyPeriod]
FROM [Products] AS [p]
2026-05-15 01:45:39.636 +05:30 [INF] Executing OkObjectResult, writing value of type 'System.Collections.Generic.List`1[[eCommerce.Application.DTOs.Product.ProductDto, eCommerce.Application, Version=1.0.0.0, Culture=neutral, PublicKeyToken=null]]'.
2026-05-15 01:45:39.636 +05:30 [INF] Executing OkObjectResult, writing value of type 'System.Collections.Generic.List`1[[eCommerce.Application.DTOs.Product.ProductDto, eCommerce.Application, Version=1.0.0.0, Culture=neutral, PublicKeyToken=null]]'.
2026-05-15 01:45:39.762 +05:30 [INF] Executed action eCommerce.Api.Controllers.v1.ProductsController.GetAllProducts (eCommerce.Api) in 6008.3396ms
2026-05-15 01:45:39.762 +05:30 [INF] Executed action eCommerce.Api.Controllers.v1.ProductsController.GetAllProducts (eCommerce.Api) in 4421.9119ms
2026-05-15 01:45:39.764 +05:30 [INF] Executed endpoint 'eCommerce.Api.Controllers.v1.ProductsController.GetAllProducts (eCommerce.Api)'
2026-05-15 01:45:39.764 +05:30 [INF] Executed endpoint 'eCommerce.Api.Controllers.v1.ProductsController.GetAllProducts (eCommerce.Api)'
2026-05-15 01:45:39.789 +05:30 [INF] Request finished HTTP/2 GET https://localhost:7274/api/v1/products - 499 null application/json; charset=utf-8 6943.8316ms
2026-05-15 01:45:39.789 +05:30 [INF] Request finished HTTP/2 GET https://localhost:7274/api/v1/products - 200 null application/json; charset=utf-8 4468.1768ms
2026-05-15 01:46:23.098 +05:30 [INF] Request starting HTTP/2 OPTIONS https://localhost:7274/api/v1/products - null null
2026-05-15 01:46:23.098 +05:30 [INF] Request starting HTTP/2 OPTIONS https://localhost:7274/api/v1/products - null null
2026-05-15 01:46:23.275 +05:30 [INF] CORS policy execution successful.
2026-05-15 01:46:23.275 +05:30 [INF] CORS policy execution successful.
2026-05-15 01:46:23.347 +05:30 [INF] Request finished HTTP/2 OPTIONS https://localhost:7274/api/v1/products - 204 null null 1306.8042ms
2026-05-15 01:46:23.348 +05:30 [INF] Request finished HTTP/2 OPTIONS https://localhost:7274/api/v1/products - 204 null null 1306.8666ms
2026-05-15 01:46:23.419 +05:30 [INF] Request starting HTTP/2 GET https://localhost:7274/api/v1/products - application/json null
2026-05-15 01:46:23.462 +05:30 [INF] CORS policy execution successful.
2026-05-15 01:46:23.652 +05:30 [INF] Executing endpoint 'eCommerce.Api.Controllers.v1.ProductsController.GetAllProducts (eCommerce.Api)'
2026-05-15 01:46:23.710 +05:30 [INF] Route matched with {action = "GetAllProducts", controller = "Products"}. Executing controller action with signature System.Threading.Tasks.Task`1[Microsoft.AspNetCore.Mvc.ActionResult`1[System.Collections.Generic.IEnumerable`1[eCommerce.Application.DTOs.Product.ProductDto]]] GetAllProducts() on controller eCommerce.Api.Controllers.v1.ProductsController (eCommerce.Api).
2026-05-15 01:46:24.848 +05:30 [INF] Executed DbCommand (226ms) [Parameters=[], CommandType='"Text"', CommandTimeout='30']
SELECT [p].[ProductId], [p].[CategoryId], [p].[Description], [p].[Discount], [p].[Gender], [p].[MadeIn], [p].[ManufacturingDate], [p].[Picture], [p].[ProductName], [p].[Quantity], [p].[ReturnPolicy], [p].[ShoeType], [p].[UnitPrice], [p].[WarrantyPeriod]
FROM [Products] AS [p]
2026-05-15 01:46:24.979 +05:30 [INF] Executing OkObjectResult, writing value of type 'System.Collections.Generic.List`1[[eCommerce.Application.DTOs.Product.ProductDto, eCommerce.Application, Version=1.0.0.0, Culture=neutral, PublicKeyToken=null]]'.
2026-05-15 01:46:25.057 +05:30 [INF] Request starting HTTP/2 GET https://localhost:7274/api/v1/products - application/json null
2026-05-15 01:46:25.062 +05:30 [INF] CORS policy execution successful.
2026-05-15 01:46:25.066 +05:30 [INF] Executing endpoint 'eCommerce.Api.Controllers.v1.ProductsController.GetAllProducts (eCommerce.Api)'
2026-05-15 01:46:25.069 +05:30 [INF] Route matched with {action = "GetAllProducts", controller = "Products"}. Executing controller action with signature System.Threading.Tasks.Task`1[Microsoft.AspNetCore.Mvc.ActionResult`1[System.Collections.Generic.IEnumerable`1[eCommerce.Application.DTOs.Product.ProductDto]]] GetAllProducts() on controller eCommerce.Api.Controllers.v1.ProductsController (eCommerce.Api).
2026-05-15 01:46:25.132 +05:30 [INF] Executed DbCommand (42ms) [Parameters=[], CommandType='"Text"', CommandTimeout='30']
SELECT [p].[ProductId], [p].[CategoryId], [p].[Description], [p].[Discount], [p].[Gender], [p].[MadeIn], [p].[ManufacturingDate], [p].[Picture], [p].[ProductName], [p].[Quantity], [p].[ReturnPolicy], [p].[ShoeType], [p].[UnitPrice], [p].[WarrantyPeriod]
FROM [Products] AS [p]
2026-05-15 01:46:25.139 +05:30 [INF] Executing OkObjectResult, writing value of type 'System.Collections.Generic.List`1[[eCommerce.Application.DTOs.Product.ProductDto, eCommerce.Application, Version=1.0.0.0, Culture=neutral, PublicKeyToken=null]]'.
2026-05-15 01:46:25.212 +05:30 [INF] Executed action eCommerce.Api.Controllers.v1.ProductsController.GetAllProducts (eCommerce.Api) in 128.6184ms
2026-05-15 01:46:25.212 +05:30 [INF] Executed action eCommerce.Api.Controllers.v1.ProductsController.GetAllProducts (eCommerce.Api) in 1486.8105ms
2026-05-15 01:46:25.215 +05:30 [INF] Executed endpoint 'eCommerce.Api.Controllers.v1.ProductsController.GetAllProducts (eCommerce.Api)'
2026-05-15 01:46:25.215 +05:30 [INF] Executed endpoint 'eCommerce.Api.Controllers.v1.ProductsController.GetAllProducts (eCommerce.Api)'
2026-05-15 01:46:25.218 +05:30 [INF] Request finished HTTP/2 GET https://localhost:7274/api/v1/products - 200 null application/json; charset=utf-8 1799.5753ms
2026-05-15 01:46:25.218 +05:30 [INF] Request finished HTTP/2 GET https://localhost:7274/api/v1/products - 200 null application/json; charset=utf-8 162.7356ms
2026-05-15 01:46:44.372 +05:30 [INF] Request starting HTTP/2 OPTIONS https://localhost:7274/api/v1/Security/Login - null null
2026-05-15 01:46:44.401 +05:30 [INF] CORS policy execution successful.
2026-05-15 01:46:44.405 +05:30 [INF] Request finished HTTP/2 OPTIONS https://localhost:7274/api/v1/Security/Login - 204 null null 35.345ms
2026-05-15 01:46:44.420 +05:30 [INF] Request starting HTTP/2 POST https://localhost:7274/api/v1/Security/Login - application/json 52
2026-05-15 01:46:44.424 +05:30 [INF] CORS policy execution successful.
2026-05-15 01:46:44.449 +05:30 [INF] Failed to validate the token.
Microsoft.IdentityModel.Tokens.SecurityTokenMalformedException: IDX14100: JWT is not well formed, there are no dots (.).
The token needs to be in JWS or JWE Compact Serialization Format. (JWS): 'EncodedHeader.EncodedPayload.EncodedSignature'. (JWE): 'EncodedProtectedHeader.EncodedEncryptedKey.EncodedInitializationVector.EncodedCiphertext.EncodedAuthenticationTag'.
   at Microsoft.IdentityModel.JsonWebTokens.JsonWebToken.ReadToken(ReadOnlyMemory`1 encodedTokenMemory)
   at Microsoft.IdentityModel.JsonWebTokens.JsonWebToken..ctor(String jwtEncodedString, TryReadJwtClaim tryReadJwtClaim)
   at Microsoft.IdentityModel.JsonWebTokens.JsonWebTokenHandler.ReadToken(String token, TokenValidationParameters validationParameters)
2026-05-15 01:46:44.787 +05:30 [INF] Bearer was not authenticated. Failure message: IDX14100: JWT is not well formed, there are no dots (.).
The token needs to be in JWS or JWE Compact Serialization Format. (JWS): 'EncodedHeader.EncodedPayload.EncodedSignature'. (JWE): 'EncodedProtectedHeader.EncodedEncryptedKey.EncodedInitializationVector.EncodedCiphertext.EncodedAuthenticationTag'.
2026-05-15 01:46:44.789 +05:30 [INF] Executing endpoint 'eCommerce.Api.Controllers.v1.SecurityController.Post (eCommerce.Api)'
2026-05-15 01:46:44.957 +05:30 [INF] Route matched with {action = "Post", controller = "Security"}. Executing controller action with signature System.Threading.Tasks.Task`1[Microsoft.AspNetCore.Mvc.ActionResult`1[eCommerce.Application.VMS.AuthenticationResponseVM]] Post(eCommerce.Application.DTOs.User.UserDto) on controller eCommerce.Api.Controllers.v1.SecurityController (eCommerce.Api).
2026-05-15 01:46:46.443 +05:30 [INF] Executed DbCommand (261ms) [Parameters=[@__email_0='?' (Size = 100)], CommandType='"Text"', CommandTimeout='30']
SELECT [t].[UserId], [t].[Email], [t].[Password], [t0].[RolesRoleId], [t0].[UsersUserId], [t0].[RoleId], [t0].[Description], [t0].[RoleName]
FROM (
    SELECT TOP(1) [u].[UserId], [u].[Email], [u].[Password]
    FROM [Users] AS [u]
    WHERE [u].[Email] = @__email_0
) AS [t]
LEFT JOIN (
    SELECT [r].[RolesRoleId], [r].[UsersUserId], [r0].[RoleId], [r0].[Description], [r0].[RoleName]
    FROM [RoleUser] AS [r]
    INNER JOIN [Roles] AS [r0] ON [r].[RolesRoleId] = [r0].[RoleId]
) AS [t0] ON [t].[UserId] = [t0].[UsersUserId]
ORDER BY [t].[UserId], [t0].[RolesRoleId], [t0].[UsersUserId]
2026-05-15 01:46:47.389 +05:30 [INF] Executing OkObjectResult, writing value of type 'eCommerce.Application.VMS.AuthenticationResponseVM'.
2026-05-15 01:46:47.400 +05:30 [INF] Executed action eCommerce.Api.Controllers.v1.SecurityController.Post (eCommerce.Api) in 2442.5806ms
2026-05-15 01:46:47.400 +05:30 [INF] Executed endpoint 'eCommerce.Api.Controllers.v1.SecurityController.Post (eCommerce.Api)'
2026-05-15 01:46:47.401 +05:30 [INF] Request finished HTTP/2 POST https://localhost:7274/api/v1/Security/Login - 200 null application/json; charset=utf-8 2980.6158ms
2026-05-15 01:46:47.430 +05:30 [INF] Request starting HTTP/2 OPTIONS https://localhost:7274/api/v1/Customers/user/1 - null null
2026-05-15 01:46:47.435 +05:30 [INF] CORS policy execution successful.
2026-05-15 01:46:47.435 +05:30 [INF] Request finished HTTP/2 OPTIONS https://localhost:7274/api/v1/Customers/user/1 - 204 null null 5.6287ms
2026-05-15 01:46:47.441 +05:30 [INF] Request starting HTTP/2 GET https://localhost:7274/api/v1/Customers/user/1 - application/json null
2026-05-15 01:46:47.443 +05:30 [INF] CORS policy execution successful.
2026-05-15 01:46:47.444 +05:30 [INF] Executing endpoint 'eCommerce.Api.Controllers.v1.CustomersController.GetByUserId (eCommerce.Api)'
2026-05-15 01:46:47.461 +05:30 [INF] Route matched with {action = "GetByUserId", controller = "Customers"}. Executing controller action with signature System.Threading.Tasks.Task`1[Microsoft.AspNetCore.Mvc.ActionResult`1[eCommerce.Application.DTOs.Customer.CustomerDto]] GetByUserId(Int32) on controller eCommerce.Api.Controllers.v1.CustomersController (eCommerce.Api).
2026-05-15 01:46:47.506 +05:30 [INF] Executed DbCommand (12ms) [Parameters=[], CommandType='"Text"', CommandTimeout='30']
SELECT [c].[CustomerId], [c].[Address], [c].[City], [c].[ContactName], [c].[Email], [c].[Phone], [c].[UserId], [c].[Zipcode]
FROM [Customers] AS [c]
2026-05-15 01:46:47.609 +05:30 [INF] Executing OkObjectResult, writing value of type 'eCommerce.Application.DTOs.Customer.CustomerDto'.
2026-05-15 01:46:47.616 +05:30 [INF] Executed action eCommerce.Api.Controllers.v1.CustomersController.GetByUserId (eCommerce.Api) in 154.6317ms
2026-05-15 01:46:47.616 +05:30 [INF] Executed endpoint 'eCommerce.Api.Controllers.v1.CustomersController.GetByUserId (eCommerce.Api)'
2026-05-15 01:46:47.616 +05:30 [INF] Request finished HTTP/2 GET https://localhost:7274/api/v1/Customers/user/1 - 200 null application/json; charset=utf-8 176.379ms
2026-05-15 01:46:50.203 +05:30 [INF] Request starting HTTP/2 OPTIONS https://localhost:7274/api/v1/Categories?t=1778789810192 - null null
2026-05-15 01:46:50.237 +05:30 [INF] CORS policy execution successful.
2026-05-15 01:46:50.238 +05:30 [INF] Request finished HTTP/2 OPTIONS https://localhost:7274/api/v1/Categories?t=1778789810192 - 204 null null 35.2507ms
2026-05-15 01:46:50.244 +05:30 [INF] Request starting HTTP/2 GET https://localhost:7274/api/v1/Categories?t=1778789810192 - application/json null
2026-05-15 01:46:50.250 +05:30 [INF] CORS policy execution successful.
2026-05-15 01:46:50.288 +05:30 [INF] Executing endpoint 'eCommerce.Api.Controllers.v1.CategoriesController.GetAllAsync (eCommerce.Api)'
2026-05-15 01:46:50.299 +05:30 [INF] Route matched with {action = "GetAll", controller = "Categories"}. Executing controller action with signature System.Threading.Tasks.Task`1[Microsoft.AspNetCore.Mvc.ActionResult`1[System.Collections.Generic.IEnumerable`1[eCommerce.Application.DTOs.Category.CategoryDto]]] GetAllAsync() on controller eCommerce.Api.Controllers.v1.CategoriesController (eCommerce.Api).
2026-05-15 01:46:50.311 +05:30 [INF] Get all categories
2026-05-15 01:46:50.339 +05:30 [INF] Executed DbCommand (13ms) [Parameters=[], CommandType='"Text"', CommandTimeout='30']
SELECT [c].[CategoryId], [c].[CategoryName], [c].[Description]
FROM [Categories] AS [c]
2026-05-15 01:46:50.378 +05:30 [INF] Executing OkObjectResult, writing value of type 'System.Collections.Generic.List`1[[eCommerce.Application.DTOs.Category.CategoryDto, eCommerce.Application, Version=1.0.0.0, Culture=neutral, PublicKeyToken=null]]'.
2026-05-15 01:46:50.385 +05:30 [INF] Executed action eCommerce.Api.Controllers.v1.CategoriesController.GetAllAsync (eCommerce.Api) in 86.2612ms
2026-05-15 01:46:50.386 +05:30 [INF] Executed endpoint 'eCommerce.Api.Controllers.v1.CategoriesController.GetAllAsync (eCommerce.Api)'
2026-05-15 01:46:50.386 +05:30 [INF] Request finished HTTP/2 GET https://localhost:7274/api/v1/Categories?t=1778789810192 - 200 null application/json; charset=utf-8 142.8416ms
2026-05-15 01:46:50.985 +05:30 [INF] Request starting HTTP/2 OPTIONS https://localhost:7274/api/v1/products - null null
2026-05-15 01:46:50.986 +05:30 [INF] CORS policy execution successful.
2026-05-15 01:46:50.986 +05:30 [INF] Request finished HTTP/2 OPTIONS https://localhost:7274/api/v1/products - 204 null null 1.1417ms
2026-05-15 01:46:50.991 +05:30 [INF] Request starting HTTP/2 OPTIONS https://localhost:7274/api/v1/products - null null
2026-05-15 01:46:50.992 +05:30 [INF] CORS policy execution successful.
2026-05-15 01:46:50.993 +05:30 [INF] Request starting HTTP/2 GET https://localhost:7274/api/v1/products - application/json null
2026-05-15 01:46:50.993 +05:30 [INF] Request finished HTTP/2 OPTIONS https://localhost:7274/api/v1/products - 204 null null 3.667ms
2026-05-15 01:46:50.993 +05:30 [INF] CORS policy execution successful.
2026-05-15 01:46:50.994 +05:30 [INF] Executing endpoint 'eCommerce.Api.Controllers.v1.ProductsController.GetAllProducts (eCommerce.Api)'
2026-05-15 01:46:50.994 +05:30 [INF] Route matched with {action = "GetAllProducts", controller = "Products"}. Executing controller action with signature System.Threading.Tasks.Task`1[Microsoft.AspNetCore.Mvc.ActionResult`1[System.Collections.Generic.IEnumerable`1[eCommerce.Application.DTOs.Product.ProductDto]]] GetAllProducts() on controller eCommerce.Api.Controllers.v1.ProductsController (eCommerce.Api).
2026-05-15 01:46:51.006 +05:30 [INF] Executed DbCommand (8ms) [Parameters=[], CommandType='"Text"', CommandTimeout='30']
SELECT [p].[ProductId], [p].[CategoryId], [p].[Description], [p].[Discount], [p].[Gender], [p].[MadeIn], [p].[ManufacturingDate], [p].[Picture], [p].[ProductName], [p].[Quantity], [p].[ReturnPolicy], [p].[ShoeType], [p].[UnitPrice], [p].[WarrantyPeriod]
FROM [Products] AS [p]
2026-05-15 01:46:51.010 +05:30 [INF] Executing OkObjectResult, writing value of type 'System.Collections.Generic.List`1[[eCommerce.Application.DTOs.Product.ProductDto, eCommerce.Application, Version=1.0.0.0, Culture=neutral, PublicKeyToken=null]]'.
2026-05-15 01:46:51.017 +05:30 [INF] Request starting HTTP/2 GET https://localhost:7274/api/v1/products - application/json null
2026-05-15 01:46:51.018 +05:30 [INF] CORS policy execution successful.
2026-05-15 01:46:51.020 +05:30 [INF] Executing endpoint 'eCommerce.Api.Controllers.v1.ProductsController.GetAllProducts (eCommerce.Api)'
2026-05-15 01:46:51.021 +05:30 [INF] Route matched with {action = "GetAllProducts", controller = "Products"}. Executing controller action with signature System.Threading.Tasks.Task`1[Microsoft.AspNetCore.Mvc.ActionResult`1[System.Collections.Generic.IEnumerable`1[eCommerce.Application.DTOs.Product.ProductDto]]] GetAllProducts() on controller eCommerce.Api.Controllers.v1.ProductsController (eCommerce.Api).
2026-05-15 01:46:51.042 +05:30 [INF] Executed DbCommand (6ms) [Parameters=[], CommandType='"Text"', CommandTimeout='30']
SELECT [p].[ProductId], [p].[CategoryId], [p].[Description], [p].[Discount], [p].[Gender], [p].[MadeIn], [p].[ManufacturingDate], [p].[Picture], [p].[ProductName], [p].[Quantity], [p].[ReturnPolicy], [p].[ShoeType], [p].[UnitPrice], [p].[WarrantyPeriod]
FROM [Products] AS [p]
2026-05-15 01:46:51.047 +05:30 [INF] Executing OkObjectResult, writing value of type 'System.Collections.Generic.List`1[[eCommerce.Application.DTOs.Product.ProductDto, eCommerce.Application, Version=1.0.0.0, Culture=neutral, PublicKeyToken=null]]'.
2026-05-15 01:46:51.049 +05:30 [INF] Executed action eCommerce.Api.Controllers.v1.ProductsController.GetAllProducts (eCommerce.Api) in 54.2347ms
2026-05-15 01:46:51.050 +05:30 [INF] Executed endpoint 'eCommerce.Api.Controllers.v1.ProductsController.GetAllProducts (eCommerce.Api)'
2026-05-15 01:46:51.052 +05:30 [INF] Request finished HTTP/2 GET https://localhost:7274/api/v1/products - 200 null application/json; charset=utf-8 58.9185ms
2026-05-15 01:46:51.057 +05:30 [INF] Executed action eCommerce.Api.Controllers.v1.ProductsController.GetAllProducts (eCommerce.Api) in 35.0343ms
2026-05-15 01:46:51.058 +05:30 [INF] Executed endpoint 'eCommerce.Api.Controllers.v1.ProductsController.GetAllProducts (eCommerce.Api)'
2026-05-15 01:46:51.059 +05:30 [INF] Request finished HTTP/2 GET https://localhost:7274/api/v1/products - 200 null application/json; charset=utf-8 43.0331ms
2026-05-15 01:46:53.188 +05:30 [INF] Request starting HTTP/2 OPTIONS https://localhost:7274/api/v1/products/1003 - null null
2026-05-15 01:46:53.195 +05:30 [INF] CORS policy execution successful.
2026-05-15 01:46:53.195 +05:30 [INF] Request finished HTTP/2 OPTIONS https://localhost:7274/api/v1/products/1003 - 204 null null 8.031ms
2026-05-15 01:46:53.202 +05:30 [INF] Request starting HTTP/2 GET https://localhost:7274/api/v1/products/1003 - application/json null
2026-05-15 01:46:53.203 +05:30 [INF] CORS policy execution successful.
2026-05-15 01:46:53.204 +05:30 [INF] Executing endpoint 'eCommerce.Api.Controllers.v1.ProductsController.GetProductDetails (eCommerce.Api)'
2026-05-15 01:46:53.219 +05:30 [INF] Route matched with {action = "GetProductDetails", controller = "Products"}. Executing controller action with signature System.Threading.Tasks.Task`1[Microsoft.AspNetCore.Mvc.ActionResult`1[eCommerce.Application.DTOs.Product.ProductDto]] GetProductDetails(Int32) on controller eCommerce.Api.Controllers.v1.ProductsController (eCommerce.Api).
2026-05-15 01:46:53.293 +05:30 [INF] Executed DbCommand (12ms) [Parameters=[@__p_0='?' (DbType = Int32)], CommandType='"Text"', CommandTimeout='30']
SELECT TOP(1) [p].[ProductId], [p].[CategoryId], [p].[Description], [p].[Discount], [p].[Gender], [p].[MadeIn], [p].[ManufacturingDate], [p].[Picture], [p].[ProductName], [p].[Quantity], [p].[ReturnPolicy], [p].[ShoeType], [p].[UnitPrice], [p].[WarrantyPeriod]
FROM [Products] AS [p]
WHERE [p].[ProductId] = @__p_0
2026-05-15 01:46:53.303 +05:30 [INF] Executing OkObjectResult, writing value of type 'eCommerce.Application.DTOs.Product.ProductDto'.
2026-05-15 01:46:53.303 +05:30 [INF] Executed action eCommerce.Api.Controllers.v1.ProductsController.GetProductDetails (eCommerce.Api) in 84.4672ms
2026-05-15 01:46:53.304 +05:30 [INF] Executed endpoint 'eCommerce.Api.Controllers.v1.ProductsController.GetProductDetails (eCommerce.Api)'
2026-05-15 01:46:53.304 +05:30 [INF] Request finished HTTP/2 GET https://localhost:7274/api/v1/products/1003 - 200 null application/json; charset=utf-8 102.1344ms
2026-05-15 01:46:54.471 +05:30 [INF] Request starting HTTP/2 OPTIONS https://localhost:7274/api/v1/Carts - null null
2026-05-15 01:46:54.478 +05:30 [INF] CORS policy execution successful.
2026-05-15 01:46:54.478 +05:30 [INF] Request finished HTTP/2 OPTIONS https://localhost:7274/api/v1/Carts - 204 null null 9.1629ms
2026-05-15 01:46:54.483 +05:30 [INF] Request starting HTTP/2 POST https://localhost:7274/api/v1/Carts - application/json 54
2026-05-15 01:46:54.483 +05:30 [INF] CORS policy execution successful.
2026-05-15 01:46:54.484 +05:30 [INF] Executing endpoint 'eCommerce.Api.Controllers.v1.CartsController.CreateCart (eCommerce.Api)'
2026-05-15 01:46:54.503 +05:30 [INF] Route matched with {action = "CreateCart", controller = "Carts"}. Executing controller action with signature System.Threading.Tasks.Task`1[Microsoft.AspNetCore.Mvc.ActionResult`1[eCommerce.Application.DTOs.Cart.CreateCartDto]] CreateCart(eCommerce.Application.DTOs.Cart.CreateCartDto) on controller eCommerce.Api.Controllers.v1.CartsController (eCommerce.Api).
2026-05-15 01:46:54.995 +05:30 [INF] Executed DbCommand (62ms) [Parameters=[@p0='?' (DbType = DateTime2), @p1='?' (DbType = Int32)], CommandType='"Text"', CommandTimeout='30']
SET IMPLICIT_TRANSACTIONS OFF;
SET NOCOUNT ON;
INSERT INTO [Carts] ([CartDate], [CustomerId])
OUTPUT INSERTED.[CartId]
VALUES (@p0, @p1);
2026-05-15 01:46:55.069 +05:30 [INF] Executing CreatedAtActionResult, writing value of type 'eCommerce.Application.DTOs.Cart.CartDto'.
2026-05-15 01:46:55.163 +05:30 [INF] Executed action eCommerce.Api.Controllers.v1.CartsController.CreateCart (eCommerce.Api) in 659.4381ms
2026-05-15 01:46:55.163 +05:30 [INF] Executed endpoint 'eCommerce.Api.Controllers.v1.CartsController.CreateCart (eCommerce.Api)'
2026-05-15 01:46:55.163 +05:30 [INF] Request finished HTTP/2 POST https://localhost:7274/api/v1/Carts - 201 null application/json; charset=utf-8 680.4548ms
2026-05-15 01:46:55.174 +05:30 [INF] Request starting HTTP/2 OPTIONS https://localhost:7274/api/v1/CartItems - null null
2026-05-15 01:46:55.176 +05:30 [INF] CORS policy execution successful.
2026-05-15 01:46:55.176 +05:30 [INF] Request finished HTTP/2 OPTIONS https://localhost:7274/api/v1/CartItems - 204 null null 2.072ms
2026-05-15 01:46:55.179 +05:30 [INF] Request starting HTTP/2 POST https://localhost:7274/api/v1/CartItems - application/json 58
2026-05-15 01:46:55.180 +05:30 [INF] CORS policy execution successful.
2026-05-15 01:46:55.180 +05:30 [INF] Executing endpoint 'eCommerce.Api.Controllers.v1.CartItemsController.CreatecartItem (eCommerce.Api)'
2026-05-15 01:46:55.193 +05:30 [INF] Route matched with {action = "CreatecartItem", controller = "CartItems"}. Executing controller action with signature System.Threading.Tasks.Task`1[Microsoft.AspNetCore.Mvc.ActionResult`1[eCommerce.Application.DTOs.CartItem.CreateCartItemDto]] CreatecartItem(eCommerce.Application.DTOs.CartItem.CreateCartItemDto) on controller eCommerce.Api.Controllers.v1.CartItemsController (eCommerce.Api).
2026-05-15 01:46:55.274 +05:30 [INF] Executed DbCommand (14ms) [Parameters=[@p0='?' (DbType = Int32), @p1='?' (DbType = Int32), @p2='?' (DbType = Int32), @p3='?' (DbType = Int32)], CommandType='"Text"', CommandTimeout='30']
SET IMPLICIT_TRANSACTIONS OFF;
SET NOCOUNT ON;
INSERT INTO [CartItems] ([CartId], [ProductId], [Quantity], [Size])
OUTPUT INSERTED.[CartItemId]
VALUES (@p0, @p1, @p2, @p3);
2026-05-15 01:46:55.286 +05:30 [INF] Executing CreatedAtActionResult, writing value of type 'eCommerce.Application.DTOs.CartItem.CartItemDto'.
2026-05-15 01:46:55.291 +05:30 [INF] Executed action eCommerce.Api.Controllers.v1.CartItemsController.CreatecartItem (eCommerce.Api) in 97.8818ms
2026-05-15 01:46:55.291 +05:30 [INF] Executed endpoint 'eCommerce.Api.Controllers.v1.CartItemsController.CreatecartItem (eCommerce.Api)'
2026-05-15 01:46:55.292 +05:30 [INF] Request finished HTTP/2 POST https://localhost:7274/api/v1/CartItems - 201 null application/json; charset=utf-8 113.057ms
2026-05-15 01:46:55.319 +05:30 [INF] Request starting HTTP/2 GET https://localhost:7274/api/v1/CartItems - application/json null
2026-05-15 01:46:55.320 +05:30 [INF] CORS policy execution successful.
2026-05-15 01:46:55.321 +05:30 [INF] Executing endpoint 'eCommerce.Api.Controllers.v1.CartItemsController.GetAllcartItems (eCommerce.Api)'
2026-05-15 01:46:55.330 +05:30 [INF] Route matched with {action = "GetAllcartItems", controller = "CartItems"}. Executing controller action with signature System.Threading.Tasks.Task`1[Microsoft.AspNetCore.Mvc.ActionResult`1[System.Collections.Generic.IEnumerable`1[eCommerce.Application.DTOs.CartItem.CartItemDto]]] GetAllcartItems() on controller eCommerce.Api.Controllers.v1.CartItemsController (eCommerce.Api).
2026-05-15 01:46:55.355 +05:30 [INF] Executed DbCommand (6ms) [Parameters=[], CommandType='"Text"', CommandTimeout='30']
SELECT [c].[CartItemId], [c].[CartId], [c].[ProductId], [c].[Quantity], [c].[Size]
FROM [CartItems] AS [c]
2026-05-15 01:46:55.368 +05:30 [INF] Executing OkObjectResult, writing value of type 'System.Collections.Generic.List`1[[eCommerce.Application.DTOs.CartItem.CartItemDto, eCommerce.Application, Version=1.0.0.0, Culture=neutral, PublicKeyToken=null]]'.
2026-05-15 01:46:55.370 +05:30 [INF] Executed action eCommerce.Api.Controllers.v1.CartItemsController.GetAllcartItems (eCommerce.Api) in 39.928ms
2026-05-15 01:46:55.370 +05:30 [INF] Executed endpoint 'eCommerce.Api.Controllers.v1.CartItemsController.GetAllcartItems (eCommerce.Api)'
2026-05-15 01:46:55.370 +05:30 [INF] Request finished HTTP/2 GET https://localhost:7274/api/v1/CartItems - 200 null application/json; charset=utf-8 52.1058ms
2026-05-15 01:46:55.378 +05:30 [INF] Request starting HTTP/2 GET https://localhost:7274/api/v1/products/1003 - application/json null
2026-05-15 01:46:55.379 +05:30 [INF] CORS policy execution successful.
2026-05-15 01:46:55.380 +05:30 [INF] Executing endpoint 'eCommerce.Api.Controllers.v1.ProductsController.GetProductDetails (eCommerce.Api)'
2026-05-15 01:46:55.380 +05:30 [INF] Route matched with {action = "GetProductDetails", controller = "Products"}. Executing controller action with signature System.Threading.Tasks.Task`1[Microsoft.AspNetCore.Mvc.ActionResult`1[eCommerce.Application.DTOs.Product.ProductDto]] GetProductDetails(Int32) on controller eCommerce.Api.Controllers.v1.ProductsController (eCommerce.Api).
2026-05-15 01:46:55.405 +05:30 [INF] Executed DbCommand (12ms) [Parameters=[@__p_0='?' (DbType = Int32)], CommandType='"Text"', CommandTimeout='30']
SELECT TOP(1) [p].[ProductId], [p].[CategoryId], [p].[Description], [p].[Discount], [p].[Gender], [p].[MadeIn], [p].[ManufacturingDate], [p].[Picture], [p].[ProductName], [p].[Quantity], [p].[ReturnPolicy], [p].[ShoeType], [p].[UnitPrice], [p].[WarrantyPeriod]
FROM [Products] AS [p]
WHERE [p].[ProductId] = @__p_0
2026-05-15 01:46:55.407 +05:30 [INF] Executing OkObjectResult, writing value of type 'eCommerce.Application.DTOs.Product.ProductDto'.
2026-05-15 01:46:55.408 +05:30 [INF] Executed action eCommerce.Api.Controllers.v1.ProductsController.GetProductDetails (eCommerce.Api) in 27.5588ms
2026-05-15 01:46:55.408 +05:30 [INF] Executed endpoint 'eCommerce.Api.Controllers.v1.ProductsController.GetProductDetails (eCommerce.Api)'
2026-05-15 01:46:55.408 +05:30 [INF] Request finished HTTP/2 GET https://localhost:7274/api/v1/products/1003 - 200 null application/json; charset=utf-8 30.9349ms
2026-05-15 01:46:56.381 +05:30 [INF] Request starting HTTP/2 OPTIONS https://localhost:7274/api/v1/Carts/create-razorpay-order?cartId=34 - null null
2026-05-15 01:46:56.382 +05:30 [INF] CORS policy execution successful.
2026-05-15 01:46:56.383 +05:30 [INF] Request finished HTTP/2 OPTIONS https://localhost:7274/api/v1/Carts/create-razorpay-order?cartId=34 - 204 null null 3.0487ms
2026-05-15 01:46:56.387 +05:30 [INF] Request starting HTTP/2 POST https://localhost:7274/api/v1/Carts/create-razorpay-order?cartId=34 - application/json 2
2026-05-15 01:46:56.387 +05:30 [INF] CORS policy execution successful.
2026-05-15 01:46:56.389 +05:30 [INF] Executing endpoint 'eCommerce.Api.Controllers.v1.CartsController.CreateRazorpayOrder (eCommerce.Api)'
2026-05-15 01:46:56.400 +05:30 [INF] Route matched with {action = "CreateRazorpayOrder", controller = "Carts"}. Executing controller action with signature System.Threading.Tasks.Task`1[Microsoft.AspNetCore.Mvc.ActionResult] CreateRazorpayOrder(Int32) on controller eCommerce.Api.Controllers.v1.CartsController (eCommerce.Api).
2026-05-15 01:46:56.501 +05:30 [INF] Executed DbCommand (31ms) [Parameters=[@__cartId_0='?' (DbType = Int32)], CommandType='"Text"', CommandTimeout='30']
SELECT [t].[CartId], [t].[CartDate], [t].[CustomerId], [t0].[CartItemId], [t0].[CartId], [t0].[ProductId], [t0].[Quantity], [t0].[Size], [t0].[ProductId0], [t0].[CategoryId], [t0].[Description], [t0].[Discount], [t0].[Gender], [t0].[MadeIn], [t0].[ManufacturingDate], [t0].[Picture], [t0].[ProductName], [t0].[Quantity0], [t0].[ReturnPolicy], [t0].[ShoeType], [t0].[UnitPrice], [t0].[WarrantyPeriod]
FROM (
    SELECT TOP(1) [c].[CartId], [c].[CartDate], [c].[CustomerId]
    FROM [Carts] AS [c]
    WHERE [c].[CartId] = @__cartId_0
) AS [t]
LEFT JOIN (
    SELECT [c0].[CartItemId], [c0].[CartId], [c0].[ProductId], [c0].[Quantity], [c0].[Size], [p].[ProductId] AS [ProductId0], [p].[CategoryId], [p].[Description], [p].[Discount], [p].[Gender], [p].[MadeIn], [p].[ManufacturingDate], [p].[Picture], [p].[ProductName], [p].[Quantity] AS [Quantity0], [p].[ReturnPolicy], [p].[ShoeType], [p].[UnitPrice], [p].[WarrantyPeriod]
    FROM [CartItems] AS [c0]
    INNER JOIN [Products] AS [p] ON [c0].[ProductId] = [p].[ProductId]
) AS [t0] ON [t].[CartId] = [t0].[CartId]
ORDER BY [t].[CartId], [t0].[CartItemId]
2026-05-15 01:46:56.565 +05:30 [INF] Start processing HTTP request POST https://api.razorpay.com/v1/orders
2026-05-15 01:46:56.574 +05:30 [INF] Sending HTTP request POST https://api.razorpay.com/v1/orders
2026-05-15 01:46:56.848 +05:30 [INF] Received HTTP response headers after 267.9136ms - 401
2026-05-15 01:46:56.849 +05:30 [INF] End processing HTTP request after 288.1323ms - 401
2026-05-15 01:46:56.869 +05:30 [INF] Executing ObjectResult, writing value of type '<>f__AnonymousType2`1[[System.String, System.Private.CoreLib, Version=8.0.0.0, Culture=neutral, PublicKeyToken=7cec85d7bea7798e]]'.
2026-05-15 01:46:56.875 +05:30 [INF] Executed action eCommerce.Api.Controllers.v1.CartsController.CreateRazorpayOrder (eCommerce.Api) in 474.6622ms
2026-05-15 01:46:56.875 +05:30 [INF] Executed endpoint 'eCommerce.Api.Controllers.v1.CartsController.CreateRazorpayOrder (eCommerce.Api)'
2026-05-15 01:46:56.875 +05:30 [INF] Request finished HTTP/2 POST https://localhost:7274/api/v1/Carts/create-razorpay-order?cartId=34 - 401 null application/json; charset=utf-8 489.411ms
2026-05-15 01:47:07.435 +05:30 [INF] Request starting HTTP/2 OPTIONS https://localhost:7274/api/v1/Carts/create-razorpay-order?cartId=34 - null null
2026-05-15 01:47:07.436 +05:30 [INF] CORS policy execution successful.
2026-05-15 01:47:07.437 +05:30 [INF] Request finished HTTP/2 OPTIONS https://localhost:7274/api/v1/Carts/create-razorpay-order?cartId=34 - 204 null null 2.2861ms
2026-05-15 01:47:07.442 +05:30 [INF] Request starting HTTP/2 POST https://localhost:7274/api/v1/Carts/create-razorpay-order?cartId=34 - application/json 2
2026-05-15 01:47:07.443 +05:30 [INF] CORS policy execution successful.
2026-05-15 01:47:07.445 +05:30 [INF] Executing endpoint 'eCommerce.Api.Controllers.v1.CartsController.CreateRazorpayOrder (eCommerce.Api)'
2026-05-15 01:47:07.445 +05:30 [INF] Route matched with {action = "CreateRazorpayOrder", controller = "Carts"}. Executing controller action with signature System.Threading.Tasks.Task`1[Microsoft.AspNetCore.Mvc.ActionResult] CreateRazorpayOrder(Int32) on controller eCommerce.Api.Controllers.v1.CartsController (eCommerce.Api).
2026-05-15 01:47:07.482 +05:30 [INF] Executed DbCommand (21ms) [Parameters=[@__cartId_0='?' (DbType = Int32)], CommandType='"Text"', CommandTimeout='30']
SELECT [t].[CartId], [t].[CartDate], [t].[CustomerId], [t0].[CartItemId], [t0].[CartId], [t0].[ProductId], [t0].[Quantity], [t0].[Size], [t0].[ProductId0], [t0].[CategoryId], [t0].[Description], [t0].[Discount], [t0].[Gender], [t0].[MadeIn], [t0].[ManufacturingDate], [t0].[Picture], [t0].[ProductName], [t0].[Quantity0], [t0].[ReturnPolicy], [t0].[ShoeType], [t0].[UnitPrice], [t0].[WarrantyPeriod]
FROM (
    SELECT TOP(1) [c].[CartId], [c].[CartDate], [c].[CustomerId]
    FROM [Carts] AS [c]
    WHERE [c].[CartId] = @__cartId_0
) AS [t]
LEFT JOIN (
    SELECT [c0].[CartItemId], [c0].[CartId], [c0].[ProductId], [c0].[Quantity], [c0].[Size], [p].[ProductId] AS [ProductId0], [p].[CategoryId], [p].[Description], [p].[Discount], [p].[Gender], [p].[MadeIn], [p].[ManufacturingDate], [p].[Picture], [p].[ProductName], [p].[Quantity] AS [Quantity0], [p].[ReturnPolicy], [p].[ShoeType], [p].[UnitPrice], [p].[WarrantyPeriod]
    FROM [CartItems] AS [c0]
    INNER JOIN [Products] AS [p] ON [c0].[ProductId] = [p].[ProductId]
) AS [t0] ON [t].[CartId] = [t0].[CartId]
ORDER BY [t].[CartId], [t0].[CartItemId]
2026-05-15 01:47:07.484 +05:30 [INF] Start processing HTTP request POST https://api.razorpay.com/v1/orders
2026-05-15 01:47:07.484 +05:30 [INF] Sending HTTP request POST https://api.razorpay.com/v1/orders
2026-05-15 01:47:07.502 +05:30 [INF] Received HTTP response headers after 16.928ms - 401
2026-05-15 01:47:07.503 +05:30 [INF] End processing HTTP request after 18.6976ms - 401
2026-05-15 01:47:07.504 +05:30 [INF] Executing ObjectResult, writing value of type '<>f__AnonymousType2`1[[System.String, System.Private.CoreLib, Version=8.0.0.0, Culture=neutral, PublicKeyToken=7cec85d7bea7798e]]'.
2026-05-15 01:47:07.505 +05:30 [INF] Executed action eCommerce.Api.Controllers.v1.CartsController.CreateRazorpayOrder (eCommerce.Api) in 59.5017ms
2026-05-15 01:47:07.505 +05:30 [INF] Executed endpoint 'eCommerce.Api.Controllers.v1.CartsController.CreateRazorpayOrder (eCommerce.Api)'
2026-05-15 01:47:07.505 +05:30 [INF] Request finished HTTP/2 POST https://localhost:7274/api/v1/Carts/create-razorpay-order?cartId=34 - 401 null application/json; charset=utf-8 63.4745ms
2026-05-15 01:48:23.442 +05:30 [INF] Request starting HTTP/2 OPTIONS https://localhost:7274/api/v1/Carts/create-razorpay-order?cartId=34 - null null
2026-05-15 01:48:23.626 +05:30 [INF] CORS policy execution successful.
2026-05-15 01:48:23.643 +05:30 [INF] Request finished HTTP/2 OPTIONS https://localhost:7274/api/v1/Carts/create-razorpay-order?cartId=34 - 204 null null 216.1303ms
2026-05-15 01:48:23.674 +05:30 [INF] Request starting HTTP/2 POST https://localhost:7274/api/v1/Carts/create-razorpay-order?cartId=34 - application/json 2
2026-05-15 01:48:23.694 +05:30 [INF] CORS policy execution successful.
2026-05-15 01:48:23.788 +05:30 [INF] Executing endpoint 'eCommerce.Api.Controllers.v1.CartsController.CreateRazorpayOrder (eCommerce.Api)'
2026-05-15 01:48:23.825 +05:30 [INF] Route matched with {action = "CreateRazorpayOrder", controller = "Carts"}. Executing controller action with signature System.Threading.Tasks.Task`1[Microsoft.AspNetCore.Mvc.ActionResult] CreateRazorpayOrder(Int32) on controller eCommerce.Api.Controllers.v1.CartsController (eCommerce.Api).
2026-05-15 01:48:24.521 +05:30 [INF] Executed DbCommand (419ms) [Parameters=[@__cartId_0='?' (DbType = Int32)], CommandType='"Text"', CommandTimeout='30']
SELECT [t].[CartId], [t].[CartDate], [t].[CustomerId], [t0].[CartItemId], [t0].[CartId], [t0].[ProductId], [t0].[Quantity], [t0].[Size], [t0].[ProductId0], [t0].[CategoryId], [t0].[Description], [t0].[Discount], [t0].[Gender], [t0].[MadeIn], [t0].[ManufacturingDate], [t0].[Picture], [t0].[ProductName], [t0].[Quantity0], [t0].[ReturnPolicy], [t0].[ShoeType], [t0].[UnitPrice], [t0].[WarrantyPeriod]
FROM (
    SELECT TOP(1) [c].[CartId], [c].[CartDate], [c].[CustomerId]
    FROM [Carts] AS [c]
    WHERE [c].[CartId] = @__cartId_0
) AS [t]
LEFT JOIN (
    SELECT [c0].[CartItemId], [c0].[CartId], [c0].[ProductId], [c0].[Quantity], [c0].[Size], [p].[ProductId] AS [ProductId0], [p].[CategoryId], [p].[Description], [p].[Discount], [p].[Gender], [p].[MadeIn], [p].[ManufacturingDate], [p].[Picture], [p].[ProductName], [p].[Quantity] AS [Quantity0], [p].[ReturnPolicy], [p].[ShoeType], [p].[UnitPrice], [p].[WarrantyPeriod]
    FROM [CartItems] AS [c0]
    INNER JOIN [Products] AS [p] ON [c0].[ProductId] = [p].[ProductId]
) AS [t0] ON [t].[CartId] = [t0].[CartId]
ORDER BY [t].[CartId], [t0].[CartItemId]
2026-05-15 01:48:24.647 +05:30 [INF] Start processing HTTP request POST https://api.razorpay.com/v1/orders
2026-05-15 01:48:24.649 +05:30 [INF] Sending HTTP request POST https://api.razorpay.com/v1/orders
2026-05-15 01:48:24.890 +05:30 [INF] Received HTTP response headers after 241.1766ms - 401
2026-05-15 01:48:24.890 +05:30 [INF] End processing HTTP request after 244.6912ms - 401
2026-05-15 01:48:24.909 +05:30 [INF] Executing ObjectResult, writing value of type '<>f__AnonymousType2`1[[System.String, System.Private.CoreLib, Version=8.0.0.0, Culture=neutral, PublicKeyToken=7cec85d7bea7798e]]'.
2026-05-15 01:48:24.927 +05:30 [INF] Executed action eCommerce.Api.Controllers.v1.CartsController.CreateRazorpayOrder (eCommerce.Api) in 1099.4414ms
2026-05-15 01:48:24.927 +05:30 [INF] Executed endpoint 'eCommerce.Api.Controllers.v1.CartsController.CreateRazorpayOrder (eCommerce.Api)'
2026-05-15 01:48:24.937 +05:30 [INF] Request finished HTTP/2 POST https://localhost:7274/api/v1/Carts/create-razorpay-order?cartId=34 - 401 null application/json; charset=utf-8 1265.067ms
2026-05-15 01:51:28.427 +05:30 [INF] Request starting HTTP/2 OPTIONS https://localhost:7274/api/v1/CartItems - null null
2026-05-15 01:51:28.484 +05:30 [INF] CORS policy execution successful.
2026-05-15 01:51:28.497 +05:30 [INF] Request finished HTTP/2 OPTIONS https://localhost:7274/api/v1/CartItems - 204 null null 106.8971ms
2026-05-15 01:51:28.515 +05:30 [INF] Request starting HTTP/2 GET https://localhost:7274/api/v1/CartItems - application/json null
2026-05-15 01:51:28.550 +05:30 [INF] CORS policy execution successful.
2026-05-15 01:51:28.636 +05:30 [INF] Executing endpoint 'eCommerce.Api.Controllers.v1.CartItemsController.GetAllcartItems (eCommerce.Api)'
2026-05-15 01:51:28.804 +05:30 [INF] Route matched with {action = "GetAllcartItems", controller = "CartItems"}. Executing controller action with signature System.Threading.Tasks.Task`1[Microsoft.AspNetCore.Mvc.ActionResult`1[System.Collections.Generic.IEnumerable`1[eCommerce.Application.DTOs.CartItem.CartItemDto]]] GetAllcartItems() on controller eCommerce.Api.Controllers.v1.CartItemsController (eCommerce.Api).
2026-05-15 01:51:30.760 +05:30 [INF] Request starting HTTP/2 GET https://localhost:7274/swagger/index.html - null null
2026-05-15 01:51:31.099 +05:30 [INF] Request starting HTTP/2 OPTIONS https://localhost:7274/api/v1/products - null null
2026-05-15 01:51:31.105 +05:30 [INF] CORS policy execution successful.
2026-05-15 01:51:31.113 +05:30 [INF] Request finished HTTP/2 OPTIONS https://localhost:7274/api/v1/products - 204 null null 9.2664ms
2026-05-15 01:51:31.141 +05:30 [INF] Request starting HTTP/2 OPTIONS https://localhost:7274/api/v1/products - null null
2026-05-15 01:51:31.149 +05:30 [INF] CORS policy execution successful.
2026-05-15 01:51:31.152 +05:30 [INF] Request finished HTTP/2 OPTIONS https://localhost:7274/api/v1/products - 204 null null 10.1478ms
2026-05-15 01:51:31.251 +05:30 [INF] Request starting HTTP/2 GET https://localhost:7274/api/v1/products - application/json null
2026-05-15 01:51:31.286 +05:30 [INF] CORS policy execution successful.
2026-05-15 01:51:31.287 +05:30 [INF] Executing endpoint 'eCommerce.Api.Controllers.v1.ProductsController.GetAllProducts (eCommerce.Api)'
2026-05-15 01:51:31.311 +05:30 [INF] Request finished HTTP/2 GET https://localhost:7274/swagger/index.html - 200 null text/html;charset=utf-8 551.3885ms
2026-05-15 01:51:31.318 +05:30 [INF] Route matched with {action = "GetAllProducts", controller = "Products"}. Executing controller action with signature System.Threading.Tasks.Task`1[Microsoft.AspNetCore.Mvc.ActionResult`1[System.Collections.Generic.IEnumerable`1[eCommerce.Application.DTOs.Product.ProductDto]]] GetAllProducts() on controller eCommerce.Api.Controllers.v1.ProductsController (eCommerce.Api).
2026-05-15 01:51:31.589 +05:30 [INF] Request starting HTTP/2 GET https://localhost:7274/_framework/aspnetcore-browser-refresh.js - null null
2026-05-15 01:51:31.596 +05:30 [INF] Request starting HTTP/2 GET https://localhost:7274/_vs/browserLink - null null
2026-05-15 01:51:31.625 +05:30 [INF] Request finished HTTP/2 GET https://localhost:7274/_framework/aspnetcore-browser-refresh.js - 200 16511 application/javascript; charset=utf-8 35.6205ms
2026-05-15 01:51:31.723 +05:30 [INF] Request finished HTTP/2 GET https://localhost:7274/_vs/browserLink - 200 null text/javascript; charset=UTF-8 127.0468ms
2026-05-15 01:51:32.155 +05:30 [INF] Executed DbCommand (2,845ms) [Parameters=[], CommandType='"Text"', CommandTimeout='30']
SELECT [c].[CartItemId], [c].[CartId], [c].[ProductId], [c].[Quantity], [c].[Size]
FROM [CartItems] AS [c]
2026-05-15 01:51:32.186 +05:30 [INF] Executing OkObjectResult, writing value of type 'System.Collections.Generic.List`1[[eCommerce.Application.DTOs.CartItem.CartItemDto, eCommerce.Application, Version=1.0.0.0, Culture=neutral, PublicKeyToken=null]]'.
2026-05-15 01:51:32.231 +05:30 [INF] Executed action eCommerce.Api.Controllers.v1.CartItemsController.GetAllcartItems (eCommerce.Api) in 3425.6299ms
2026-05-15 01:51:32.231 +05:30 [INF] Executed endpoint 'eCommerce.Api.Controllers.v1.CartItemsController.GetAllcartItems (eCommerce.Api)'
2026-05-15 01:51:32.234 +05:30 [INF] Request finished HTTP/2 GET https://localhost:7274/api/v1/CartItems - 499 null application/json; charset=utf-8 3719.0175ms
2026-05-15 01:51:32.316 +05:30 [INF] Executed DbCommand (988ms) [Parameters=[], CommandType='"Text"', CommandTimeout='30']
SELECT [p].[ProductId], [p].[CategoryId], [p].[Description], [p].[Discount], [p].[Gender], [p].[MadeIn], [p].[ManufacturingDate], [p].[Picture], [p].[ProductName], [p].[Quantity], [p].[ReturnPolicy], [p].[ShoeType], [p].[UnitPrice], [p].[WarrantyPeriod]
FROM [Products] AS [p]
2026-05-15 01:51:32.322 +05:30 [INF] Executing OkObjectResult, writing value of type 'System.Collections.Generic.List`1[[eCommerce.Application.DTOs.Product.ProductDto, eCommerce.Application, Version=1.0.0.0, Culture=neutral, PublicKeyToken=null]]'.
2026-05-15 01:51:32.347 +05:30 [INF] Executed action eCommerce.Api.Controllers.v1.ProductsController.GetAllProducts (eCommerce.Api) in 1028.3125ms
2026-05-15 01:51:32.348 +05:30 [INF] Executed endpoint 'eCommerce.Api.Controllers.v1.ProductsController.GetAllProducts (eCommerce.Api)'
2026-05-15 01:51:32.348 +05:30 [INF] Request finished HTTP/2 GET https://localhost:7274/api/v1/products - 200 null application/json; charset=utf-8 1096.8628ms
2026-05-15 01:51:32.348 +05:30 [INF] Request starting HTTP/2 GET https://localhost:7274/api/v1/products - application/json null
2026-05-15 01:51:32.353 +05:30 [INF] CORS policy execution successful.
2026-05-15 01:51:32.367 +05:30 [INF] Executing endpoint 'eCommerce.Api.Controllers.v1.ProductsController.GetAllProducts (eCommerce.Api)'
2026-05-15 01:51:32.368 +05:30 [INF] Route matched with {action = "GetAllProducts", controller = "Products"}. Executing controller action with signature System.Threading.Tasks.Task`1[Microsoft.AspNetCore.Mvc.ActionResult`1[System.Collections.Generic.IEnumerable`1[eCommerce.Application.DTOs.Product.ProductDto]]] GetAllProducts() on controller eCommerce.Api.Controllers.v1.ProductsController (eCommerce.Api).
2026-05-15 01:51:32.420 +05:30 [INF] Executed DbCommand (8ms) [Parameters=[], CommandType='"Text"', CommandTimeout='30']
SELECT [p].[ProductId], [p].[CategoryId], [p].[Description], [p].[Discount], [p].[Gender], [p].[MadeIn], [p].[ManufacturingDate], [p].[Picture], [p].[ProductName], [p].[Quantity], [p].[ReturnPolicy], [p].[ShoeType], [p].[UnitPrice], [p].[WarrantyPeriod]
FROM [Products] AS [p]
2026-05-15 01:51:32.426 +05:30 [INF] Executing OkObjectResult, writing value of type 'System.Collections.Generic.List`1[[eCommerce.Application.DTOs.Product.ProductDto, eCommerce.Application, Version=1.0.0.0, Culture=neutral, PublicKeyToken=null]]'.
2026-05-15 01:51:32.432 +05:30 [INF] Executed action eCommerce.Api.Controllers.v1.ProductsController.GetAllProducts (eCommerce.Api) in 63.698ms
2026-05-15 01:51:32.432 +05:30 [INF] Executed endpoint 'eCommerce.Api.Controllers.v1.ProductsController.GetAllProducts (eCommerce.Api)'
2026-05-15 01:51:32.432 +05:30 [INF] Request finished HTTP/2 GET https://localhost:7274/api/v1/products - 200 null application/json; charset=utf-8 84.9653ms
2026-05-15 01:51:32.762 +05:30 [INF] Request starting HTTP/2 GET https://localhost:7274/swagger/v1/swagger.json - null null
2026-05-15 01:51:32.995 +05:30 [INF] Request finished HTTP/2 GET https://localhost:7274/swagger/v1/swagger.json - 200 null application/json;charset=utf-8 233.68ms
2026-05-15 01:51:35.767 +05:30 [INF] Request starting HTTP/2 OPTIONS https://localhost:7274/api/v1/products/1002 - null null
2026-05-15 01:51:35.771 +05:30 [INF] CORS policy execution successful.
2026-05-15 01:51:35.771 +05:30 [INF] Request finished HTTP/2 OPTIONS https://localhost:7274/api/v1/products/1002 - 204 null null 5.1148ms
2026-05-15 01:51:35.780 +05:30 [INF] Request starting HTTP/2 GET https://localhost:7274/api/v1/products/1002 - application/json null
2026-05-15 01:51:35.783 +05:30 [INF] CORS policy execution successful.
2026-05-15 01:51:35.784 +05:30 [INF] Executing endpoint 'eCommerce.Api.Controllers.v1.ProductsController.GetProductDetails (eCommerce.Api)'
2026-05-15 01:51:35.815 +05:30 [INF] Route matched with {action = "GetProductDetails", controller = "Products"}. Executing controller action with signature System.Threading.Tasks.Task`1[Microsoft.AspNetCore.Mvc.ActionResult`1[eCommerce.Application.DTOs.Product.ProductDto]] GetProductDetails(Int32) on controller eCommerce.Api.Controllers.v1.ProductsController (eCommerce.Api).
2026-05-15 01:51:35.935 +05:30 [INF] Executed DbCommand (71ms) [Parameters=[@__p_0='?' (DbType = Int32)], CommandType='"Text"', CommandTimeout='30']
SELECT TOP(1) [p].[ProductId], [p].[CategoryId], [p].[Description], [p].[Discount], [p].[Gender], [p].[MadeIn], [p].[ManufacturingDate], [p].[Picture], [p].[ProductName], [p].[Quantity], [p].[ReturnPolicy], [p].[ShoeType], [p].[UnitPrice], [p].[WarrantyPeriod]
FROM [Products] AS [p]
WHERE [p].[ProductId] = @__p_0
2026-05-15 01:51:35.942 +05:30 [INF] Executing OkObjectResult, writing value of type 'eCommerce.Application.DTOs.Product.ProductDto'.
2026-05-15 01:51:35.945 +05:30 [INF] Executed action eCommerce.Api.Controllers.v1.ProductsController.GetProductDetails (eCommerce.Api) in 129.7218ms
2026-05-15 01:51:35.945 +05:30 [INF] Executed endpoint 'eCommerce.Api.Controllers.v1.ProductsController.GetProductDetails (eCommerce.Api)'
2026-05-15 01:51:35.945 +05:30 [INF] Request finished HTTP/2 GET https://localhost:7274/api/v1/products/1002 - 200 null application/json; charset=utf-8 165.5898ms
2026-05-15 01:51:37.218 +05:30 [INF] Request starting HTTP/2 OPTIONS https://localhost:7274/api/v1/Carts/34 - null null
2026-05-15 01:51:37.219 +05:30 [INF] CORS policy execution successful.
2026-05-15 01:51:37.220 +05:30 [INF] Request finished HTTP/2 OPTIONS https://localhost:7274/api/v1/Carts/34 - 204 null null 2.4357ms
2026-05-15 01:51:37.225 +05:30 [INF] Request starting HTTP/2 GET https://localhost:7274/api/v1/Carts/34 - application/json null
2026-05-15 01:51:37.226 +05:30 [INF] CORS policy execution successful.
2026-05-15 01:51:37.228 +05:30 [INF] Executing endpoint 'eCommerce.Api.Controllers.v1.CartsController.GetCartDetails (eCommerce.Api)'
2026-05-15 01:51:37.240 +05:30 [INF] Route matched with {action = "GetCartDetails", controller = "Carts"}. Executing controller action with signature System.Threading.Tasks.Task`1[Microsoft.AspNetCore.Mvc.ActionResult`1[eCommerce.Application.DTOs.Cart.CartDto]] GetCartDetails(Int32) on controller eCommerce.Api.Controllers.v1.CartsController (eCommerce.Api).
2026-05-15 01:51:37.357 +05:30 [INF] Executed DbCommand (20ms) [Parameters=[@__p_0='?' (DbType = Int32)], CommandType='"Text"', CommandTimeout='30']
SELECT TOP(1) [c].[CartId], [c].[CartDate], [c].[CustomerId]
FROM [Carts] AS [c]
WHERE [c].[CartId] = @__p_0
2026-05-15 01:51:37.365 +05:30 [INF] Executing OkObjectResult, writing value of type 'eCommerce.Application.DTOs.Cart.CartDto'.
2026-05-15 01:51:37.370 +05:30 [INF] Executed action eCommerce.Api.Controllers.v1.CartsController.GetCartDetails (eCommerce.Api) in 130.5027ms
2026-05-15 01:51:37.370 +05:30 [INF] Executed endpoint 'eCommerce.Api.Controllers.v1.CartsController.GetCartDetails (eCommerce.Api)'
2026-05-15 01:51:37.371 +05:30 [INF] Request finished HTTP/2 GET https://localhost:7274/api/v1/Carts/34 - 200 null application/json; charset=utf-8 146.0104ms
2026-05-15 01:51:37.384 +05:30 [INF] Request starting HTTP/2 OPTIONS https://localhost:7274/api/v1/CartItems - null null
2026-05-15 01:51:37.385 +05:30 [INF] CORS policy execution successful.
2026-05-15 01:51:37.385 +05:30 [INF] Request finished HTTP/2 OPTIONS https://localhost:7274/api/v1/CartItems - 204 null null 2.2172ms
2026-05-15 01:51:37.389 +05:30 [INF] Request starting HTTP/2 POST https://localhost:7274/api/v1/CartItems - application/json 58
2026-05-15 01:51:37.390 +05:30 [INF] CORS policy execution successful.
2026-05-15 01:51:37.391 +05:30 [INF] Executing endpoint 'eCommerce.Api.Controllers.v1.CartItemsController.CreatecartItem (eCommerce.Api)'
2026-05-15 01:51:37.401 +05:30 [INF] Route matched with {action = "CreatecartItem", controller = "CartItems"}. Executing controller action with signature System.Threading.Tasks.Task`1[Microsoft.AspNetCore.Mvc.ActionResult`1[eCommerce.Application.DTOs.CartItem.CreateCartItemDto]] CreatecartItem(eCommerce.Application.DTOs.CartItem.CreateCartItemDto) on controller eCommerce.Api.Controllers.v1.CartItemsController (eCommerce.Api).
2026-05-15 01:51:37.540 +05:30 [INF] Executed DbCommand (92ms) [Parameters=[@p0='?' (DbType = Int32), @p1='?' (DbType = Int32), @p2='?' (DbType = Int32), @p3='?' (DbType = Int32)], CommandType='"Text"', CommandTimeout='30']
SET IMPLICIT_TRANSACTIONS OFF;
SET NOCOUNT ON;
INSERT INTO [CartItems] ([CartId], [ProductId], [Quantity], [Size])
OUTPUT INSERTED.[CartItemId]
VALUES (@p0, @p1, @p2, @p3);
2026-05-15 01:51:37.549 +05:30 [INF] Executing CreatedAtActionResult, writing value of type 'eCommerce.Application.DTOs.CartItem.CartItemDto'.
2026-05-15 01:51:37.555 +05:30 [INF] Executed action eCommerce.Api.Controllers.v1.CartItemsController.CreatecartItem (eCommerce.Api) in 153.4973ms
2026-05-15 01:51:37.555 +05:30 [INF] Executed endpoint 'eCommerce.Api.Controllers.v1.CartItemsController.CreatecartItem (eCommerce.Api)'
2026-05-15 01:51:37.555 +05:30 [INF] Request finished HTTP/2 POST https://localhost:7274/api/v1/CartItems - 201 null application/json; charset=utf-8 167.5289ms
2026-05-15 01:51:37.594 +05:30 [INF] Request starting HTTP/2 GET https://localhost:7274/api/v1/CartItems - application/json null
2026-05-15 01:51:37.598 +05:30 [INF] CORS policy execution successful.
2026-05-15 01:51:37.599 +05:30 [INF] Executing endpoint 'eCommerce.Api.Controllers.v1.CartItemsController.GetAllcartItems (eCommerce.Api)'
2026-05-15 01:51:37.599 +05:30 [INF] Route matched with {action = "GetAllcartItems", controller = "CartItems"}. Executing controller action with signature System.Threading.Tasks.Task`1[Microsoft.AspNetCore.Mvc.ActionResult`1[System.Collections.Generic.IEnumerable`1[eCommerce.Application.DTOs.CartItem.CartItemDto]]] GetAllcartItems() on controller eCommerce.Api.Controllers.v1.CartItemsController (eCommerce.Api).
2026-05-15 01:51:37.617 +05:30 [INF] Executed DbCommand (11ms) [Parameters=[], CommandType='"Text"', CommandTimeout='30']
SELECT [c].[CartItemId], [c].[CartId], [c].[ProductId], [c].[Quantity], [c].[Size]
FROM [CartItems] AS [c]
2026-05-15 01:51:37.618 +05:30 [INF] Executing OkObjectResult, writing value of type 'System.Collections.Generic.List`1[[eCommerce.Application.DTOs.CartItem.CartItemDto, eCommerce.Application, Version=1.0.0.0, Culture=neutral, PublicKeyToken=null]]'.
2026-05-15 01:51:37.619 +05:30 [INF] Executed action eCommerce.Api.Controllers.v1.CartItemsController.GetAllcartItems (eCommerce.Api) in 19.2864ms
2026-05-15 01:51:37.619 +05:30 [INF] Executed endpoint 'eCommerce.Api.Controllers.v1.CartItemsController.GetAllcartItems (eCommerce.Api)'
2026-05-15 01:51:37.619 +05:30 [INF] Request finished HTTP/2 GET https://localhost:7274/api/v1/CartItems - 200 null application/json; charset=utf-8 25.6683ms
2026-05-15 01:51:37.632 +05:30 [INF] Request starting HTTP/2 OPTIONS https://localhost:7274/api/v1/products/1003 - null null
2026-05-15 01:51:37.633 +05:30 [INF] CORS policy execution successful.
2026-05-15 01:51:37.634 +05:30 [INF] Request finished HTTP/2 OPTIONS https://localhost:7274/api/v1/products/1003 - 204 null null 2.3291ms
2026-05-15 01:51:37.634 +05:30 [INF] Request starting HTTP/2 GET https://localhost:7274/api/v1/products/1002 - application/json null
2026-05-15 01:51:37.636 +05:30 [INF] CORS policy execution successful.
2026-05-15 01:51:37.638 +05:30 [INF] Executing endpoint 'eCommerce.Api.Controllers.v1.ProductsController.GetProductDetails (eCommerce.Api)'
2026-05-15 01:51:37.638 +05:30 [INF] Route matched with {action = "GetProductDetails", controller = "Products"}. Executing controller action with signature System.Threading.Tasks.Task`1[Microsoft.AspNetCore.Mvc.ActionResult`1[eCommerce.Application.DTOs.Product.ProductDto]] GetProductDetails(Int32) on controller eCommerce.Api.Controllers.v1.ProductsController (eCommerce.Api).
2026-05-15 01:51:37.642 +05:30 [INF] Request starting HTTP/2 GET https://localhost:7274/api/v1/products/1003 - application/json null
2026-05-15 01:51:37.644 +05:30 [INF] CORS policy execution successful.
2026-05-15 01:51:37.644 +05:30 [INF] Executing endpoint 'eCommerce.Api.Controllers.v1.ProductsController.GetProductDetails (eCommerce.Api)'
2026-05-15 01:51:37.645 +05:30 [INF] Route matched with {action = "GetProductDetails", controller = "Products"}. Executing controller action with signature System.Threading.Tasks.Task`1[Microsoft.AspNetCore.Mvc.ActionResult`1[eCommerce.Application.DTOs.Product.ProductDto]] GetProductDetails(Int32) on controller eCommerce.Api.Controllers.v1.ProductsController (eCommerce.Api).
2026-05-15 01:51:37.664 +05:30 [INF] Executed DbCommand (13ms) [Parameters=[@__p_0='?' (DbType = Int32)], CommandType='"Text"', CommandTimeout='30']
SELECT TOP(1) [p].[ProductId], [p].[CategoryId], [p].[Description], [p].[Discount], [p].[Gender], [p].[MadeIn], [p].[ManufacturingDate], [p].[Picture], [p].[ProductName], [p].[Quantity], [p].[ReturnPolicy], [p].[ShoeType], [p].[UnitPrice], [p].[WarrantyPeriod]
FROM [Products] AS [p]
WHERE [p].[ProductId] = @__p_0
2026-05-15 01:51:37.666 +05:30 [INF] Executed DbCommand (16ms) [Parameters=[@__p_0='?' (DbType = Int32)], CommandType='"Text"', CommandTimeout='30']
SELECT TOP(1) [p].[ProductId], [p].[CategoryId], [p].[Description], [p].[Discount], [p].[Gender], [p].[MadeIn], [p].[ManufacturingDate], [p].[Picture], [p].[ProductName], [p].[Quantity], [p].[ReturnPolicy], [p].[ShoeType], [p].[UnitPrice], [p].[WarrantyPeriod]
FROM [Products] AS [p]
WHERE [p].[ProductId] = @__p_0
2026-05-15 01:51:37.667 +05:30 [INF] Executing OkObjectResult, writing value of type 'eCommerce.Application.DTOs.Product.ProductDto'.
2026-05-15 01:51:37.668 +05:30 [INF] Executed action eCommerce.Api.Controllers.v1.ProductsController.GetProductDetails (eCommerce.Api) in 23.1089ms
2026-05-15 01:51:37.669 +05:30 [INF] Executing OkObjectResult, writing value of type 'eCommerce.Application.DTOs.Product.ProductDto'.
2026-05-15 01:51:37.669 +05:30 [INF] Executed endpoint 'eCommerce.Api.Controllers.v1.ProductsController.GetProductDetails (eCommerce.Api)'
2026-05-15 01:51:37.669 +05:30 [INF] Request finished HTTP/2 GET https://localhost:7274/api/v1/products/1003 - 200 null application/json; charset=utf-8 26.9687ms
2026-05-15 01:51:37.669 +05:30 [INF] Executed action eCommerce.Api.Controllers.v1.ProductsController.GetProductDetails (eCommerce.Api) in 31.0644ms
2026-05-15 01:51:37.670 +05:30 [INF] Executed endpoint 'eCommerce.Api.Controllers.v1.ProductsController.GetProductDetails (eCommerce.Api)'
2026-05-15 01:51:37.670 +05:30 [INF] Request finished HTTP/2 GET https://localhost:7274/api/v1/products/1002 - 200 null application/json; charset=utf-8 35.9612ms
2026-05-15 01:51:41.163 +05:30 [INF] Request starting HTTP/2 OPTIONS https://localhost:7274/api/v1/CartItems - null null
2026-05-15 01:51:41.164 +05:30 [INF] CORS policy execution successful.
2026-05-15 01:51:41.164 +05:30 [INF] Request finished HTTP/2 OPTIONS https://localhost:7274/api/v1/CartItems - 204 null null 1.8218ms
2026-05-15 01:51:41.172 +05:30 [INF] Request starting HTTP/2 PUT https://localhost:7274/api/v1/CartItems - application/json 72
2026-05-15 01:51:41.173 +05:30 [INF] CORS policy execution successful.
2026-05-15 01:51:41.175 +05:30 [INF] Executing endpoint 'eCommerce.Api.Controllers.v1.CartItemsController.UpdatecartItem (eCommerce.Api)'
2026-05-15 01:51:41.188 +05:30 [INF] Route matched with {action = "UpdatecartItem", controller = "CartItems"}. Executing controller action with signature System.Threading.Tasks.Task`1[Microsoft.AspNetCore.Mvc.ActionResult] UpdatecartItem(eCommerce.Application.DTOs.CartItem.UpdateCartItemDto) on controller eCommerce.Api.Controllers.v1.CartItemsController (eCommerce.Api).
2026-05-15 01:51:41.380 +05:30 [INF] Executed DbCommand (82ms) [Parameters=[@p4='?' (DbType = Int32), @p0='?' (DbType = Int32), @p1='?' (DbType = Int32), @p2='?' (DbType = Int32), @p3='?' (DbType = Int32)], CommandType='"Text"', CommandTimeout='30']
SET IMPLICIT_TRANSACTIONS OFF;
SET NOCOUNT ON;
UPDATE [CartItems] SET [CartId] = @p0, [ProductId] = @p1, [Quantity] = @p2, [Size] = @p3
OUTPUT 1
WHERE [CartItemId] = @p4;
2026-05-15 01:51:41.405 +05:30 [INF] Executing StatusCodeResult, setting HTTP status code 204
2026-05-15 01:51:41.405 +05:30 [INF] Executed action eCommerce.Api.Controllers.v1.CartItemsController.UpdatecartItem (eCommerce.Api) in 217.6063ms
2026-05-15 01:51:41.405 +05:30 [INF] Executed endpoint 'eCommerce.Api.Controllers.v1.CartItemsController.UpdatecartItem (eCommerce.Api)'
2026-05-15 01:51:41.406 +05:30 [INF] Request finished HTTP/2 PUT https://localhost:7274/api/v1/CartItems - 204 null null 235.8684ms
2026-05-15 01:51:42.377 +05:30 [INF] Request starting HTTP/2 PUT https://localhost:7274/api/v1/CartItems - application/json 72
2026-05-15 01:51:42.377 +05:30 [INF] CORS policy execution successful.
2026-05-15 01:51:42.378 +05:30 [INF] Executing endpoint 'eCommerce.Api.Controllers.v1.CartItemsController.UpdatecartItem (eCommerce.Api)'
2026-05-15 01:51:42.379 +05:30 [INF] Route matched with {action = "UpdatecartItem", controller = "CartItems"}. Executing controller action with signature System.Threading.Tasks.Task`1[Microsoft.AspNetCore.Mvc.ActionResult] UpdatecartItem(eCommerce.Application.DTOs.CartItem.UpdateCartItemDto) on controller eCommerce.Api.Controllers.v1.CartItemsController (eCommerce.Api).
2026-05-15 01:51:42.412 +05:30 [INF] Executed DbCommand (25ms) [Parameters=[@p4='?' (DbType = Int32), @p0='?' (DbType = Int32), @p1='?' (DbType = Int32), @p2='?' (DbType = Int32), @p3='?' (DbType = Int32)], CommandType='"Text"', CommandTimeout='30']
SET IMPLICIT_TRANSACTIONS OFF;
SET NOCOUNT ON;
UPDATE [CartItems] SET [CartId] = @p0, [ProductId] = @p1, [Quantity] = @p2, [Size] = @p3
OUTPUT 1
WHERE [CartItemId] = @p4;
2026-05-15 01:51:42.413 +05:30 [INF] Executing StatusCodeResult, setting HTTP status code 204
2026-05-15 01:51:42.413 +05:30 [INF] Executed action eCommerce.Api.Controllers.v1.CartItemsController.UpdatecartItem (eCommerce.Api) in 34.6689ms
2026-05-15 01:51:42.413 +05:30 [INF] Executed endpoint 'eCommerce.Api.Controllers.v1.CartItemsController.UpdatecartItem (eCommerce.Api)'
2026-05-15 01:51:42.414 +05:30 [INF] Request finished HTTP/2 PUT https://localhost:7274/api/v1/CartItems - 204 null null 38.5016ms
2026-05-15 01:51:44.666 +05:30 [INF] Request starting HTTP/2 OPTIONS https://localhost:7274/api/v1/CartItems/110 - null null
2026-05-15 01:51:44.668 +05:30 [INF] CORS policy execution successful.
2026-05-15 01:51:44.668 +05:30 [INF] Request finished HTTP/2 OPTIONS https://localhost:7274/api/v1/CartItems/110 - 204 null null 2.8823ms
2026-05-15 01:51:44.680 +05:30 [INF] Request starting HTTP/2 DELETE https://localhost:7274/api/v1/CartItems/110 - application/json null
2026-05-15 01:51:44.681 +05:30 [INF] CORS policy execution successful.
2026-05-15 01:51:44.681 +05:30 [INF] Executing endpoint 'eCommerce.Api.Controllers.v1.CartItemsController.DeleteCartItem (eCommerce.Api)'
2026-05-15 01:51:44.694 +05:30 [INF] Route matched with {action = "DeleteCartItem", controller = "CartItems"}. Executing controller action with signature System.Threading.Tasks.Task`1[Microsoft.AspNetCore.Mvc.ActionResult] DeleteCartItem(Int32) on controller eCommerce.Api.Controllers.v1.CartItemsController (eCommerce.Api).
2026-05-15 01:51:44.770 +05:30 [INF] Executed DbCommand (19ms) [Parameters=[@__p_0='?' (DbType = Int32)], CommandType='"Text"', CommandTimeout='30']
SELECT TOP(1) [c].[CartItemId], [c].[CartId], [c].[ProductId], [c].[Quantity], [c].[Size]
FROM [CartItems] AS [c]
WHERE [c].[CartItemId] = @__p_0
2026-05-15 01:51:44.854 +05:30 [INF] Executed DbCommand (33ms) [Parameters=[@p0='?' (DbType = Int32)], CommandType='"Text"', CommandTimeout='30']
SET IMPLICIT_TRANSACTIONS OFF;
SET NOCOUNT ON;
DELETE FROM [CartItems]
OUTPUT 1
WHERE [CartItemId] = @p0;
2026-05-15 01:51:44.891 +05:30 [INF] Executing StatusCodeResult, setting HTTP status code 204
2026-05-15 01:51:44.891 +05:30 [INF] Executed action eCommerce.Api.Controllers.v1.CartItemsController.DeleteCartItem (eCommerce.Api) in 197.1085ms
2026-05-15 01:51:44.891 +05:30 [INF] Executed endpoint 'eCommerce.Api.Controllers.v1.CartItemsController.DeleteCartItem (eCommerce.Api)'
2026-05-15 01:51:44.891 +05:30 [INF] Request finished HTTP/2 DELETE https://localhost:7274/api/v1/CartItems/110 - 204 null null 213.4047ms
2026-05-15 01:51:45.584 +05:30 [INF] Request starting HTTP/2 DELETE https://localhost:7274/api/v1/CartItems/110 - application/json null
2026-05-15 01:51:45.586 +05:30 [INF] CORS policy execution successful.
2026-05-15 01:51:45.587 +05:30 [INF] Executing endpoint 'eCommerce.Api.Controllers.v1.CartItemsController.DeleteCartItem (eCommerce.Api)'
2026-05-15 01:51:45.587 +05:30 [INF] Route matched with {action = "DeleteCartItem", controller = "CartItems"}. Executing controller action with signature System.Threading.Tasks.Task`1[Microsoft.AspNetCore.Mvc.ActionResult] DeleteCartItem(Int32) on controller eCommerce.Api.Controllers.v1.CartItemsController (eCommerce.Api).
2026-05-15 01:51:45.593 +05:30 [INF] Request starting HTTP/2 GET https://localhost:7274/api/v1/CartItems - application/json null
2026-05-15 01:51:45.598 +05:30 [INF] CORS policy execution successful.
2026-05-15 01:51:45.604 +05:30 [INF] Executing endpoint 'eCommerce.Api.Controllers.v1.CartItemsController.GetAllcartItems (eCommerce.Api)'
2026-05-15 01:51:45.604 +05:30 [INF] Route matched with {action = "GetAllcartItems", controller = "CartItems"}. Executing controller action with signature System.Threading.Tasks.Task`1[Microsoft.AspNetCore.Mvc.ActionResult`1[System.Collections.Generic.IEnumerable`1[eCommerce.Application.DTOs.CartItem.CartItemDto]]] GetAllcartItems() on controller eCommerce.Api.Controllers.v1.CartItemsController (eCommerce.Api).
2026-05-15 01:51:45.605 +05:30 [INF] Executed DbCommand (9ms) [Parameters=[@__p_0='?' (DbType = Int32)], CommandType='"Text"', CommandTimeout='30']
SELECT TOP(1) [c].[CartItemId], [c].[CartId], [c].[ProductId], [c].[Quantity], [c].[Size]
FROM [CartItems] AS [c]
WHERE [c].[CartItemId] = @__p_0
2026-05-15 01:51:45.608 +05:30 [INF] Executing ObjectResult, writing value of type '<>f__AnonymousType1`1[[System.String, System.Private.CoreLib, Version=8.0.0.0, Culture=neutral, PublicKeyToken=7cec85d7bea7798e]]'.
2026-05-15 01:51:45.617 +05:30 [INF] Executed DbCommand (8ms) [Parameters=[], CommandType='"Text"', CommandTimeout='30']
SELECT [c].[CartItemId], [c].[CartId], [c].[ProductId], [c].[Quantity], [c].[Size]
FROM [CartItems] AS [c]
2026-05-15 01:51:45.618 +05:30 [INF] Executing OkObjectResult, writing value of type 'System.Collections.Generic.List`1[[eCommerce.Application.DTOs.CartItem.CartItemDto, eCommerce.Application, Version=1.0.0.0, Culture=neutral, PublicKeyToken=null]]'.
2026-05-15 01:51:45.624 +05:30 [INF] Executed action eCommerce.Api.Controllers.v1.CartItemsController.GetAllcartItems (eCommerce.Api) in 19.6191ms
2026-05-15 01:51:45.624 +05:30 [INF] Executed endpoint 'eCommerce.Api.Controllers.v1.CartItemsController.GetAllcartItems (eCommerce.Api)'
2026-05-15 01:51:45.625 +05:30 [INF] Request finished HTTP/2 GET https://localhost:7274/api/v1/CartItems - 200 null application/json; charset=utf-8 32.0744ms
2026-05-15 01:51:45.626 +05:30 [INF] Executed action eCommerce.Api.Controllers.v1.CartItemsController.DeleteCartItem (eCommerce.Api) in 38.0125ms
2026-05-15 01:51:45.626 +05:30 [INF] Executed endpoint 'eCommerce.Api.Controllers.v1.CartItemsController.DeleteCartItem (eCommerce.Api)'
2026-05-15 01:51:45.626 +05:30 [INF] Request finished HTTP/2 DELETE https://localhost:7274/api/v1/CartItems/110 - 500 null application/json; charset=utf-8 42.851ms
2026-05-15 01:51:45.638 +05:30 [INF] Request starting HTTP/2 OPTIONS https://localhost:7274/api/v1/products/1002 - null null
2026-05-15 01:51:45.639 +05:30 [INF] CORS policy execution successful.
2026-05-15 01:51:45.639 +05:30 [INF] Request finished HTTP/2 OPTIONS https://localhost:7274/api/v1/products/1002 - 204 null null 1.7066ms
2026-05-15 01:51:45.644 +05:30 [INF] Request starting HTTP/2 GET https://localhost:7274/api/v1/products/1002 - application/json null
2026-05-15 01:51:45.645 +05:30 [INF] CORS policy execution successful.
2026-05-15 01:51:45.646 +05:30 [INF] Executing endpoint 'eCommerce.Api.Controllers.v1.ProductsController.GetProductDetails (eCommerce.Api)'
2026-05-15 01:51:45.646 +05:30 [INF] Route matched with {action = "GetProductDetails", controller = "Products"}. Executing controller action with signature System.Threading.Tasks.Task`1[Microsoft.AspNetCore.Mvc.ActionResult`1[eCommerce.Application.DTOs.Product.ProductDto]] GetProductDetails(Int32) on controller eCommerce.Api.Controllers.v1.ProductsController (eCommerce.Api).
2026-05-15 01:51:45.657 +05:30 [INF] Executed DbCommand (7ms) [Parameters=[@__p_0='?' (DbType = Int32)], CommandType='"Text"', CommandTimeout='30']
SELECT TOP(1) [p].[ProductId], [p].[CategoryId], [p].[Description], [p].[Discount], [p].[Gender], [p].[MadeIn], [p].[ManufacturingDate], [p].[Picture], [p].[ProductName], [p].[Quantity], [p].[ReturnPolicy], [p].[ShoeType], [p].[UnitPrice], [p].[WarrantyPeriod]
FROM [Products] AS [p]
WHERE [p].[ProductId] = @__p_0
2026-05-15 01:51:45.658 +05:30 [INF] Executing OkObjectResult, writing value of type 'eCommerce.Application.DTOs.Product.ProductDto'.
2026-05-15 01:51:45.659 +05:30 [INF] Executed action eCommerce.Api.Controllers.v1.ProductsController.GetProductDetails (eCommerce.Api) in 12.8353ms
2026-05-15 01:51:45.659 +05:30 [INF] Executed endpoint 'eCommerce.Api.Controllers.v1.ProductsController.GetProductDetails (eCommerce.Api)'
2026-05-15 01:51:45.659 +05:30 [INF] Request finished HTTP/2 GET https://localhost:7274/api/v1/products/1002 - 200 null application/json; charset=utf-8 15.2708ms
2026-05-15 01:51:58.545 +05:30 [INF] Request starting HTTP/2 OPTIONS https://localhost:7274/api/v1/Carts/create-razorpay-order?cartId=34 - null null
2026-05-15 01:51:58.550 +05:30 [INF] CORS policy execution successful.
2026-05-15 01:51:58.550 +05:30 [INF] Request finished HTTP/2 OPTIONS https://localhost:7274/api/v1/Carts/create-razorpay-order?cartId=34 - 204 null null 5.7354ms
2026-05-15 01:51:58.554 +05:30 [INF] Request starting HTTP/2 POST https://localhost:7274/api/v1/Carts/create-razorpay-order?cartId=34 - application/json 2
2026-05-15 01:51:58.556 +05:30 [INF] CORS policy execution successful.
2026-05-15 01:51:58.558 +05:30 [INF] Executing endpoint 'eCommerce.Api.Controllers.v1.CartsController.CreateRazorpayOrder (eCommerce.Api)'
2026-05-15 01:51:58.571 +05:30 [INF] Route matched with {action = "CreateRazorpayOrder", controller = "Carts"}. Executing controller action with signature System.Threading.Tasks.Task`1[Microsoft.AspNetCore.Mvc.ActionResult] CreateRazorpayOrder(Int32) on controller eCommerce.Api.Controllers.v1.CartsController (eCommerce.Api).
2026-05-15 01:51:58.682 +05:30 [INF] Executed DbCommand (80ms) [Parameters=[@__cartId_0='?' (DbType = Int32)], CommandType='"Text"', CommandTimeout='30']
SELECT [t].[CartId], [t].[CartDate], [t].[CustomerId], [t0].[CartItemId], [t0].[CartId], [t0].[ProductId], [t0].[Quantity], [t0].[Size], [t0].[ProductId0], [t0].[CategoryId], [t0].[Description], [t0].[Discount], [t0].[Gender], [t0].[MadeIn], [t0].[ManufacturingDate], [t0].[Picture], [t0].[ProductName], [t0].[Quantity0], [t0].[ReturnPolicy], [t0].[ShoeType], [t0].[UnitPrice], [t0].[WarrantyPeriod]
FROM (
    SELECT TOP(1) [c].[CartId], [c].[CartDate], [c].[CustomerId]
    FROM [Carts] AS [c]
    WHERE [c].[CartId] = @__cartId_0
) AS [t]
LEFT JOIN (
    SELECT [c0].[CartItemId], [c0].[CartId], [c0].[ProductId], [c0].[Quantity], [c0].[Size], [p].[ProductId] AS [ProductId0], [p].[CategoryId], [p].[Description], [p].[Discount], [p].[Gender], [p].[MadeIn], [p].[ManufacturingDate], [p].[Picture], [p].[ProductName], [p].[Quantity] AS [Quantity0], [p].[ReturnPolicy], [p].[ShoeType], [p].[UnitPrice], [p].[WarrantyPeriod]
    FROM [CartItems] AS [c0]
    INNER JOIN [Products] AS [p] ON [c0].[ProductId] = [p].[ProductId]
) AS [t0] ON [t].[CartId] = [t0].[CartId]
ORDER BY [t].[CartId], [t0].[CartItemId]
2026-05-15 01:51:58.718 +05:30 [INF] Start processing HTTP request POST https://api.razorpay.com/v1/orders
2026-05-15 01:51:58.719 +05:30 [INF] Sending HTTP request POST https://api.razorpay.com/v1/orders
2026-05-15 01:51:58.966 +05:30 [INF] Received HTTP response headers after 246.7281ms - 401
2026-05-15 01:51:58.967 +05:30 [INF] End processing HTTP request after 249.7983ms - 401
2026-05-15 01:51:58.971 +05:30 [INF] Executing ObjectResult, writing value of type '<>f__AnonymousType2`1[[System.String, System.Private.CoreLib, Version=8.0.0.0, Culture=neutral, PublicKeyToken=7cec85d7bea7798e]]'.
2026-05-15 01:51:58.973 +05:30 [INF] Executed action eCommerce.Api.Controllers.v1.CartsController.CreateRazorpayOrder (eCommerce.Api) in 401.8027ms
2026-05-15 01:51:58.973 +05:30 [INF] Executed endpoint 'eCommerce.Api.Controllers.v1.CartsController.CreateRazorpayOrder (eCommerce.Api)'
2026-05-15 01:51:58.973 +05:30 [INF] Request finished HTTP/2 POST https://localhost:7274/api/v1/Carts/create-razorpay-order?cartId=34 - 401 null application/json; charset=utf-8 420.2736ms
2026-05-15 01:54:43.958 +05:30 [INF] Request starting HTTP/2 OPTIONS https://localhost:7274/api/v1/CartItems - null null
2026-05-15 01:54:44.345 +05:30 [INF] CORS policy execution successful.
2026-05-15 01:54:44.374 +05:30 [INF] Request finished HTTP/2 OPTIONS https://localhost:7274/api/v1/CartItems - 204 null null 501.9816ms
2026-05-15 01:54:44.409 +05:30 [INF] Request starting HTTP/2 GET https://localhost:7274/api/v1/CartItems - application/json null
2026-05-15 01:54:44.445 +05:30 [INF] CORS policy execution successful.
2026-05-15 01:54:44.677 +05:30 [INF] Executing endpoint 'eCommerce.Api.Controllers.v1.CartItemsController.GetAllcartItems (eCommerce.Api)'
2026-05-15 01:54:44.712 +05:30 [INF] Route matched with {action = "GetAllcartItems", controller = "CartItems"}. Executing controller action with signature System.Threading.Tasks.Task`1[Microsoft.AspNetCore.Mvc.ActionResult`1[System.Collections.Generic.IEnumerable`1[eCommerce.Application.DTOs.CartItem.CartItemDto]]] GetAllcartItems() on controller eCommerce.Api.Controllers.v1.CartItemsController (eCommerce.Api).
2026-05-15 01:54:45.688 +05:30 [INF] Executed DbCommand (530ms) [Parameters=[], CommandType='"Text"', CommandTimeout='30']
SELECT [c].[CartItemId], [c].[CartId], [c].[ProductId], [c].[Quantity], [c].[Size]
FROM [CartItems] AS [c]
2026-05-15 01:54:45.787 +05:30 [INF] Executing OkObjectResult, writing value of type 'System.Collections.Generic.List`1[[eCommerce.Application.DTOs.CartItem.CartItemDto, eCommerce.Application, Version=1.0.0.0, Culture=neutral, PublicKeyToken=null]]'.
2026-05-15 01:54:45.850 +05:30 [INF] Executed action eCommerce.Api.Controllers.v1.CartItemsController.GetAllcartItems (eCommerce.Api) in 1133.6588ms
2026-05-15 01:54:45.850 +05:30 [INF] Executed endpoint 'eCommerce.Api.Controllers.v1.CartItemsController.GetAllcartItems (eCommerce.Api)'
2026-05-15 01:54:45.853 +05:30 [INF] Request finished HTTP/2 GET https://localhost:7274/api/v1/CartItems - 200 null application/json; charset=utf-8 1444.0291ms
2026-05-15 01:54:45.870 +05:30 [INF] Request starting HTTP/2 OPTIONS https://localhost:7274/api/v1/products/1002 - null null
2026-05-15 01:54:45.899 +05:30 [INF] CORS policy execution successful.
2026-05-15 01:54:45.901 +05:30 [INF] Request finished HTTP/2 OPTIONS https://localhost:7274/api/v1/products/1002 - 204 null null 32.8529ms
2026-05-15 01:54:45.910 +05:30 [INF] Request starting HTTP/2 GET https://localhost:7274/api/v1/products/1002 - application/json null
2026-05-15 01:54:45.911 +05:30 [INF] CORS policy execution successful.
2026-05-15 01:54:45.941 +05:30 [INF] Executing endpoint 'eCommerce.Api.Controllers.v1.ProductsController.GetProductDetails (eCommerce.Api)'
2026-05-15 01:54:45.943 +05:30 [INF] Route matched with {action = "GetProductDetails", controller = "Products"}. Executing controller action with signature System.Threading.Tasks.Task`1[Microsoft.AspNetCore.Mvc.ActionResult`1[eCommerce.Application.DTOs.Product.ProductDto]] GetProductDetails(Int32) on controller eCommerce.Api.Controllers.v1.ProductsController (eCommerce.Api).
2026-05-15 01:54:46.666 +05:30 [INF] Executed DbCommand (390ms) [Parameters=[@__p_0='?' (DbType = Int32)], CommandType='"Text"', CommandTimeout='30']
SELECT TOP(1) [p].[ProductId], [p].[CategoryId], [p].[Description], [p].[Discount], [p].[Gender], [p].[MadeIn], [p].[ManufacturingDate], [p].[Picture], [p].[ProductName], [p].[Quantity], [p].[ReturnPolicy], [p].[ShoeType], [p].[UnitPrice], [p].[WarrantyPeriod]
FROM [Products] AS [p]
WHERE [p].[ProductId] = @__p_0
2026-05-15 01:54:46.688 +05:30 [INF] Executing OkObjectResult, writing value of type 'eCommerce.Application.DTOs.Product.ProductDto'.
2026-05-15 01:54:46.783 +05:30 [INF] Executed action eCommerce.Api.Controllers.v1.ProductsController.GetProductDetails (eCommerce.Api) in 839.1155ms
2026-05-15 01:54:46.790 +05:30 [INF] Executed endpoint 'eCommerce.Api.Controllers.v1.ProductsController.GetProductDetails (eCommerce.Api)'
2026-05-15 01:54:46.794 +05:30 [INF] Request finished HTTP/2 GET https://localhost:7274/api/v1/products/1002 - 499 null application/json; charset=utf-8 885.7233ms
2026-05-15 01:54:46.919 +05:30 [INF] Request starting HTTP/2 GET https://localhost:7274/api/v1/CartItems - application/json null
2026-05-15 01:54:46.958 +05:30 [INF] CORS policy execution successful.
2026-05-15 01:54:46.959 +05:30 [INF] Executing endpoint 'eCommerce.Api.Controllers.v1.CartItemsController.GetAllcartItems (eCommerce.Api)'
2026-05-15 01:54:46.959 +05:30 [INF] Route matched with {action = "GetAllcartItems", controller = "CartItems"}. Executing controller action with signature System.Threading.Tasks.Task`1[Microsoft.AspNetCore.Mvc.ActionResult`1[System.Collections.Generic.IEnumerable`1[eCommerce.Application.DTOs.CartItem.CartItemDto]]] GetAllcartItems() on controller eCommerce.Api.Controllers.v1.CartItemsController (eCommerce.Api).
2026-05-15 01:54:47.068 +05:30 [INF] Executed DbCommand (81ms) [Parameters=[], CommandType='"Text"', CommandTimeout='30']
SELECT [c].[CartItemId], [c].[CartId], [c].[ProductId], [c].[Quantity], [c].[Size]
FROM [CartItems] AS [c]
2026-05-15 01:54:47.089 +05:30 [INF] Executing OkObjectResult, writing value of type 'System.Collections.Generic.List`1[[eCommerce.Application.DTOs.CartItem.CartItemDto, eCommerce.Application, Version=1.0.0.0, Culture=neutral, PublicKeyToken=null]]'.
2026-05-15 01:54:47.090 +05:30 [INF] Executed action eCommerce.Api.Controllers.v1.CartItemsController.GetAllcartItems (eCommerce.Api) in 130.4175ms
2026-05-15 01:54:47.090 +05:30 [INF] Executed endpoint 'eCommerce.Api.Controllers.v1.CartItemsController.GetAllcartItems (eCommerce.Api)'
2026-05-15 01:54:47.093 +05:30 [INF] Request finished HTTP/2 GET https://localhost:7274/api/v1/CartItems - 200 null application/json; charset=utf-8 178.739ms
2026-05-15 01:54:47.144 +05:30 [INF] Request starting HTTP/2 GET https://localhost:7274/api/v1/products/1002 - application/json null
2026-05-15 01:54:47.146 +05:30 [INF] CORS policy execution successful.
2026-05-15 01:54:47.149 +05:30 [INF] Executing endpoint 'eCommerce.Api.Controllers.v1.ProductsController.GetProductDetails (eCommerce.Api)'
2026-05-15 01:54:47.150 +05:30 [INF] Route matched with {action = "GetProductDetails", controller = "Products"}. Executing controller action with signature System.Threading.Tasks.Task`1[Microsoft.AspNetCore.Mvc.ActionResult`1[eCommerce.Application.DTOs.Product.ProductDto]] GetProductDetails(Int32) on controller eCommerce.Api.Controllers.v1.ProductsController (eCommerce.Api).
2026-05-15 01:54:47.228 +05:30 [INF] Executed DbCommand (31ms) [Parameters=[@__p_0='?' (DbType = Int32)], CommandType='"Text"', CommandTimeout='30']
SELECT TOP(1) [p].[ProductId], [p].[CategoryId], [p].[Description], [p].[Discount], [p].[Gender], [p].[MadeIn], [p].[ManufacturingDate], [p].[Picture], [p].[ProductName], [p].[Quantity], [p].[ReturnPolicy], [p].[ShoeType], [p].[UnitPrice], [p].[WarrantyPeriod]
FROM [Products] AS [p]
WHERE [p].[ProductId] = @__p_0
2026-05-15 01:54:47.232 +05:30 [INF] Executing OkObjectResult, writing value of type 'eCommerce.Application.DTOs.Product.ProductDto'.
2026-05-15 01:54:47.233 +05:30 [INF] Executed action eCommerce.Api.Controllers.v1.ProductsController.GetProductDetails (eCommerce.Api) in 82.7022ms
2026-05-15 01:54:47.233 +05:30 [INF] Executed endpoint 'eCommerce.Api.Controllers.v1.ProductsController.GetProductDetails (eCommerce.Api)'
2026-05-15 01:54:47.241 +05:30 [INF] Request finished HTTP/2 GET https://localhost:7274/api/v1/products/1002 - 200 null application/json; charset=utf-8 90.6429ms
2026-05-15 01:54:50.694 +05:30 [INF] Request starting HTTP/2 OPTIONS https://localhost:7274/api/v1/Carts/create-razorpay-order?cartId=34 - null null
2026-05-15 01:54:50.707 +05:30 [INF] CORS policy execution successful.
2026-05-15 01:54:50.707 +05:30 [INF] Request finished HTTP/2 OPTIONS https://localhost:7274/api/v1/Carts/create-razorpay-order?cartId=34 - 204 null null 12.4155ms
2026-05-15 01:54:50.717 +05:30 [INF] Request starting HTTP/2 POST https://localhost:7274/api/v1/Carts/create-razorpay-order?cartId=34 - application/json 2
2026-05-15 01:54:50.719 +05:30 [INF] CORS policy execution successful.
2026-05-15 01:54:50.720 +05:30 [INF] Executing endpoint 'eCommerce.Api.Controllers.v1.CartsController.CreateRazorpayOrder (eCommerce.Api)'
2026-05-15 01:54:50.722 +05:30 [INF] Route matched with {action = "CreateRazorpayOrder", controller = "Carts"}. Executing controller action with signature System.Threading.Tasks.Task`1[Microsoft.AspNetCore.Mvc.ActionResult] CreateRazorpayOrder(Int32) on controller eCommerce.Api.Controllers.v1.CartsController (eCommerce.Api).
2026-05-15 01:54:50.883 +05:30 [INF] Executed DbCommand (121ms) [Parameters=[@__cartId_0='?' (DbType = Int32)], CommandType='"Text"', CommandTimeout='30']
SELECT [t].[CartId], [t].[CartDate], [t].[CustomerId], [t0].[CartItemId], [t0].[CartId], [t0].[ProductId], [t0].[Quantity], [t0].[Size], [t0].[ProductId0], [t0].[CategoryId], [t0].[Description], [t0].[Discount], [t0].[Gender], [t0].[MadeIn], [t0].[ManufacturingDate], [t0].[Picture], [t0].[ProductName], [t0].[Quantity0], [t0].[ReturnPolicy], [t0].[ShoeType], [t0].[UnitPrice], [t0].[WarrantyPeriod]
FROM (
    SELECT TOP(1) [c].[CartId], [c].[CartDate], [c].[CustomerId]
    FROM [Carts] AS [c]
    WHERE [c].[CartId] = @__cartId_0
) AS [t]
LEFT JOIN (
    SELECT [c0].[CartItemId], [c0].[CartId], [c0].[ProductId], [c0].[Quantity], [c0].[Size], [p].[ProductId] AS [ProductId0], [p].[CategoryId], [p].[Description], [p].[Discount], [p].[Gender], [p].[MadeIn], [p].[ManufacturingDate], [p].[Picture], [p].[ProductName], [p].[Quantity] AS [Quantity0], [p].[ReturnPolicy], [p].[ShoeType], [p].[UnitPrice], [p].[WarrantyPeriod]
    FROM [CartItems] AS [c0]
    INNER JOIN [Products] AS [p] ON [c0].[ProductId] = [p].[ProductId]
) AS [t0] ON [t].[CartId] = [t0].[CartId]
ORDER BY [t].[CartId], [t0].[CartItemId]
2026-05-15 01:54:50.973 +05:30 [INF] Start processing HTTP request POST https://api.razorpay.com/v1/orders
2026-05-15 01:54:50.975 +05:30 [INF] Sending HTTP request POST https://api.razorpay.com/v1/orders
2026-05-15 01:54:51.140 +05:30 [INF] Received HTTP response headers after 164.5818ms - 401
2026-05-15 01:54:51.140 +05:30 [INF] End processing HTTP request after 167.1157ms - 401
2026-05-15 01:54:51.154 +05:30 [INF] Executing ObjectResult, writing value of type '<>f__AnonymousType2`1[[System.String, System.Private.CoreLib, Version=8.0.0.0, Culture=neutral, PublicKeyToken=7cec85d7bea7798e]]'.
2026-05-15 01:54:51.159 +05:30 [INF] Executed action eCommerce.Api.Controllers.v1.CartsController.CreateRazorpayOrder (eCommerce.Api) in 436.8557ms
2026-05-15 01:54:51.159 +05:30 [INF] Executed endpoint 'eCommerce.Api.Controllers.v1.CartsController.CreateRazorpayOrder (eCommerce.Api)'
2026-05-15 01:54:51.159 +05:30 [INF] Request finished HTTP/2 POST https://localhost:7274/api/v1/Carts/create-razorpay-order?cartId=34 - 401 null application/json; charset=utf-8 446.0995ms
2026-05-15 01:56:10.669 +05:30 [INF] Request starting HTTP/2 OPTIONS https://localhost:7274/api/v1/CartItems - null null
2026-05-15 01:56:11.558 +05:30 [INF] CORS policy execution successful.
2026-05-15 01:56:11.684 +05:30 [INF] Request finished HTTP/2 OPTIONS https://localhost:7274/api/v1/CartItems - 204 null null 1152.2778ms
2026-05-15 01:56:11.807 +05:30 [INF] Request starting HTTP/2 GET https://localhost:7274/api/v1/CartItems - application/json null
2026-05-15 01:56:11.848 +05:30 [INF] CORS policy execution successful.
2026-05-15 01:56:12.059 +05:30 [INF] Executing endpoint 'eCommerce.Api.Controllers.v1.CartItemsController.GetAllcartItems (eCommerce.Api)'
2026-05-15 01:56:12.101 +05:30 [INF] Route matched with {action = "GetAllcartItems", controller = "CartItems"}. Executing controller action with signature System.Threading.Tasks.Task`1[Microsoft.AspNetCore.Mvc.ActionResult`1[System.Collections.Generic.IEnumerable`1[eCommerce.Application.DTOs.CartItem.CartItemDto]]] GetAllcartItems() on controller eCommerce.Api.Controllers.v1.CartItemsController (eCommerce.Api).
2026-05-15 01:56:14.292 +05:30 [INF] Request starting HTTP/2 GET https://localhost:7274/api/v1/CartItems - application/json null
2026-05-15 01:56:14.357 +05:30 [INF] CORS policy execution successful.
2026-05-15 01:56:14.390 +05:30 [INF] Executing endpoint 'eCommerce.Api.Controllers.v1.CartItemsController.GetAllcartItems (eCommerce.Api)'
2026-05-15 01:56:14.390 +05:30 [INF] Route matched with {action = "GetAllcartItems", controller = "CartItems"}. Executing controller action with signature System.Threading.Tasks.Task`1[Microsoft.AspNetCore.Mvc.ActionResult`1[System.Collections.Generic.IEnumerable`1[eCommerce.Application.DTOs.CartItem.CartItemDto]]] GetAllcartItems() on controller eCommerce.Api.Controllers.v1.CartItemsController (eCommerce.Api).
2026-05-15 01:56:15.800 +05:30 [INF] Executed DbCommand (3,009ms) [Parameters=[], CommandType='"Text"', CommandTimeout='30']
SELECT [c].[CartItemId], [c].[CartId], [c].[ProductId], [c].[Quantity], [c].[Size]
FROM [CartItems] AS [c]
2026-05-15 01:56:15.944 +05:30 [INF] Executing OkObjectResult, writing value of type 'System.Collections.Generic.List`1[[eCommerce.Application.DTOs.CartItem.CartItemDto, eCommerce.Application, Version=1.0.0.0, Culture=neutral, PublicKeyToken=null]]'.
2026-05-15 01:56:15.959 +05:30 [INF] Executed DbCommand (135ms) [Parameters=[], CommandType='"Text"', CommandTimeout='30']
SELECT [c].[CartItemId], [c].[CartId], [c].[ProductId], [c].[Quantity], [c].[Size]
FROM [CartItems] AS [c]
2026-05-15 01:56:15.963 +05:30 [INF] Executing OkObjectResult, writing value of type 'System.Collections.Generic.List`1[[eCommerce.Application.DTOs.CartItem.CartItemDto, eCommerce.Application, Version=1.0.0.0, Culture=neutral, PublicKeyToken=null]]'.
2026-05-15 01:56:15.999 +05:30 [INF] Executed action eCommerce.Api.Controllers.v1.CartItemsController.GetAllcartItems (eCommerce.Api) in 1600.6056ms
2026-05-15 01:56:15.999 +05:30 [INF] Executed endpoint 'eCommerce.Api.Controllers.v1.CartItemsController.GetAllcartItems (eCommerce.Api)'
2026-05-15 01:56:16.068 +05:30 [INF] Request finished HTTP/2 GET https://localhost:7274/api/v1/CartItems - 200 null application/json; charset=utf-8 1779.7207ms
2026-05-15 01:56:16.121 +05:30 [INF] Request starting HTTP/2 OPTIONS https://localhost:7274/api/v1/products/1002 - null null
2026-05-15 01:56:16.136 +05:30 [INF] CORS policy execution successful.
2026-05-15 01:56:16.138 +05:30 [INF] Request finished HTTP/2 OPTIONS https://localhost:7274/api/v1/products/1002 - 204 null null 16.4938ms
2026-05-15 01:56:16.145 +05:30 [INF] Executed action eCommerce.Api.Controllers.v1.CartItemsController.GetAllcartItems (eCommerce.Api) in 4040.5155ms
2026-05-15 01:56:16.145 +05:30 [INF] Executed endpoint 'eCommerce.Api.Controllers.v1.CartItemsController.GetAllcartItems (eCommerce.Api)'
2026-05-15 01:56:16.146 +05:30 [INF] Request starting HTTP/2 GET https://localhost:7274/api/v1/products/1002 - application/json null
2026-05-15 01:56:16.146 +05:30 [INF] Request finished HTTP/2 GET https://localhost:7274/api/v1/CartItems - 499 null application/json; charset=utf-8 4346.493ms
2026-05-15 01:56:16.148 +05:30 [INF] CORS policy execution successful.
2026-05-15 01:56:16.151 +05:30 [INF] Executing endpoint 'eCommerce.Api.Controllers.v1.ProductsController.GetProductDetails (eCommerce.Api)'
2026-05-15 01:56:16.154 +05:30 [INF] Route matched with {action = "GetProductDetails", controller = "Products"}. Executing controller action with signature System.Threading.Tasks.Task`1[Microsoft.AspNetCore.Mvc.ActionResult`1[eCommerce.Application.DTOs.Product.ProductDto]] GetProductDetails(Int32) on controller eCommerce.Api.Controllers.v1.ProductsController (eCommerce.Api).
2026-05-15 01:56:16.563 +05:30 [INF] Executed DbCommand (190ms) [Parameters=[@__p_0='?' (DbType = Int32)], CommandType='"Text"', CommandTimeout='30']
SELECT TOP(1) [p].[ProductId], [p].[CategoryId], [p].[Description], [p].[Discount], [p].[Gender], [p].[MadeIn], [p].[ManufacturingDate], [p].[Picture], [p].[ProductName], [p].[Quantity], [p].[ReturnPolicy], [p].[ShoeType], [p].[UnitPrice], [p].[WarrantyPeriod]
FROM [Products] AS [p]
WHERE [p].[ProductId] = @__p_0
2026-05-15 01:56:16.583 +05:30 [INF] Executing OkObjectResult, writing value of type 'eCommerce.Application.DTOs.Product.ProductDto'.
2026-05-15 01:56:16.593 +05:30 [INF] Executed action eCommerce.Api.Controllers.v1.ProductsController.GetProductDetails (eCommerce.Api) in 438.6824ms
2026-05-15 01:56:16.593 +05:30 [INF] Executed endpoint 'eCommerce.Api.Controllers.v1.ProductsController.GetProductDetails (eCommerce.Api)'
2026-05-15 01:56:16.594 +05:30 [INF] Request finished HTTP/2 GET https://localhost:7274/api/v1/products/1002 - 200 null application/json; charset=utf-8 448.2863ms
2026-05-15 01:56:17.306 +05:30 [INF] Request starting HTTP/2 OPTIONS https://localhost:7274/api/v1/products - null null
2026-05-15 01:56:17.312 +05:30 [INF] CORS policy execution successful.
2026-05-15 01:56:17.313 +05:30 [INF] Request starting HTTP/2 OPTIONS https://localhost:7274/api/v1/products - null null
2026-05-15 01:56:17.313 +05:30 [INF] Request finished HTTP/2 OPTIONS https://localhost:7274/api/v1/products - 204 null null 7.3227ms
2026-05-15 01:56:17.313 +05:30 [INF] CORS policy execution successful.
2026-05-15 01:56:17.316 +05:30 [INF] Request finished HTTP/2 OPTIONS https://localhost:7274/api/v1/products - 204 null null 3.2691ms
2026-05-15 01:56:17.321 +05:30 [INF] Request starting HTTP/2 GET https://localhost:7274/api/v1/products - application/json null
2026-05-15 01:56:17.324 +05:30 [INF] CORS policy execution successful.
2026-05-15 01:56:17.326 +05:30 [INF] Executing endpoint 'eCommerce.Api.Controllers.v1.ProductsController.GetAllProducts (eCommerce.Api)'
2026-05-15 01:56:17.328 +05:30 [INF] Route matched with {action = "GetAllProducts", controller = "Products"}. Executing controller action with signature System.Threading.Tasks.Task`1[Microsoft.AspNetCore.Mvc.ActionResult`1[System.Collections.Generic.IEnumerable`1[eCommerce.Application.DTOs.Product.ProductDto]]] GetAllProducts() on controller eCommerce.Api.Controllers.v1.ProductsController (eCommerce.Api).
2026-05-15 01:56:17.367 +05:30 [INF] Executed DbCommand (30ms) [Parameters=[], CommandType='"Text"', CommandTimeout='30']
SELECT [p].[ProductId], [p].[CategoryId], [p].[Description], [p].[Discount], [p].[Gender], [p].[MadeIn], [p].[ManufacturingDate], [p].[Picture], [p].[ProductName], [p].[Quantity], [p].[ReturnPolicy], [p].[ShoeType], [p].[UnitPrice], [p].[WarrantyPeriod]
FROM [Products] AS [p]
2026-05-15 01:56:17.379 +05:30 [INF] Executing OkObjectResult, writing value of type 'System.Collections.Generic.List`1[[eCommerce.Application.DTOs.Product.ProductDto, eCommerce.Application, Version=1.0.0.0, Culture=neutral, PublicKeyToken=null]]'.
2026-05-15 01:56:17.412 +05:30 [INF] Executed action eCommerce.Api.Controllers.v1.ProductsController.GetAllProducts (eCommerce.Api) in 84.0583ms
2026-05-15 01:56:17.412 +05:30 [INF] Executed endpoint 'eCommerce.Api.Controllers.v1.ProductsController.GetAllProducts (eCommerce.Api)'
2026-05-15 01:56:17.413 +05:30 [INF] Request finished HTTP/2 GET https://localhost:7274/api/v1/products - 200 null application/json; charset=utf-8 92.6114ms
2026-05-15 01:56:17.464 +05:30 [INF] Request starting HTTP/2 GET https://localhost:7274/api/v1/products - application/json null
2026-05-15 01:56:17.465 +05:30 [INF] CORS policy execution successful.
2026-05-15 01:56:17.471 +05:30 [INF] Executing endpoint 'eCommerce.Api.Controllers.v1.ProductsController.GetAllProducts (eCommerce.Api)'
2026-05-15 01:56:17.471 +05:30 [INF] Route matched with {action = "GetAllProducts", controller = "Products"}. Executing controller action with signature System.Threading.Tasks.Task`1[Microsoft.AspNetCore.Mvc.ActionResult`1[System.Collections.Generic.IEnumerable`1[eCommerce.Application.DTOs.Product.ProductDto]]] GetAllProducts() on controller eCommerce.Api.Controllers.v1.ProductsController (eCommerce.Api).
2026-05-15 01:56:17.532 +05:30 [INF] Executed DbCommand (26ms) [Parameters=[], CommandType='"Text"', CommandTimeout='30']
SELECT [p].[ProductId], [p].[CategoryId], [p].[Description], [p].[Discount], [p].[Gender], [p].[MadeIn], [p].[ManufacturingDate], [p].[Picture], [p].[ProductName], [p].[Quantity], [p].[ReturnPolicy], [p].[ShoeType], [p].[UnitPrice], [p].[WarrantyPeriod]
FROM [Products] AS [p]
2026-05-15 01:56:17.533 +05:30 [INF] Executing OkObjectResult, writing value of type 'System.Collections.Generic.List`1[[eCommerce.Application.DTOs.Product.ProductDto, eCommerce.Application, Version=1.0.0.0, Culture=neutral, PublicKeyToken=null]]'.
2026-05-15 01:56:17.546 +05:30 [INF] Executed action eCommerce.Api.Controllers.v1.ProductsController.GetAllProducts (eCommerce.Api) in 74.7257ms
2026-05-15 01:56:17.547 +05:30 [INF] Executed endpoint 'eCommerce.Api.Controllers.v1.ProductsController.GetAllProducts (eCommerce.Api)'
2026-05-15 01:56:17.548 +05:30 [INF] Request finished HTTP/2 GET https://localhost:7274/api/v1/products - 200 null application/json; charset=utf-8 83.6032ms
2026-05-15 01:56:18.190 +05:30 [INF] Request starting HTTP/2 OPTIONS https://localhost:7274/api/v1/CartItems - null null
2026-05-15 01:56:18.193 +05:30 [INF] CORS policy execution successful.
2026-05-15 01:56:18.193 +05:30 [INF] Request finished HTTP/2 OPTIONS https://localhost:7274/api/v1/CartItems - 204 null null 3.9216ms
2026-05-15 01:56:18.200 +05:30 [INF] Request starting HTTP/2 GET https://localhost:7274/api/v1/CartItems - application/json null
2026-05-15 01:56:18.201 +05:30 [INF] CORS policy execution successful.
2026-05-15 01:56:18.203 +05:30 [INF] Executing endpoint 'eCommerce.Api.Controllers.v1.CartItemsController.GetAllcartItems (eCommerce.Api)'
2026-05-15 01:56:18.204 +05:30 [INF] Route matched with {action = "GetAllcartItems", controller = "CartItems"}. Executing controller action with signature System.Threading.Tasks.Task`1[Microsoft.AspNetCore.Mvc.ActionResult`1[System.Collections.Generic.IEnumerable`1[eCommerce.Application.DTOs.CartItem.CartItemDto]]] GetAllcartItems() on controller eCommerce.Api.Controllers.v1.CartItemsController (eCommerce.Api).
2026-05-15 01:56:18.249 +05:30 [INF] Executed DbCommand (5ms) [Parameters=[], CommandType='"Text"', CommandTimeout='30']
SELECT [c].[CartItemId], [c].[CartId], [c].[ProductId], [c].[Quantity], [c].[Size]
FROM [CartItems] AS [c]
2026-05-15 01:56:18.274 +05:30 [INF] Executing OkObjectResult, writing value of type 'System.Collections.Generic.List`1[[eCommerce.Application.DTOs.CartItem.CartItemDto, eCommerce.Application, Version=1.0.0.0, Culture=neutral, PublicKeyToken=null]]'.
2026-05-15 01:56:18.276 +05:30 [INF] Executed action eCommerce.Api.Controllers.v1.CartItemsController.GetAllcartItems (eCommerce.Api) in 42.6361ms
2026-05-15 01:56:18.276 +05:30 [INF] Executed endpoint 'eCommerce.Api.Controllers.v1.CartItemsController.GetAllcartItems (eCommerce.Api)'
2026-05-15 01:56:18.276 +05:30 [INF] Request finished HTTP/2 GET https://localhost:7274/api/v1/CartItems - 200 null application/json; charset=utf-8 77.4043ms
2026-05-15 01:56:18.435 +05:30 [INF] Request starting HTTP/2 GET https://localhost:7274/api/v1/products/1002 - application/json null
2026-05-15 01:56:18.436 +05:30 [INF] CORS policy execution successful.
2026-05-15 01:56:18.437 +05:30 [INF] Executing endpoint 'eCommerce.Api.Controllers.v1.ProductsController.GetProductDetails (eCommerce.Api)'
2026-05-15 01:56:18.437 +05:30 [INF] Route matched with {action = "GetProductDetails", controller = "Products"}. Executing controller action with signature System.Threading.Tasks.Task`1[Microsoft.AspNetCore.Mvc.ActionResult`1[eCommerce.Application.DTOs.Product.ProductDto]] GetProductDetails(Int32) on controller eCommerce.Api.Controllers.v1.ProductsController (eCommerce.Api).
2026-05-15 01:56:18.505 +05:30 [INF] Executed DbCommand (37ms) [Parameters=[@__p_0='?' (DbType = Int32)], CommandType='"Text"', CommandTimeout='30']
SELECT TOP(1) [p].[ProductId], [p].[CategoryId], [p].[Description], [p].[Discount], [p].[Gender], [p].[MadeIn], [p].[ManufacturingDate], [p].[Picture], [p].[ProductName], [p].[Quantity], [p].[ReturnPolicy], [p].[ShoeType], [p].[UnitPrice], [p].[WarrantyPeriod]
FROM [Products] AS [p]
WHERE [p].[ProductId] = @__p_0
2026-05-15 01:56:18.509 +05:30 [INF] Executing OkObjectResult, writing value of type 'eCommerce.Application.DTOs.Product.ProductDto'.
2026-05-15 01:56:18.510 +05:30 [INF] Executed action eCommerce.Api.Controllers.v1.ProductsController.GetProductDetails (eCommerce.Api) in 72.8857ms
2026-05-15 01:56:18.510 +05:30 [INF] Executed endpoint 'eCommerce.Api.Controllers.v1.ProductsController.GetProductDetails (eCommerce.Api)'
2026-05-15 01:56:18.513 +05:30 [INF] Request finished HTTP/2 GET https://localhost:7274/api/v1/products/1002 - 200 null application/json; charset=utf-8 77.8823ms
2026-05-15 01:56:20.874 +05:30 [INF] Request starting HTTP/2 GET https://localhost:7274/api/v1/CartItems - application/json null
2026-05-15 01:56:20.892 +05:30 [INF] CORS policy execution successful.
2026-05-15 01:56:20.893 +05:30 [INF] Executing endpoint 'eCommerce.Api.Controllers.v1.CartItemsController.GetAllcartItems (eCommerce.Api)'
2026-05-15 01:56:20.894 +05:30 [INF] Route matched with {action = "GetAllcartItems", controller = "CartItems"}. Executing controller action with signature System.Threading.Tasks.Task`1[Microsoft.AspNetCore.Mvc.ActionResult`1[System.Collections.Generic.IEnumerable`1[eCommerce.Application.DTOs.CartItem.CartItemDto]]] GetAllcartItems() on controller eCommerce.Api.Controllers.v1.CartItemsController (eCommerce.Api).
2026-05-15 01:56:20.942 +05:30 [INF] Executed DbCommand (18ms) [Parameters=[], CommandType='"Text"', CommandTimeout='30']
SELECT [c].[CartItemId], [c].[CartId], [c].[ProductId], [c].[Quantity], [c].[Size]
FROM [CartItems] AS [c]
2026-05-15 01:56:20.946 +05:30 [INF] Executing OkObjectResult, writing value of type 'System.Collections.Generic.List`1[[eCommerce.Application.DTOs.CartItem.CartItemDto, eCommerce.Application, Version=1.0.0.0, Culture=neutral, PublicKeyToken=null]]'.
2026-05-15 01:56:20.949 +05:30 [INF] Executed action eCommerce.Api.Controllers.v1.CartItemsController.GetAllcartItems (eCommerce.Api) in 54.1769ms
2026-05-15 01:56:20.950 +05:30 [INF] Executed endpoint 'eCommerce.Api.Controllers.v1.CartItemsController.GetAllcartItems (eCommerce.Api)'
2026-05-15 01:56:20.950 +05:30 [INF] Request finished HTTP/2 GET https://localhost:7274/api/v1/CartItems - 200 null application/json; charset=utf-8 76.6296ms
2026-05-15 01:56:20.984 +05:30 [INF] Request starting HTTP/2 GET https://localhost:7274/api/v1/products/1002 - application/json null
2026-05-15 01:56:20.985 +05:30 [INF] CORS policy execution successful.
2026-05-15 01:56:20.987 +05:30 [INF] Executing endpoint 'eCommerce.Api.Controllers.v1.ProductsController.GetProductDetails (eCommerce.Api)'
2026-05-15 01:56:20.987 +05:30 [INF] Route matched with {action = "GetProductDetails", controller = "Products"}. Executing controller action with signature System.Threading.Tasks.Task`1[Microsoft.AspNetCore.Mvc.ActionResult`1[eCommerce.Application.DTOs.Product.ProductDto]] GetProductDetails(Int32) on controller eCommerce.Api.Controllers.v1.ProductsController (eCommerce.Api).
2026-05-15 01:56:21.084 +05:30 [INF] Executed DbCommand (76ms) [Parameters=[@__p_0='?' (DbType = Int32)], CommandType='"Text"', CommandTimeout='30']
SELECT TOP(1) [p].[ProductId], [p].[CategoryId], [p].[Description], [p].[Discount], [p].[Gender], [p].[MadeIn], [p].[ManufacturingDate], [p].[Picture], [p].[ProductName], [p].[Quantity], [p].[ReturnPolicy], [p].[ShoeType], [p].[UnitPrice], [p].[WarrantyPeriod]
FROM [Products] AS [p]
WHERE [p].[ProductId] = @__p_0
2026-05-15 01:56:21.085 +05:30 [INF] Executing OkObjectResult, writing value of type 'eCommerce.Application.DTOs.Product.ProductDto'.
2026-05-15 01:56:21.086 +05:30 [INF] Executed action eCommerce.Api.Controllers.v1.ProductsController.GetProductDetails (eCommerce.Api) in 97.8255ms
2026-05-15 01:56:21.086 +05:30 [INF] Executed endpoint 'eCommerce.Api.Controllers.v1.ProductsController.GetProductDetails (eCommerce.Api)'
2026-05-15 01:56:21.086 +05:30 [INF] Request finished HTTP/2 GET https://localhost:7274/api/v1/products/1002 - 200 null application/json; charset=utf-8 103.488ms
2026-05-15 01:56:24.789 +05:30 [INF] Request starting HTTP/2 OPTIONS https://localhost:7274/api/v1/Carts/create-razorpay-order?cartId=34 - null null
2026-05-15 01:56:24.810 +05:30 [INF] CORS policy execution successful.
2026-05-15 01:56:24.810 +05:30 [INF] Request finished HTTP/2 OPTIONS https://localhost:7274/api/v1/Carts/create-razorpay-order?cartId=34 - 204 null null 21.2069ms
2026-05-15 01:56:24.817 +05:30 [INF] Request starting HTTP/2 POST https://localhost:7274/api/v1/Carts/create-razorpay-order?cartId=34 - application/json 2
2026-05-15 01:56:24.821 +05:30 [INF] CORS policy execution successful.
2026-05-15 01:56:24.824 +05:30 [INF] Executing endpoint 'eCommerce.Api.Controllers.v1.CartsController.CreateRazorpayOrder (eCommerce.Api)'
2026-05-15 01:56:24.831 +05:30 [INF] Route matched with {action = "CreateRazorpayOrder", controller = "Carts"}. Executing controller action with signature System.Threading.Tasks.Task`1[Microsoft.AspNetCore.Mvc.ActionResult] CreateRazorpayOrder(Int32) on controller eCommerce.Api.Controllers.v1.CartsController (eCommerce.Api).
2026-05-15 01:56:25.089 +05:30 [INF] Executed DbCommand (186ms) [Parameters=[@__cartId_0='?' (DbType = Int32)], CommandType='"Text"', CommandTimeout='30']
SELECT [t].[CartId], [t].[CartDate], [t].[CustomerId], [t0].[CartItemId], [t0].[CartId], [t0].[ProductId], [t0].[Quantity], [t0].[Size], [t0].[ProductId0], [t0].[CategoryId], [t0].[Description], [t0].[Discount], [t0].[Gender], [t0].[MadeIn], [t0].[ManufacturingDate], [t0].[Picture], [t0].[ProductName], [t0].[Quantity0], [t0].[ReturnPolicy], [t0].[ShoeType], [t0].[UnitPrice], [t0].[WarrantyPeriod]
FROM (
    SELECT TOP(1) [c].[CartId], [c].[CartDate], [c].[CustomerId]
    FROM [Carts] AS [c]
    WHERE [c].[CartId] = @__cartId_0
) AS [t]
LEFT JOIN (
    SELECT [c0].[CartItemId], [c0].[CartId], [c0].[ProductId], [c0].[Quantity], [c0].[Size], [p].[ProductId] AS [ProductId0], [p].[CategoryId], [p].[Description], [p].[Discount], [p].[Gender], [p].[MadeIn], [p].[ManufacturingDate], [p].[Picture], [p].[ProductName], [p].[Quantity] AS [Quantity0], [p].[ReturnPolicy], [p].[ShoeType], [p].[UnitPrice], [p].[WarrantyPeriod]
    FROM [CartItems] AS [c0]
    INNER JOIN [Products] AS [p] ON [c0].[ProductId] = [p].[ProductId]
) AS [t0] ON [t].[CartId] = [t0].[CartId]
ORDER BY [t].[CartId], [t0].[CartItemId]
2026-05-15 01:56:25.193 +05:30 [INF] Start processing HTTP request POST https://api.razorpay.com/v1/orders
2026-05-15 01:56:25.199 +05:30 [INF] Sending HTTP request POST https://api.razorpay.com/v1/orders
2026-05-15 01:56:25.562 +05:30 [INF] Received HTTP response headers after 362.195ms - 401
2026-05-15 01:56:25.565 +05:30 [INF] End processing HTTP request after 375.5305ms - 401
2026-05-15 01:56:25.582 +05:30 [INF] Executing ObjectResult, writing value of type '<>f__AnonymousType2`1[[System.String, System.Private.CoreLib, Version=8.0.0.0, Culture=neutral, PublicKeyToken=7cec85d7bea7798e]]'.
2026-05-15 01:56:25.586 +05:30 [INF] Executed action eCommerce.Api.Controllers.v1.CartsController.CreateRazorpayOrder (eCommerce.Api) in 753.9391ms
2026-05-15 01:56:25.586 +05:30 [INF] Executed endpoint 'eCommerce.Api.Controllers.v1.CartsController.CreateRazorpayOrder (eCommerce.Api)'
2026-05-15 01:56:25.586 +05:30 [INF] Request finished HTTP/2 POST https://localhost:7274/api/v1/Carts/create-razorpay-order?cartId=34 - 401 null application/json; charset=utf-8 768.6794ms
2026-05-15 01:56:29.380 +05:30 [INF] Request starting HTTP/2 POST https://localhost:7274/api/v1/Carts/create-razorpay-order?cartId=34 - application/json 2
2026-05-15 01:56:29.383 +05:30 [INF] CORS policy execution successful.
2026-05-15 01:56:29.386 +05:30 [INF] Executing endpoint 'eCommerce.Api.Controllers.v1.CartsController.CreateRazorpayOrder (eCommerce.Api)'
2026-05-15 01:56:29.386 +05:30 [INF] Route matched with {action = "CreateRazorpayOrder", controller = "Carts"}. Executing controller action with signature System.Threading.Tasks.Task`1[Microsoft.AspNetCore.Mvc.ActionResult] CreateRazorpayOrder(Int32) on controller eCommerce.Api.Controllers.v1.CartsController (eCommerce.Api).
2026-05-15 01:56:29.434 +05:30 [INF] Executed DbCommand (26ms) [Parameters=[@__cartId_0='?' (DbType = Int32)], CommandType='"Text"', CommandTimeout='30']
SELECT [t].[CartId], [t].[CartDate], [t].[CustomerId], [t0].[CartItemId], [t0].[CartId], [t0].[ProductId], [t0].[Quantity], [t0].[Size], [t0].[ProductId0], [t0].[CategoryId], [t0].[Description], [t0].[Discount], [t0].[Gender], [t0].[MadeIn], [t0].[ManufacturingDate], [t0].[Picture], [t0].[ProductName], [t0].[Quantity0], [t0].[ReturnPolicy], [t0].[ShoeType], [t0].[UnitPrice], [t0].[WarrantyPeriod]
FROM (
    SELECT TOP(1) [c].[CartId], [c].[CartDate], [c].[CustomerId]
    FROM [Carts] AS [c]
    WHERE [c].[CartId] = @__cartId_0
) AS [t]
LEFT JOIN (
    SELECT [c0].[CartItemId], [c0].[CartId], [c0].[ProductId], [c0].[Quantity], [c0].[Size], [p].[ProductId] AS [ProductId0], [p].[CategoryId], [p].[Description], [p].[Discount], [p].[Gender], [p].[MadeIn], [p].[ManufacturingDate], [p].[Picture], [p].[ProductName], [p].[Quantity] AS [Quantity0], [p].[ReturnPolicy], [p].[ShoeType], [p].[UnitPrice], [p].[WarrantyPeriod]
    FROM [CartItems] AS [c0]
    INNER JOIN [Products] AS [p] ON [c0].[ProductId] = [p].[ProductId]
) AS [t0] ON [t].[CartId] = [t0].[CartId]
ORDER BY [t].[CartId], [t0].[CartItemId]
2026-05-15 01:56:29.438 +05:30 [INF] Start processing HTTP request POST https://api.razorpay.com/v1/orders
2026-05-15 01:56:29.438 +05:30 [INF] Sending HTTP request POST https://api.razorpay.com/v1/orders
2026-05-15 01:56:29.456 +05:30 [INF] Received HTTP response headers after 17.9255ms - 401
2026-05-15 01:56:29.456 +05:30 [INF] End processing HTTP request after 18.5542ms - 401
2026-05-15 01:56:29.457 +05:30 [INF] Executing ObjectResult, writing value of type '<>f__AnonymousType2`1[[System.String, System.Private.CoreLib, Version=8.0.0.0, Culture=neutral, PublicKeyToken=7cec85d7bea7798e]]'.
2026-05-15 01:56:29.459 +05:30 [INF] Executed action eCommerce.Api.Controllers.v1.CartsController.CreateRazorpayOrder (eCommerce.Api) in 72.7521ms
2026-05-15 01:56:29.459 +05:30 [INF] Executed endpoint 'eCommerce.Api.Controllers.v1.CartsController.CreateRazorpayOrder (eCommerce.Api)'
2026-05-15 01:56:29.460 +05:30 [INF] Request finished HTTP/2 POST https://localhost:7274/api/v1/Carts/create-razorpay-order?cartId=34 - 401 null application/json; charset=utf-8 79.6793ms
2026-05-15 02:01:44.201 +05:30 [INF] User profile is available. Using 'C:\Users\pilli\AppData\Local\ASP.NET\DataProtection-Keys' as key repository and Windows DPAPI to encrypt keys at rest.
2026-05-15 02:01:45.399 +05:30 [INF] Now listening on: https://localhost:7274
2026-05-15 02:01:45.401 +05:30 [INF] Now listening on: http://localhost:5169
2026-05-15 02:01:46.042 +05:30 [INF] Application started. Press Ctrl+C to shut down.
2026-05-15 02:01:46.043 +05:30 [INF] Hosting environment: Development
2026-05-15 02:01:46.043 +05:30 [INF] Content root path: C:\Users\pilli\OneDrive\Desktop\.net&angular training\ASP.NETCoreWebAPI\CleanArchitecture\eCommerce.Api
2026-05-15 02:01:49.355 +05:30 [INF] Request starting HTTP/2 GET https://localhost:7274/swagger/index.html - null null
2026-05-15 02:01:50.271 +05:30 [INF] Request finished HTTP/2 GET https://localhost:7274/swagger/index.html - 200 null text/html;charset=utf-8 943.9612ms
2026-05-15 02:01:50.625 +05:30 [INF] Request starting HTTP/2 GET https://localhost:7274/_vs/browserLink - null null
2026-05-15 02:01:50.625 +05:30 [INF] Request starting HTTP/2 GET https://localhost:7274/_framework/aspnetcore-browser-refresh.js - null null
2026-05-15 02:01:50.685 +05:30 [INF] Request finished HTTP/2 GET https://localhost:7274/_framework/aspnetcore-browser-refresh.js - 200 16511 application/javascript; charset=utf-8 61.3937ms
2026-05-15 02:01:50.864 +05:30 [INF] Request finished HTTP/2 GET https://localhost:7274/_vs/browserLink - 200 null text/javascript; charset=UTF-8 239.2465ms
2026-05-15 02:01:51.345 +05:30 [INF] Request starting HTTP/2 GET https://localhost:7274/swagger/v1/swagger.json - null null
2026-05-15 02:01:51.527 +05:30 [INF] Request finished HTTP/2 GET https://localhost:7274/swagger/v1/swagger.json - 200 null application/json;charset=utf-8 181.8268ms
2026-05-15 02:02:52.173 +05:30 [INF] Request starting HTTP/2 OPTIONS https://localhost:7274/api/v1/products - null null
2026-05-15 02:02:52.173 +05:30 [INF] Request starting HTTP/2 OPTIONS https://localhost:7274/api/v1/products - null null
2026-05-15 02:02:52.753 +05:30 [INF] CORS policy execution successful.
2026-05-15 02:02:52.753 +05:30 [INF] CORS policy execution successful.
2026-05-15 02:02:52.777 +05:30 [INF] Request finished HTTP/2 OPTIONS https://localhost:7274/api/v1/products - 204 null null 625.3408ms
2026-05-15 02:02:52.777 +05:30 [INF] Request finished HTTP/2 OPTIONS https://localhost:7274/api/v1/products - 204 null null 625.3657ms
2026-05-15 02:02:52.791 +05:30 [INF] Request starting HTTP/2 GET https://localhost:7274/api/v1/products - application/json null
2026-05-15 02:02:52.827 +05:30 [INF] CORS policy execution successful.
2026-05-15 02:02:53.563 +05:30 [INF] Executing endpoint 'eCommerce.Api.Controllers.v1.ProductsController.GetAllProducts (eCommerce.Api)'
2026-05-15 02:02:53.764 +05:30 [INF] Route matched with {action = "GetAllProducts", controller = "Products"}. Executing controller action with signature System.Threading.Tasks.Task`1[Microsoft.AspNetCore.Mvc.ActionResult`1[System.Collections.Generic.IEnumerable`1[eCommerce.Application.DTOs.Product.ProductDto]]] GetAllProducts() on controller eCommerce.Api.Controllers.v1.ProductsController (eCommerce.Api).
2026-05-15 02:02:54.960 +05:30 [WRN] You do not have a valid license key for the Lucky Penny software AutoMapper. This is allowed for development and testing scenarios. If you are running in production you are required to have a licensed version. Please visit https://luckypennysoftware.com to obtain a valid license.
2026-05-15 02:03:01.380 +05:30 [INF] Executed DbCommand (328ms) [Parameters=[], CommandType='"Text"', CommandTimeout='30']
SELECT [p].[ProductId], [p].[CategoryId], [p].[Description], [p].[Discount], [p].[Gender], [p].[MadeIn], [p].[ManufacturingDate], [p].[Picture], [p].[ProductName], [p].[Quantity], [p].[ReturnPolicy], [p].[ShoeType], [p].[UnitPrice], [p].[WarrantyPeriod]
FROM [Products] AS [p]
2026-05-15 02:03:01.804 +05:30 [INF] Executing OkObjectResult, writing value of type 'System.Collections.Generic.List`1[[eCommerce.Application.DTOs.Product.ProductDto, eCommerce.Application, Version=1.0.0.0, Culture=neutral, PublicKeyToken=null]]'.
2026-05-15 02:03:01.941 +05:30 [INF] Request starting HTTP/2 GET https://localhost:7274/api/v1/products - application/json null
2026-05-15 02:03:01.942 +05:30 [INF] CORS policy execution successful.
2026-05-15 02:03:01.948 +05:30 [INF] Executing endpoint 'eCommerce.Api.Controllers.v1.ProductsController.GetAllProducts (eCommerce.Api)'
2026-05-15 02:03:01.949 +05:30 [INF] Executed action eCommerce.Api.Controllers.v1.ProductsController.GetAllProducts (eCommerce.Api) in 8173.0556ms
2026-05-15 02:03:01.949 +05:30 [INF] Route matched with {action = "GetAllProducts", controller = "Products"}. Executing controller action with signature System.Threading.Tasks.Task`1[Microsoft.AspNetCore.Mvc.ActionResult`1[System.Collections.Generic.IEnumerable`1[eCommerce.Application.DTOs.Product.ProductDto]]] GetAllProducts() on controller eCommerce.Api.Controllers.v1.ProductsController (eCommerce.Api).
2026-05-15 02:03:01.950 +05:30 [INF] Executed endpoint 'eCommerce.Api.Controllers.v1.ProductsController.GetAllProducts (eCommerce.Api)'
2026-05-15 02:03:01.972 +05:30 [INF] Request finished HTTP/2 GET https://localhost:7274/api/v1/products - 200 null application/json; charset=utf-8 9180.91ms
2026-05-15 02:03:02.140 +05:30 [INF] Executed DbCommand (18ms) [Parameters=[], CommandType='"Text"', CommandTimeout='30']
SELECT [p].[ProductId], [p].[CategoryId], [p].[Description], [p].[Discount], [p].[Gender], [p].[MadeIn], [p].[ManufacturingDate], [p].[Picture], [p].[ProductName], [p].[Quantity], [p].[ReturnPolicy], [p].[ShoeType], [p].[UnitPrice], [p].[WarrantyPeriod]
FROM [Products] AS [p]
2026-05-15 02:03:02.149 +05:30 [INF] Executing OkObjectResult, writing value of type 'System.Collections.Generic.List`1[[eCommerce.Application.DTOs.Product.ProductDto, eCommerce.Application, Version=1.0.0.0, Culture=neutral, PublicKeyToken=null]]'.
2026-05-15 02:03:02.179 +05:30 [INF] Executed action eCommerce.Api.Controllers.v1.ProductsController.GetAllProducts (eCommerce.Api) in 229.5019ms
2026-05-15 02:03:02.180 +05:30 [INF] Executed endpoint 'eCommerce.Api.Controllers.v1.ProductsController.GetAllProducts (eCommerce.Api)'
2026-05-15 02:03:02.181 +05:30 [INF] Request finished HTTP/2 GET https://localhost:7274/api/v1/products - 200 null application/json; charset=utf-8 241.5357ms
2026-05-15 02:03:02.495 +05:30 [INF] Request starting HTTP/2 OPTIONS https://localhost:7274/api/v1/Categories?t=1778790782457 - null null
2026-05-15 02:03:02.512 +05:30 [INF] CORS policy execution successful.
2026-05-15 02:03:02.512 +05:30 [INF] Request finished HTTP/2 OPTIONS https://localhost:7274/api/v1/Categories?t=1778790782457 - 204 null null 17.3014ms
2026-05-15 02:03:02.516 +05:30 [INF] Request starting HTTP/2 GET https://localhost:7274/api/v1/Categories?t=1778790782457 - application/json null
2026-05-15 02:03:02.517 +05:30 [INF] CORS policy execution successful.
2026-05-15 02:03:02.540 +05:30 [INF] Executing endpoint 'eCommerce.Api.Controllers.v1.CategoriesController.GetAllAsync (eCommerce.Api)'
2026-05-15 02:03:02.558 +05:30 [INF] Route matched with {action = "GetAll", controller = "Categories"}. Executing controller action with signature System.Threading.Tasks.Task`1[Microsoft.AspNetCore.Mvc.ActionResult`1[System.Collections.Generic.IEnumerable`1[eCommerce.Application.DTOs.Category.CategoryDto]]] GetAllAsync() on controller eCommerce.Api.Controllers.v1.CategoriesController (eCommerce.Api).
2026-05-15 02:03:02.564 +05:30 [INF] Get all categories
2026-05-15 02:03:02.614 +05:30 [INF] Executed DbCommand (8ms) [Parameters=[], CommandType='"Text"', CommandTimeout='30']
SELECT [c].[CategoryId], [c].[CategoryName], [c].[Description]
FROM [Categories] AS [c]
2026-05-15 02:03:02.641 +05:30 [INF] Executing OkObjectResult, writing value of type 'System.Collections.Generic.List`1[[eCommerce.Application.DTOs.Category.CategoryDto, eCommerce.Application, Version=1.0.0.0, Culture=neutral, PublicKeyToken=null]]'.
2026-05-15 02:03:02.648 +05:30 [INF] Executed action eCommerce.Api.Controllers.v1.CategoriesController.GetAllAsync (eCommerce.Api) in 90.0683ms
2026-05-15 02:03:02.649 +05:30 [INF] Executed endpoint 'eCommerce.Api.Controllers.v1.CategoriesController.GetAllAsync (eCommerce.Api)'
2026-05-15 02:03:02.649 +05:30 [INF] Request finished HTTP/2 GET https://localhost:7274/api/v1/Categories?t=1778790782457 - 200 null application/json; charset=utf-8 134.1397ms
2026-05-15 02:03:03.568 +05:30 [INF] Request starting HTTP/2 OPTIONS https://localhost:7274/api/v1/products - null null
2026-05-15 02:03:03.571 +05:30 [INF] CORS policy execution successful.
2026-05-15 02:03:03.571 +05:30 [INF] Request starting HTTP/2 OPTIONS https://localhost:7274/api/v1/products - null null
2026-05-15 02:03:03.572 +05:30 [INF] Request finished HTTP/2 OPTIONS https://localhost:7274/api/v1/products - 204 null null 6.747ms
2026-05-15 02:03:03.573 +05:30 [INF] CORS policy execution successful.
2026-05-15 02:03:03.574 +05:30 [INF] Request finished HTTP/2 OPTIONS https://localhost:7274/api/v1/products - 204 null null 2.5623ms
2026-05-15 02:03:03.585 +05:30 [INF] Request starting HTTP/2 GET https://localhost:7274/api/v1/products - application/json null
2026-05-15 02:03:03.587 +05:30 [INF] CORS policy execution successful.
2026-05-15 02:03:03.588 +05:30 [INF] Executing endpoint 'eCommerce.Api.Controllers.v1.ProductsController.GetAllProducts (eCommerce.Api)'
2026-05-15 02:03:03.589 +05:30 [INF] Route matched with {action = "GetAllProducts", controller = "Products"}. Executing controller action with signature System.Threading.Tasks.Task`1[Microsoft.AspNetCore.Mvc.ActionResult`1[System.Collections.Generic.IEnumerable`1[eCommerce.Application.DTOs.Product.ProductDto]]] GetAllProducts() on controller eCommerce.Api.Controllers.v1.ProductsController (eCommerce.Api).
2026-05-15 02:03:03.613 +05:30 [INF] Executed DbCommand (7ms) [Parameters=[], CommandType='"Text"', CommandTimeout='30']
SELECT [p].[ProductId], [p].[CategoryId], [p].[Description], [p].[Discount], [p].[Gender], [p].[MadeIn], [p].[ManufacturingDate], [p].[Picture], [p].[ProductName], [p].[Quantity], [p].[ReturnPolicy], [p].[ShoeType], [p].[UnitPrice], [p].[WarrantyPeriod]
FROM [Products] AS [p]
2026-05-15 02:03:03.619 +05:30 [INF] Executing OkObjectResult, writing value of type 'System.Collections.Generic.List`1[[eCommerce.Application.DTOs.Product.ProductDto, eCommerce.Application, Version=1.0.0.0, Culture=neutral, PublicKeyToken=null]]'.
2026-05-15 02:03:03.624 +05:30 [INF] Executed action eCommerce.Api.Controllers.v1.ProductsController.GetAllProducts (eCommerce.Api) in 35.0938ms
2026-05-15 02:03:03.625 +05:30 [INF] Executed endpoint 'eCommerce.Api.Controllers.v1.ProductsController.GetAllProducts (eCommerce.Api)'
2026-05-15 02:03:03.626 +05:30 [INF] Request starting HTTP/2 GET https://localhost:7274/api/v1/products - application/json null
2026-05-15 02:03:03.627 +05:30 [INF] Request finished HTTP/2 GET https://localhost:7274/api/v1/products - 200 null application/json; charset=utf-8 43.2023ms
2026-05-15 02:03:03.627 +05:30 [INF] CORS policy execution successful.
2026-05-15 02:03:03.629 +05:30 [INF] Executing endpoint 'eCommerce.Api.Controllers.v1.ProductsController.GetAllProducts (eCommerce.Api)'
2026-05-15 02:03:03.630 +05:30 [INF] Route matched with {action = "GetAllProducts", controller = "Products"}. Executing controller action with signature System.Threading.Tasks.Task`1[Microsoft.AspNetCore.Mvc.ActionResult`1[System.Collections.Generic.IEnumerable`1[eCommerce.Application.DTOs.Product.ProductDto]]] GetAllProducts() on controller eCommerce.Api.Controllers.v1.ProductsController (eCommerce.Api).
2026-05-15 02:03:03.639 +05:30 [INF] Executed DbCommand (5ms) [Parameters=[], CommandType='"Text"', CommandTimeout='30']
SELECT [p].[ProductId], [p].[CategoryId], [p].[Description], [p].[Discount], [p].[Gender], [p].[MadeIn], [p].[ManufacturingDate], [p].[Picture], [p].[ProductName], [p].[Quantity], [p].[ReturnPolicy], [p].[ShoeType], [p].[UnitPrice], [p].[WarrantyPeriod]
FROM [Products] AS [p]
2026-05-15 02:03:03.644 +05:30 [INF] Executing OkObjectResult, writing value of type 'System.Collections.Generic.List`1[[eCommerce.Application.DTOs.Product.ProductDto, eCommerce.Application, Version=1.0.0.0, Culture=neutral, PublicKeyToken=null]]'.
2026-05-15 02:03:03.649 +05:30 [INF] Executed action eCommerce.Api.Controllers.v1.ProductsController.GetAllProducts (eCommerce.Api) in 18.4514ms
2026-05-15 02:03:03.649 +05:30 [INF] Executed endpoint 'eCommerce.Api.Controllers.v1.ProductsController.GetAllProducts (eCommerce.Api)'
2026-05-15 02:03:03.649 +05:30 [INF] Request finished HTTP/2 GET https://localhost:7274/api/v1/products - 200 null application/json; charset=utf-8 24.0889ms
2026-05-15 02:03:05.848 +05:30 [INF] Request starting HTTP/2 OPTIONS https://localhost:7274/api/v1/products/1002 - null null
2026-05-15 02:03:05.857 +05:30 [INF] CORS policy execution successful.
2026-05-15 02:03:05.858 +05:30 [INF] Request finished HTTP/2 OPTIONS https://localhost:7274/api/v1/products/1002 - 204 null null 10.377ms
2026-05-15 02:03:05.863 +05:30 [INF] Request starting HTTP/2 GET https://localhost:7274/api/v1/products/1002 - application/json null
2026-05-15 02:03:05.864 +05:30 [INF] CORS policy execution successful.
2026-05-15 02:03:05.865 +05:30 [INF] Executing endpoint 'eCommerce.Api.Controllers.v1.ProductsController.GetProductDetails (eCommerce.Api)'
2026-05-15 02:03:05.906 +05:30 [INF] Route matched with {action = "GetProductDetails", controller = "Products"}. Executing controller action with signature System.Threading.Tasks.Task`1[Microsoft.AspNetCore.Mvc.ActionResult`1[eCommerce.Application.DTOs.Product.ProductDto]] GetProductDetails(Int32) on controller eCommerce.Api.Controllers.v1.ProductsController (eCommerce.Api).
2026-05-15 02:03:06.383 +05:30 [INF] Executed DbCommand (133ms) [Parameters=[@__p_0='?' (DbType = Int32)], CommandType='"Text"', CommandTimeout='30']
SELECT TOP(1) [p].[ProductId], [p].[CategoryId], [p].[Description], [p].[Discount], [p].[Gender], [p].[MadeIn], [p].[ManufacturingDate], [p].[Picture], [p].[ProductName], [p].[Quantity], [p].[ReturnPolicy], [p].[ShoeType], [p].[UnitPrice], [p].[WarrantyPeriod]
FROM [Products] AS [p]
WHERE [p].[ProductId] = @__p_0
2026-05-15 02:03:06.398 +05:30 [INF] Executing OkObjectResult, writing value of type 'eCommerce.Application.DTOs.Product.ProductDto'.
2026-05-15 02:03:06.399 +05:30 [INF] Executed action eCommerce.Api.Controllers.v1.ProductsController.GetProductDetails (eCommerce.Api) in 492.6668ms
2026-05-15 02:03:06.399 +05:30 [INF] Executed endpoint 'eCommerce.Api.Controllers.v1.ProductsController.GetProductDetails (eCommerce.Api)'
2026-05-15 02:03:06.400 +05:30 [INF] Request finished HTTP/2 GET https://localhost:7274/api/v1/products/1002 - 200 null application/json; charset=utf-8 536.7372ms
2026-05-15 02:03:08.255 +05:30 [INF] Request starting HTTP/2 OPTIONS https://localhost:7274/api/v1/Carts/34 - null null
2026-05-15 02:03:08.264 +05:30 [INF] CORS policy execution successful.
2026-05-15 02:03:08.264 +05:30 [INF] Request finished HTTP/2 OPTIONS https://localhost:7274/api/v1/Carts/34 - 204 null null 11.1539ms
2026-05-15 02:03:08.273 +05:30 [INF] Request starting HTTP/2 GET https://localhost:7274/api/v1/Carts/34 - application/json null
2026-05-15 02:03:08.274 +05:30 [INF] CORS policy execution successful.
2026-05-15 02:03:08.276 +05:30 [INF] Executing endpoint 'eCommerce.Api.Controllers.v1.CartsController.GetCartDetails (eCommerce.Api)'
2026-05-15 02:03:08.302 +05:30 [INF] Route matched with {action = "GetCartDetails", controller = "Carts"}. Executing controller action with signature System.Threading.Tasks.Task`1[Microsoft.AspNetCore.Mvc.ActionResult`1[eCommerce.Application.DTOs.Cart.CartDto]] GetCartDetails(Int32) on controller eCommerce.Api.Controllers.v1.CartsController (eCommerce.Api).
2026-05-15 02:03:08.347 +05:30 [INF] Executed DbCommand (12ms) [Parameters=[@__p_0='?' (DbType = Int32)], CommandType='"Text"', CommandTimeout='30']
SELECT TOP(1) [c].[CartId], [c].[CartDate], [c].[CustomerId]
FROM [Carts] AS [c]
WHERE [c].[CartId] = @__p_0
2026-05-15 02:03:08.374 +05:30 [INF] Executing OkObjectResult, writing value of type 'eCommerce.Application.DTOs.Cart.CartDto'.
2026-05-15 02:03:08.379 +05:30 [INF] Executed action eCommerce.Api.Controllers.v1.CartsController.GetCartDetails (eCommerce.Api) in 76.8949ms
2026-05-15 02:03:08.380 +05:30 [INF] Executed endpoint 'eCommerce.Api.Controllers.v1.CartsController.GetCartDetails (eCommerce.Api)'
2026-05-15 02:03:08.381 +05:30 [INF] Request finished HTTP/2 GET https://localhost:7274/api/v1/Carts/34 - 200 null application/json; charset=utf-8 108.5482ms
2026-05-15 02:03:08.394 +05:30 [INF] Request starting HTTP/2 OPTIONS https://localhost:7274/api/v1/CartItems - null null
2026-05-15 02:03:08.398 +05:30 [INF] CORS policy execution successful.
2026-05-15 02:03:08.398 +05:30 [INF] Request finished HTTP/2 OPTIONS https://localhost:7274/api/v1/CartItems - 204 null null 5.5996ms
2026-05-15 02:03:08.401 +05:30 [INF] Request starting HTTP/2 POST https://localhost:7274/api/v1/CartItems - application/json 58
2026-05-15 02:03:08.402 +05:30 [INF] CORS policy execution successful.
2026-05-15 02:03:08.404 +05:30 [INF] Executing endpoint 'eCommerce.Api.Controllers.v1.CartItemsController.CreatecartItem (eCommerce.Api)'
2026-05-15 02:03:08.418 +05:30 [INF] Route matched with {action = "CreatecartItem", controller = "CartItems"}. Executing controller action with signature System.Threading.Tasks.Task`1[Microsoft.AspNetCore.Mvc.ActionResult`1[eCommerce.Application.DTOs.CartItem.CreateCartItemDto]] CreatecartItem(eCommerce.Application.DTOs.CartItem.CreateCartItemDto) on controller eCommerce.Api.Controllers.v1.CartItemsController (eCommerce.Api).
2026-05-15 02:03:09.014 +05:30 [INF] Executed DbCommand (98ms) [Parameters=[@p0='?' (DbType = Int32), @p1='?' (DbType = Int32), @p2='?' (DbType = Int32), @p3='?' (DbType = Int32)], CommandType='"Text"', CommandTimeout='30']
SET IMPLICIT_TRANSACTIONS OFF;
SET NOCOUNT ON;
INSERT INTO [CartItems] ([CartId], [ProductId], [Quantity], [Size])
OUTPUT INSERTED.[CartItemId]
VALUES (@p0, @p1, @p2, @p3);
2026-05-15 02:03:09.109 +05:30 [INF] Executing CreatedAtActionResult, writing value of type 'eCommerce.Application.DTOs.CartItem.CartItemDto'.
2026-05-15 02:03:09.228 +05:30 [INF] Executed action eCommerce.Api.Controllers.v1.CartItemsController.CreatecartItem (eCommerce.Api) in 809.6122ms
2026-05-15 02:03:09.229 +05:30 [INF] Executed endpoint 'eCommerce.Api.Controllers.v1.CartItemsController.CreatecartItem (eCommerce.Api)'
2026-05-15 02:03:09.229 +05:30 [INF] Request finished HTTP/2 POST https://localhost:7274/api/v1/CartItems - 201 null application/json; charset=utf-8 827.988ms
2026-05-15 02:03:09.259 +05:30 [INF] Request starting HTTP/2 GET https://localhost:7274/api/v1/CartItems - application/json null
2026-05-15 02:03:09.262 +05:30 [INF] CORS policy execution successful.
2026-05-15 02:03:09.263 +05:30 [INF] Executing endpoint 'eCommerce.Api.Controllers.v1.CartItemsController.GetAllcartItems (eCommerce.Api)'
2026-05-15 02:03:09.274 +05:30 [INF] Route matched with {action = "GetAllcartItems", controller = "CartItems"}. Executing controller action with signature System.Threading.Tasks.Task`1[Microsoft.AspNetCore.Mvc.ActionResult`1[System.Collections.Generic.IEnumerable`1[eCommerce.Application.DTOs.CartItem.CartItemDto]]] GetAllcartItems() on controller eCommerce.Api.Controllers.v1.CartItemsController (eCommerce.Api).
2026-05-15 02:03:09.303 +05:30 [INF] Executed DbCommand (9ms) [Parameters=[], CommandType='"Text"', CommandTimeout='30']
SELECT [c].[CartItemId], [c].[CartId], [c].[ProductId], [c].[Quantity], [c].[Size]
FROM [CartItems] AS [c]
2026-05-15 02:03:09.317 +05:30 [INF] Executing OkObjectResult, writing value of type 'System.Collections.Generic.List`1[[eCommerce.Application.DTOs.CartItem.CartItemDto, eCommerce.Application, Version=1.0.0.0, Culture=neutral, PublicKeyToken=null]]'.
2026-05-15 02:03:09.319 +05:30 [INF] Executed action eCommerce.Api.Controllers.v1.CartItemsController.GetAllcartItems (eCommerce.Api) in 44.2118ms
2026-05-15 02:03:09.319 +05:30 [INF] Executed endpoint 'eCommerce.Api.Controllers.v1.CartItemsController.GetAllcartItems (eCommerce.Api)'
2026-05-15 02:03:09.319 +05:30 [INF] Request finished HTTP/2 GET https://localhost:7274/api/v1/CartItems - 200 null application/json; charset=utf-8 61.5635ms
2026-05-15 02:03:09.333 +05:30 [INF] Request starting HTTP/2 GET https://localhost:7274/api/v1/products/1002 - application/json null
2026-05-15 02:03:09.335 +05:30 [INF] CORS policy execution successful.
2026-05-15 02:03:09.337 +05:30 [INF] Executing endpoint 'eCommerce.Api.Controllers.v1.ProductsController.GetProductDetails (eCommerce.Api)'
2026-05-15 02:03:09.337 +05:30 [INF] Route matched with {action = "GetProductDetails", controller = "Products"}. Executing controller action with signature System.Threading.Tasks.Task`1[Microsoft.AspNetCore.Mvc.ActionResult`1[eCommerce.Application.DTOs.Product.ProductDto]] GetProductDetails(Int32) on controller eCommerce.Api.Controllers.v1.ProductsController (eCommerce.Api).
2026-05-15 02:03:09.358 +05:30 [INF] Executed DbCommand (8ms) [Parameters=[@__p_0='?' (DbType = Int32)], CommandType='"Text"', CommandTimeout='30']
SELECT TOP(1) [p].[ProductId], [p].[CategoryId], [p].[Description], [p].[Discount], [p].[Gender], [p].[MadeIn], [p].[ManufacturingDate], [p].[Picture], [p].[ProductName], [p].[Quantity], [p].[ReturnPolicy], [p].[ShoeType], [p].[UnitPrice], [p].[WarrantyPeriod]
FROM [Products] AS [p]
WHERE [p].[ProductId] = @__p_0
2026-05-15 02:03:09.362 +05:30 [INF] Executing OkObjectResult, writing value of type 'eCommerce.Application.DTOs.Product.ProductDto'.
2026-05-15 02:03:09.363 +05:30 [INF] Executed action eCommerce.Api.Controllers.v1.ProductsController.GetProductDetails (eCommerce.Api) in 25.2108ms
2026-05-15 02:03:09.363 +05:30 [INF] Executed endpoint 'eCommerce.Api.Controllers.v1.ProductsController.GetProductDetails (eCommerce.Api)'
2026-05-15 02:03:09.363 +05:30 [INF] Request finished HTTP/2 GET https://localhost:7274/api/v1/products/1002 - 200 null application/json; charset=utf-8 31.234ms
2026-05-15 02:03:09.366 +05:30 [INF] Request starting HTTP/2 GET https://localhost:7274/api/v1/products/1002 - application/json null
2026-05-15 02:03:09.367 +05:30 [INF] CORS policy execution successful.
2026-05-15 02:03:09.368 +05:30 [INF] Executing endpoint 'eCommerce.Api.Controllers.v1.ProductsController.GetProductDetails (eCommerce.Api)'
2026-05-15 02:03:09.368 +05:30 [INF] Route matched with {action = "GetProductDetails", controller = "Products"}. Executing controller action with signature System.Threading.Tasks.Task`1[Microsoft.AspNetCore.Mvc.ActionResult`1[eCommerce.Application.DTOs.Product.ProductDto]] GetProductDetails(Int32) on controller eCommerce.Api.Controllers.v1.ProductsController (eCommerce.Api).
2026-05-15 02:03:09.380 +05:30 [INF] Executed DbCommand (8ms) [Parameters=[@__p_0='?' (DbType = Int32)], CommandType='"Text"', CommandTimeout='30']
SELECT TOP(1) [p].[ProductId], [p].[CategoryId], [p].[Description], [p].[Discount], [p].[Gender], [p].[MadeIn], [p].[ManufacturingDate], [p].[Picture], [p].[ProductName], [p].[Quantity], [p].[ReturnPolicy], [p].[ShoeType], [p].[UnitPrice], [p].[WarrantyPeriod]
FROM [Products] AS [p]
WHERE [p].[ProductId] = @__p_0
2026-05-15 02:03:09.382 +05:30 [INF] Executing OkObjectResult, writing value of type 'eCommerce.Application.DTOs.Product.ProductDto'.
2026-05-15 02:03:09.382 +05:30 [INF] Executed action eCommerce.Api.Controllers.v1.ProductsController.GetProductDetails (eCommerce.Api) in 14.4641ms
2026-05-15 02:03:09.382 +05:30 [INF] Executed endpoint 'eCommerce.Api.Controllers.v1.ProductsController.GetProductDetails (eCommerce.Api)'
2026-05-15 02:03:09.383 +05:30 [INF] Request finished HTTP/2 GET https://localhost:7274/api/v1/products/1002 - 200 null application/json; charset=utf-8 17.4425ms
2026-05-15 02:03:12.734 +05:30 [INF] Request starting HTTP/2 OPTIONS https://localhost:7274/api/v1/CartItems - null null
2026-05-15 02:03:12.735 +05:30 [INF] CORS policy execution successful.
2026-05-15 02:03:12.736 +05:30 [INF] Request finished HTTP/2 OPTIONS https://localhost:7274/api/v1/CartItems - 204 null null 2.2995ms
2026-05-15 02:03:12.739 +05:30 [INF] Request starting HTTP/2 PUT https://localhost:7274/api/v1/CartItems - application/json 72
2026-05-15 02:03:12.740 +05:30 [INF] CORS policy execution successful.
2026-05-15 02:03:12.741 +05:30 [INF] Executing endpoint 'eCommerce.Api.Controllers.v1.CartItemsController.UpdatecartItem (eCommerce.Api)'
2026-05-15 02:03:12.749 +05:30 [INF] Route matched with {action = "UpdatecartItem", controller = "CartItems"}. Executing controller action with signature System.Threading.Tasks.Task`1[Microsoft.AspNetCore.Mvc.ActionResult] UpdatecartItem(eCommerce.Application.DTOs.CartItem.UpdateCartItemDto) on controller eCommerce.Api.Controllers.v1.CartItemsController (eCommerce.Api).
2026-05-15 02:03:12.819 +05:30 [INF] Executed DbCommand (30ms) [Parameters=[@p4='?' (DbType = Int32), @p0='?' (DbType = Int32), @p1='?' (DbType = Int32), @p2='?' (DbType = Int32), @p3='?' (DbType = Int32)], CommandType='"Text"', CommandTimeout='30']
SET IMPLICIT_TRANSACTIONS OFF;
SET NOCOUNT ON;
UPDATE [CartItems] SET [CartId] = @p0, [ProductId] = @p1, [Quantity] = @p2, [Size] = @p3
OUTPUT 1
WHERE [CartItemId] = @p4;
2026-05-15 02:03:12.830 +05:30 [INF] Executing StatusCodeResult, setting HTTP status code 204
2026-05-15 02:03:12.830 +05:30 [INF] Executed action eCommerce.Api.Controllers.v1.CartItemsController.UpdatecartItem (eCommerce.Api) in 80.8113ms
2026-05-15 02:03:12.830 +05:30 [INF] Executed endpoint 'eCommerce.Api.Controllers.v1.CartItemsController.UpdatecartItem (eCommerce.Api)'
2026-05-15 02:03:12.831 +05:30 [INF] Request finished HTTP/2 PUT https://localhost:7274/api/v1/CartItems - 204 null null 91.3776ms
2026-05-15 02:03:16.380 +05:30 [INF] Request starting HTTP/2 PUT https://localhost:7274/api/v1/CartItems - application/json 72
2026-05-15 02:03:16.381 +05:30 [INF] CORS policy execution successful.
2026-05-15 02:03:16.381 +05:30 [INF] Executing endpoint 'eCommerce.Api.Controllers.v1.CartItemsController.UpdatecartItem (eCommerce.Api)'
2026-05-15 02:03:16.382 +05:30 [INF] Route matched with {action = "UpdatecartItem", controller = "CartItems"}. Executing controller action with signature System.Threading.Tasks.Task`1[Microsoft.AspNetCore.Mvc.ActionResult] UpdatecartItem(eCommerce.Application.DTOs.CartItem.UpdateCartItemDto) on controller eCommerce.Api.Controllers.v1.CartItemsController (eCommerce.Api).
2026-05-15 02:03:16.397 +05:30 [INF] Executed DbCommand (9ms) [Parameters=[@p4='?' (DbType = Int32), @p0='?' (DbType = Int32), @p1='?' (DbType = Int32), @p2='?' (DbType = Int32), @p3='?' (DbType = Int32)], CommandType='"Text"', CommandTimeout='30']
SET IMPLICIT_TRANSACTIONS OFF;
SET NOCOUNT ON;
UPDATE [CartItems] SET [CartId] = @p0, [ProductId] = @p1, [Quantity] = @p2, [Size] = @p3
OUTPUT 1
WHERE [CartItemId] = @p4;
2026-05-15 02:03:16.398 +05:30 [INF] Executing StatusCodeResult, setting HTTP status code 204
2026-05-15 02:03:16.398 +05:30 [INF] Executed action eCommerce.Api.Controllers.v1.CartItemsController.UpdatecartItem (eCommerce.Api) in 16.4178ms
2026-05-15 02:03:16.398 +05:30 [INF] Executed endpoint 'eCommerce.Api.Controllers.v1.CartItemsController.UpdatecartItem (eCommerce.Api)'
2026-05-15 02:03:16.399 +05:30 [INF] Request finished HTTP/2 PUT https://localhost:7274/api/v1/CartItems - 204 null null 19.684ms
2026-05-15 02:03:25.489 +05:30 [INF] Request starting HTTP/2 OPTIONS https://localhost:7274/api/v1/CartItems/111 - null null
2026-05-15 02:03:25.491 +05:30 [INF] CORS policy execution successful.
2026-05-15 02:03:25.492 +05:30 [INF] Request finished HTTP/2 OPTIONS https://localhost:7274/api/v1/CartItems/111 - 204 null null 3.745ms
2026-05-15 02:03:25.498 +05:30 [INF] Request starting HTTP/2 DELETE https://localhost:7274/api/v1/CartItems/111 - application/json null
2026-05-15 02:03:25.499 +05:30 [INF] CORS policy execution successful.
2026-05-15 02:03:25.500 +05:30 [INF] Executing endpoint 'eCommerce.Api.Controllers.v1.CartItemsController.DeleteCartItem (eCommerce.Api)'
2026-05-15 02:03:25.512 +05:30 [INF] Route matched with {action = "DeleteCartItem", controller = "CartItems"}. Executing controller action with signature System.Threading.Tasks.Task`1[Microsoft.AspNetCore.Mvc.ActionResult] DeleteCartItem(Int32) on controller eCommerce.Api.Controllers.v1.CartItemsController (eCommerce.Api).
2026-05-15 02:03:25.552 +05:30 [INF] Executed DbCommand (13ms) [Parameters=[@__p_0='?' (DbType = Int32)], CommandType='"Text"', CommandTimeout='30']
SELECT TOP(1) [c].[CartItemId], [c].[CartId], [c].[ProductId], [c].[Quantity], [c].[Size]
FROM [CartItems] AS [c]
WHERE [c].[CartItemId] = @__p_0
2026-05-15 02:03:25.581 +05:30 [INF] Executed DbCommand (12ms) [Parameters=[@p0='?' (DbType = Int32)], CommandType='"Text"', CommandTimeout='30']
SET IMPLICIT_TRANSACTIONS OFF;
SET NOCOUNT ON;
DELETE FROM [CartItems]
OUTPUT 1
WHERE [CartItemId] = @p0;
2026-05-15 02:03:25.588 +05:30 [INF] Executing StatusCodeResult, setting HTTP status code 204
2026-05-15 02:03:25.588 +05:30 [INF] Executed action eCommerce.Api.Controllers.v1.CartItemsController.DeleteCartItem (eCommerce.Api) in 76.3095ms
2026-05-15 02:03:25.588 +05:30 [INF] Executed endpoint 'eCommerce.Api.Controllers.v1.CartItemsController.DeleteCartItem (eCommerce.Api)'
2026-05-15 02:03:25.589 +05:30 [INF] Request finished HTTP/2 DELETE https://localhost:7274/api/v1/CartItems/111 - 204 null null 91.1208ms
2026-05-15 02:03:26.507 +05:30 [INF] Request starting HTTP/2 DELETE https://localhost:7274/api/v1/CartItems/111 - application/json null
2026-05-15 02:03:26.510 +05:30 [INF] CORS policy execution successful.
2026-05-15 02:03:26.518 +05:30 [INF] Request starting HTTP/2 OPTIONS https://localhost:7274/api/v1/CartItems - null null
2026-05-15 02:03:26.518 +05:30 [INF] Executing endpoint 'eCommerce.Api.Controllers.v1.CartItemsController.DeleteCartItem (eCommerce.Api)'
2026-05-15 02:03:26.519 +05:30 [INF] Route matched with {action = "DeleteCartItem", controller = "CartItems"}. Executing controller action with signature System.Threading.Tasks.Task`1[Microsoft.AspNetCore.Mvc.ActionResult] DeleteCartItem(Int32) on controller eCommerce.Api.Controllers.v1.CartItemsController (eCommerce.Api).
2026-05-15 02:03:26.519 +05:30 [INF] CORS policy execution successful.
2026-05-15 02:03:26.519 +05:30 [INF] Request finished HTTP/2 OPTIONS https://localhost:7274/api/v1/CartItems - 204 null null 1.2193ms
2026-05-15 02:03:26.557 +05:30 [INF] Request starting HTTP/2 GET https://localhost:7274/api/v1/CartItems - application/json null
2026-05-15 02:03:26.580 +05:30 [INF] CORS policy execution successful.
2026-05-15 02:03:26.581 +05:30 [INF] Executing endpoint 'eCommerce.Api.Controllers.v1.CartItemsController.GetAllcartItems (eCommerce.Api)'
2026-05-15 02:03:26.582 +05:30 [INF] Route matched with {action = "GetAllcartItems", controller = "CartItems"}. Executing controller action with signature System.Threading.Tasks.Task`1[Microsoft.AspNetCore.Mvc.ActionResult`1[System.Collections.Generic.IEnumerable`1[eCommerce.Application.DTOs.CartItem.CartItemDto]]] GetAllcartItems() on controller eCommerce.Api.Controllers.v1.CartItemsController (eCommerce.Api).
2026-05-15 02:03:26.658 +05:30 [INF] Executed DbCommand (107ms) [Parameters=[@__p_0='?' (DbType = Int32)], CommandType='"Text"', CommandTimeout='30']
SELECT TOP(1) [c].[CartItemId], [c].[CartId], [c].[ProductId], [c].[Quantity], [c].[Size]
FROM [CartItems] AS [c]
WHERE [c].[CartItemId] = @__p_0
2026-05-15 02:03:26.663 +05:30 [INF] Executing ObjectResult, writing value of type '<>f__AnonymousType1`1[[System.String, System.Private.CoreLib, Version=8.0.0.0, Culture=neutral, PublicKeyToken=7cec85d7bea7798e]]'.
2026-05-15 02:03:26.674 +05:30 [INF] Executed action eCommerce.Api.Controllers.v1.CartItemsController.DeleteCartItem (eCommerce.Api) in 155.087ms
2026-05-15 02:03:26.674 +05:30 [INF] Executed endpoint 'eCommerce.Api.Controllers.v1.CartItemsController.DeleteCartItem (eCommerce.Api)'
2026-05-15 02:03:26.675 +05:30 [INF] Request finished HTTP/2 DELETE https://localhost:7274/api/v1/CartItems/111 - 500 null application/json; charset=utf-8 168.1999ms
2026-05-15 02:03:26.802 +05:30 [INF] Executed DbCommand (43ms) [Parameters=[], CommandType='"Text"', CommandTimeout='30']
SELECT [c].[CartItemId], [c].[CartId], [c].[ProductId], [c].[Quantity], [c].[Size]
FROM [CartItems] AS [c]
2026-05-15 02:03:26.803 +05:30 [INF] Executing OkObjectResult, writing value of type 'System.Collections.Generic.List`1[[eCommerce.Application.DTOs.CartItem.CartItemDto, eCommerce.Application, Version=1.0.0.0, Culture=neutral, PublicKeyToken=null]]'.
2026-05-15 02:03:26.804 +05:30 [INF] Executed action eCommerce.Api.Controllers.v1.CartItemsController.GetAllcartItems (eCommerce.Api) in 221.1653ms
2026-05-15 02:03:26.804 +05:30 [INF] Executed endpoint 'eCommerce.Api.Controllers.v1.CartItemsController.GetAllcartItems (eCommerce.Api)'
2026-05-15 02:03:26.805 +05:30 [INF] Request finished HTTP/2 GET https://localhost:7274/api/v1/CartItems - 200 null application/json; charset=utf-8 251.4773ms
2026-05-15 02:03:26.811 +05:30 [INF] Request starting HTTP/2 OPTIONS https://localhost:7274/api/v1/products/1002 - null null
2026-05-15 02:03:26.813 +05:30 [INF] CORS policy execution successful.
2026-05-15 02:03:26.813 +05:30 [INF] Request finished HTTP/2 OPTIONS https://localhost:7274/api/v1/products/1002 - 204 null null 2.7902ms
2026-05-15 02:03:26.824 +05:30 [INF] Request starting HTTP/2 GET https://localhost:7274/api/v1/products/1002 - application/json null
2026-05-15 02:03:26.825 +05:30 [INF] CORS policy execution successful.
2026-05-15 02:03:26.826 +05:30 [INF] Executing endpoint 'eCommerce.Api.Controllers.v1.ProductsController.GetProductDetails (eCommerce.Api)'
2026-05-15 02:03:26.826 +05:30 [INF] Route matched with {action = "GetProductDetails", controller = "Products"}. Executing controller action with signature System.Threading.Tasks.Task`1[Microsoft.AspNetCore.Mvc.ActionResult`1[eCommerce.Application.DTOs.Product.ProductDto]] GetProductDetails(Int32) on controller eCommerce.Api.Controllers.v1.ProductsController (eCommerce.Api).
2026-05-15 02:03:26.930 +05:30 [INF] Executed DbCommand (99ms) [Parameters=[@__p_0='?' (DbType = Int32)], CommandType='"Text"', CommandTimeout='30']
SELECT TOP(1) [p].[ProductId], [p].[CategoryId], [p].[Description], [p].[Discount], [p].[Gender], [p].[MadeIn], [p].[ManufacturingDate], [p].[Picture], [p].[ProductName], [p].[Quantity], [p].[ReturnPolicy], [p].[ShoeType], [p].[UnitPrice], [p].[WarrantyPeriod]
FROM [Products] AS [p]
WHERE [p].[ProductId] = @__p_0
2026-05-15 02:03:26.931 +05:30 [INF] Executing OkObjectResult, writing value of type 'eCommerce.Application.DTOs.Product.ProductDto'.
2026-05-15 02:03:26.932 +05:30 [INF] Executed action eCommerce.Api.Controllers.v1.ProductsController.GetProductDetails (eCommerce.Api) in 105.4676ms
2026-05-15 02:03:26.933 +05:30 [INF] Executed endpoint 'eCommerce.Api.Controllers.v1.ProductsController.GetProductDetails (eCommerce.Api)'
2026-05-15 02:03:26.933 +05:30 [INF] Request finished HTTP/2 GET https://localhost:7274/api/v1/products/1002 - 200 null application/json; charset=utf-8 109.2318ms
2026-05-15 02:03:43.070 +05:30 [INF] Request starting HTTP/2 OPTIONS https://localhost:7274/api/v1/Carts/create-razorpay-order?cartId=34 - null null
2026-05-15 02:03:43.367 +05:30 [INF] CORS policy execution successful.
2026-05-15 02:03:43.384 +05:30 [INF] Request finished HTTP/2 OPTIONS https://localhost:7274/api/v1/Carts/create-razorpay-order?cartId=34 - 204 null null 326.4238ms
2026-05-15 02:03:43.441 +05:30 [INF] Request starting HTTP/2 POST https://localhost:7274/api/v1/Carts/create-razorpay-order?cartId=34 - application/json 2
2026-05-15 02:03:43.480 +05:30 [INF] CORS policy execution successful.
2026-05-15 02:03:43.568 +05:30 [INF] Executing endpoint 'eCommerce.Api.Controllers.v1.CartsController.CreateRazorpayOrder (eCommerce.Api)'
2026-05-15 02:03:44.115 +05:30 [INF] Route matched with {action = "CreateRazorpayOrder", controller = "Carts"}. Executing controller action with signature System.Threading.Tasks.Task`1[Microsoft.AspNetCore.Mvc.ActionResult] CreateRazorpayOrder(Int32) on controller eCommerce.Api.Controllers.v1.CartsController (eCommerce.Api).
2026-05-15 02:03:47.570 +05:30 [INF] Executed DbCommand (1,542ms) [Parameters=[@__cartId_0='?' (DbType = Int32)], CommandType='"Text"', CommandTimeout='30']
SELECT [t].[CartId], [t].[CartDate], [t].[CustomerId], [t0].[CartItemId], [t0].[CartId], [t0].[ProductId], [t0].[Quantity], [t0].[Size], [t0].[ProductId0], [t0].[CategoryId], [t0].[Description], [t0].[Discount], [t0].[Gender], [t0].[MadeIn], [t0].[ManufacturingDate], [t0].[Picture], [t0].[ProductName], [t0].[Quantity0], [t0].[ReturnPolicy], [t0].[ShoeType], [t0].[UnitPrice], [t0].[WarrantyPeriod]
FROM (
    SELECT TOP(1) [c].[CartId], [c].[CartDate], [c].[CustomerId]
    FROM [Carts] AS [c]
    WHERE [c].[CartId] = @__cartId_0
) AS [t]
LEFT JOIN (
    SELECT [c0].[CartItemId], [c0].[CartId], [c0].[ProductId], [c0].[Quantity], [c0].[Size], [p].[ProductId] AS [ProductId0], [p].[CategoryId], [p].[Description], [p].[Discount], [p].[Gender], [p].[MadeIn], [p].[ManufacturingDate], [p].[Picture], [p].[ProductName], [p].[Quantity] AS [Quantity0], [p].[ReturnPolicy], [p].[ShoeType], [p].[UnitPrice], [p].[WarrantyPeriod]
    FROM [CartItems] AS [c0]
    INNER JOIN [Products] AS [p] ON [c0].[ProductId] = [p].[ProductId]
) AS [t0] ON [t].[CartId] = [t0].[CartId]
ORDER BY [t].[CartId], [t0].[CartItemId]
2026-05-15 02:03:47.899 +05:30 [INF] Executing BadRequestObjectResult, writing value of type '<>f__AnonymousType2`1[[System.String, System.Private.CoreLib, Version=8.0.0.0, Culture=neutral, PublicKeyToken=7cec85d7bea7798e]]'.
2026-05-15 02:03:47.988 +05:30 [INF] Executed action eCommerce.Api.Controllers.v1.CartsController.CreateRazorpayOrder (eCommerce.Api) in 3871.0144ms
2026-05-15 02:03:47.991 +05:30 [INF] Executed endpoint 'eCommerce.Api.Controllers.v1.CartsController.CreateRazorpayOrder (eCommerce.Api)'
2026-05-15 02:03:48.002 +05:30 [INF] Request finished HTTP/2 POST https://localhost:7274/api/v1/Carts/create-razorpay-order?cartId=34 - 400 null application/json; charset=utf-8 4563.2353ms
2026-05-15 02:04:31.655 +05:30 [INF] Request starting HTTP/2 GET https://localhost:7274/swagger/index.html - null null
2026-05-15 02:04:34.251 +05:30 [INF] Request finished HTTP/2 GET https://localhost:7274/swagger/index.html - 200 null text/html;charset=utf-8 3055.8084ms
2026-05-15 02:04:34.626 +05:30 [INF] Request starting HTTP/2 GET https://localhost:7274/_vs/browserLink - null null
2026-05-15 02:04:34.601 +05:30 [INF] Request starting HTTP/2 GET https://localhost:7274/_framework/aspnetcore-browser-refresh.js - null null
2026-05-15 02:04:34.920 +05:30 [INF] Request finished HTTP/2 GET https://localhost:7274/_framework/aspnetcore-browser-refresh.js - 200 16511 application/javascript; charset=utf-8 322.0156ms
2026-05-15 02:04:35.792 +05:30 [INF] Request finished HTTP/2 GET https://localhost:7274/_vs/browserLink - 200 null text/javascript; charset=UTF-8 1192.3634ms
2026-05-15 02:04:36.007 +05:30 [INF] Request starting HTTP/2 GET https://localhost:7274/swagger/v1/swagger.json - null null
2026-05-15 02:04:37.657 +05:30 [INF] Request finished HTTP/2 GET https://localhost:7274/swagger/v1/swagger.json - 200 null application/json;charset=utf-8 1650.1767ms
2026-05-15 02:06:10.549 +05:30 [INF] Request starting HTTP/2 OPTIONS https://localhost:7274/api/v1/Carts/create-razorpay-order?cartId=34 - null null
2026-05-15 02:06:10.703 +05:30 [INF] CORS policy execution successful.
2026-05-15 02:06:10.719 +05:30 [INF] Request finished HTTP/2 OPTIONS https://localhost:7274/api/v1/Carts/create-razorpay-order?cartId=34 - 204 null null 316.9314ms
2026-05-15 02:06:10.739 +05:30 [INF] Request starting HTTP/2 POST https://localhost:7274/api/v1/Carts/create-razorpay-order?cartId=34 - application/json 2
2026-05-15 02:06:10.766 +05:30 [INF] CORS policy execution successful.
2026-05-15 02:06:10.867 +05:30 [INF] Executing endpoint 'eCommerce.Api.Controllers.v1.CartsController.CreateRazorpayOrder (eCommerce.Api)'
2026-05-15 02:06:10.903 +05:30 [INF] Route matched with {action = "CreateRazorpayOrder", controller = "Carts"}. Executing controller action with signature System.Threading.Tasks.Task`1[Microsoft.AspNetCore.Mvc.ActionResult] CreateRazorpayOrder(Int32) on controller eCommerce.Api.Controllers.v1.CartsController (eCommerce.Api).
2026-05-15 02:06:11.987 +05:30 [INF] Executed DbCommand (568ms) [Parameters=[@__cartId_0='?' (DbType = Int32)], CommandType='"Text"', CommandTimeout='30']
SELECT [t].[CartId], [t].[CartDate], [t].[CustomerId], [t0].[CartItemId], [t0].[CartId], [t0].[ProductId], [t0].[Quantity], [t0].[Size], [t0].[ProductId0], [t0].[CategoryId], [t0].[Description], [t0].[Discount], [t0].[Gender], [t0].[MadeIn], [t0].[ManufacturingDate], [t0].[Picture], [t0].[ProductName], [t0].[Quantity0], [t0].[ReturnPolicy], [t0].[ShoeType], [t0].[UnitPrice], [t0].[WarrantyPeriod]
FROM (
    SELECT TOP(1) [c].[CartId], [c].[CartDate], [c].[CustomerId]
    FROM [Carts] AS [c]
    WHERE [c].[CartId] = @__cartId_0
) AS [t]
LEFT JOIN (
    SELECT [c0].[CartItemId], [c0].[CartId], [c0].[ProductId], [c0].[Quantity], [c0].[Size], [p].[ProductId] AS [ProductId0], [p].[CategoryId], [p].[Description], [p].[Discount], [p].[Gender], [p].[MadeIn], [p].[ManufacturingDate], [p].[Picture], [p].[ProductName], [p].[Quantity] AS [Quantity0], [p].[ReturnPolicy], [p].[ShoeType], [p].[UnitPrice], [p].[WarrantyPeriod]
    FROM [CartItems] AS [c0]
    INNER JOIN [Products] AS [p] ON [c0].[ProductId] = [p].[ProductId]
) AS [t0] ON [t].[CartId] = [t0].[CartId]
ORDER BY [t].[CartId], [t0].[CartItemId]
2026-05-15 02:06:12.090 +05:30 [INF] Executing BadRequestObjectResult, writing value of type '<>f__AnonymousType2`1[[System.String, System.Private.CoreLib, Version=8.0.0.0, Culture=neutral, PublicKeyToken=7cec85d7bea7798e]]'.
2026-05-15 02:06:12.120 +05:30 [INF] Executed action eCommerce.Api.Controllers.v1.CartsController.CreateRazorpayOrder (eCommerce.Api) in 1213.8705ms
2026-05-15 02:06:12.121 +05:30 [INF] Executed endpoint 'eCommerce.Api.Controllers.v1.CartsController.CreateRazorpayOrder (eCommerce.Api)'
2026-05-15 02:06:12.129 +05:30 [INF] Request finished HTTP/2 POST https://localhost:7274/api/v1/Carts/create-razorpay-order?cartId=34 - 400 null application/json; charset=utf-8 1390.9449ms
2026-05-15 02:06:28.557 +05:30 [INF] Request starting HTTP/2 OPTIONS https://localhost:7274/api/v1/Security/Login - null null
2026-05-15 02:06:28.574 +05:30 [INF] CORS policy execution successful.
2026-05-15 02:06:28.574 +05:30 [INF] Request finished HTTP/2 OPTIONS https://localhost:7274/api/v1/Security/Login - 204 null null 18.6512ms
2026-05-15 02:06:28.583 +05:30 [INF] Request starting HTTP/2 POST https://localhost:7274/api/v1/Security/Login - application/json 52
2026-05-15 02:06:28.589 +05:30 [INF] CORS policy execution successful.
2026-05-15 02:06:28.665 +05:30 [INF] Failed to validate the token.
Microsoft.IdentityModel.Tokens.SecurityTokenMalformedException: IDX14100: JWT is not well formed, there are no dots (.).
The token needs to be in JWS or JWE Compact Serialization Format. (JWS): 'EncodedHeader.EncodedPayload.EncodedSignature'. (JWE): 'EncodedProtectedHeader.EncodedEncryptedKey.EncodedInitializationVector.EncodedCiphertext.EncodedAuthenticationTag'.
   at Microsoft.IdentityModel.JsonWebTokens.JsonWebToken.ReadToken(ReadOnlyMemory`1 encodedTokenMemory)
   at Microsoft.IdentityModel.JsonWebTokens.JsonWebToken..ctor(String jwtEncodedString, TryReadJwtClaim tryReadJwtClaim)
   at Microsoft.IdentityModel.JsonWebTokens.JsonWebTokenHandler.ReadToken(String token, TokenValidationParameters validationParameters)
2026-05-15 02:06:29.001 +05:30 [INF] Bearer was not authenticated. Failure message: IDX14100: JWT is not well formed, there are no dots (.).
The token needs to be in JWS or JWE Compact Serialization Format. (JWS): 'EncodedHeader.EncodedPayload.EncodedSignature'. (JWE): 'EncodedProtectedHeader.EncodedEncryptedKey.EncodedInitializationVector.EncodedCiphertext.EncodedAuthenticationTag'.
2026-05-15 02:06:29.002 +05:30 [INF] Executing endpoint 'eCommerce.Api.Controllers.v1.SecurityController.Post (eCommerce.Api)'
2026-05-15 02:06:29.105 +05:30 [INF] Route matched with {action = "Post", controller = "Security"}. Executing controller action with signature System.Threading.Tasks.Task`1[Microsoft.AspNetCore.Mvc.ActionResult`1[eCommerce.Application.VMS.AuthenticationResponseVM]] Post(eCommerce.Application.DTOs.User.UserDto) on controller eCommerce.Api.Controllers.v1.SecurityController (eCommerce.Api).
2026-05-15 02:06:29.900 +05:30 [INF] Executed DbCommand (75ms) [Parameters=[@__email_0='?' (Size = 100)], CommandType='"Text"', CommandTimeout='30']
SELECT [t].[UserId], [t].[Email], [t].[Password], [t0].[RolesRoleId], [t0].[UsersUserId], [t0].[RoleId], [t0].[Description], [t0].[RoleName]
FROM (
    SELECT TOP(1) [u].[UserId], [u].[Email], [u].[Password]
    FROM [Users] AS [u]
    WHERE [u].[Email] = @__email_0
) AS [t]
LEFT JOIN (
    SELECT [r].[RolesRoleId], [r].[UsersUserId], [r0].[RoleId], [r0].[Description], [r0].[RoleName]
    FROM [RoleUser] AS [r]
    INNER JOIN [Roles] AS [r0] ON [r].[RolesRoleId] = [r0].[RoleId]
) AS [t0] ON [t].[UserId] = [t0].[UsersUserId]
ORDER BY [t].[UserId], [t0].[RolesRoleId], [t0].[UsersUserId]
2026-05-15 02:06:30.669 +05:30 [INF] Executing OkObjectResult, writing value of type 'eCommerce.Application.VMS.AuthenticationResponseVM'.
2026-05-15 02:06:30.687 +05:30 [INF] Executed action eCommerce.Api.Controllers.v1.SecurityController.Post (eCommerce.Api) in 1581.9856ms
2026-05-15 02:06:30.687 +05:30 [INF] Executed endpoint 'eCommerce.Api.Controllers.v1.SecurityController.Post (eCommerce.Api)'
2026-05-15 02:06:30.688 +05:30 [INF] Request finished HTTP/2 POST https://localhost:7274/api/v1/Security/Login - 200 null application/json; charset=utf-8 2105.3793ms
2026-05-15 02:06:30.698 +05:30 [INF] Request starting HTTP/2 OPTIONS https://localhost:7274/api/v1/Customers/user/1 - null null
2026-05-15 02:06:30.703 +05:30 [INF] CORS policy execution successful.
2026-05-15 02:06:30.703 +05:30 [INF] Request finished HTTP/2 OPTIONS https://localhost:7274/api/v1/Customers/user/1 - 204 null null 5.6261ms
2026-05-15 02:06:30.711 +05:30 [INF] Request starting HTTP/2 GET https://localhost:7274/api/v1/Customers/user/1 - application/json null
2026-05-15 02:06:30.719 +05:30 [INF] CORS policy execution successful.
2026-05-15 02:06:30.720 +05:30 [INF] Executing endpoint 'eCommerce.Api.Controllers.v1.CustomersController.GetByUserId (eCommerce.Api)'
2026-05-15 02:06:30.747 +05:30 [INF] Route matched with {action = "GetByUserId", controller = "Customers"}. Executing controller action with signature System.Threading.Tasks.Task`1[Microsoft.AspNetCore.Mvc.ActionResult`1[eCommerce.Application.DTOs.Customer.CustomerDto]] GetByUserId(Int32) on controller eCommerce.Api.Controllers.v1.CustomersController (eCommerce.Api).
2026-05-15 02:06:30.815 +05:30 [INF] Executed DbCommand (21ms) [Parameters=[], CommandType='"Text"', CommandTimeout='30']
SELECT [c].[CustomerId], [c].[Address], [c].[City], [c].[ContactName], [c].[Email], [c].[Phone], [c].[UserId], [c].[Zipcode]
FROM [Customers] AS [c]
2026-05-15 02:06:30.891 +05:30 [INF] Executing OkObjectResult, writing value of type 'eCommerce.Application.DTOs.Customer.CustomerDto'.
2026-05-15 02:06:30.899 +05:30 [INF] Executed action eCommerce.Api.Controllers.v1.CustomersController.GetByUserId (eCommerce.Api) in 151.7312ms
2026-05-15 02:06:30.899 +05:30 [INF] Executed endpoint 'eCommerce.Api.Controllers.v1.CustomersController.GetByUserId (eCommerce.Api)'
2026-05-15 02:06:30.900 +05:30 [INF] Request finished HTTP/2 GET https://localhost:7274/api/v1/Customers/user/1 - 200 null application/json; charset=utf-8 189.8203ms
2026-05-15 02:06:34.970 +05:30 [INF] Request starting HTTP/2 OPTIONS https://localhost:7274/api/v1/products - null null
2026-05-15 02:06:34.977 +05:30 [INF] CORS policy execution successful.
2026-05-15 02:06:34.981 +05:30 [INF] Request finished HTTP/2 OPTIONS https://localhost:7274/api/v1/products - 204 null null 11.7853ms
2026-05-15 02:06:34.983 +05:30 [INF] Request starting HTTP/2 OPTIONS https://localhost:7274/api/v1/products - null null
2026-05-15 02:06:34.984 +05:30 [INF] CORS policy execution successful.
2026-05-15 02:06:34.984 +05:30 [INF] Request finished HTTP/2 OPTIONS https://localhost:7274/api/v1/products - 204 null null 1.6358ms
2026-05-15 02:06:34.994 +05:30 [INF] Request starting HTTP/2 GET https://localhost:7274/api/v1/products - application/json null
2026-05-15 02:06:34.996 +05:30 [INF] CORS policy execution successful.
2026-05-15 02:06:34.998 +05:30 [INF] Executing endpoint 'eCommerce.Api.Controllers.v1.ProductsController.GetAllProducts (eCommerce.Api)'
2026-05-15 02:06:35.000 +05:30 [INF] Route matched with {action = "GetAllProducts", controller = "Products"}. Executing controller action with signature System.Threading.Tasks.Task`1[Microsoft.AspNetCore.Mvc.ActionResult`1[System.Collections.Generic.IEnumerable`1[eCommerce.Application.DTOs.Product.ProductDto]]] GetAllProducts() on controller eCommerce.Api.Controllers.v1.ProductsController (eCommerce.Api).
2026-05-15 02:06:35.021 +05:30 [INF] Executed DbCommand (10ms) [Parameters=[], CommandType='"Text"', CommandTimeout='30']
SELECT [p].[ProductId], [p].[CategoryId], [p].[Description], [p].[Discount], [p].[Gender], [p].[MadeIn], [p].[ManufacturingDate], [p].[Picture], [p].[ProductName], [p].[Quantity], [p].[ReturnPolicy], [p].[ShoeType], [p].[UnitPrice], [p].[WarrantyPeriod]
FROM [Products] AS [p]
2026-05-15 02:06:35.026 +05:30 [INF] Executing OkObjectResult, writing value of type 'System.Collections.Generic.List`1[[eCommerce.Application.DTOs.Product.ProductDto, eCommerce.Application, Version=1.0.0.0, Culture=neutral, PublicKeyToken=null]]'.
2026-05-15 02:06:35.043 +05:30 [INF] Executed action eCommerce.Api.Controllers.v1.ProductsController.GetAllProducts (eCommerce.Api) in 42.5939ms
2026-05-15 02:06:35.043 +05:30 [INF] Request starting HTTP/2 GET https://localhost:7274/api/v1/products - application/json null
2026-05-15 02:06:35.044 +05:30 [INF] Executed endpoint 'eCommerce.Api.Controllers.v1.ProductsController.GetAllProducts (eCommerce.Api)'
2026-05-15 02:06:35.044 +05:30 [INF] Request finished HTTP/2 GET https://localhost:7274/api/v1/products - 200 null application/json; charset=utf-8 50.6374ms
2026-05-15 02:06:35.044 +05:30 [INF] CORS policy execution successful.
2026-05-15 02:06:35.045 +05:30 [INF] Executing endpoint 'eCommerce.Api.Controllers.v1.ProductsController.GetAllProducts (eCommerce.Api)'
2026-05-15 02:06:35.045 +05:30 [INF] Route matched with {action = "GetAllProducts", controller = "Products"}. Executing controller action with signature System.Threading.Tasks.Task`1[Microsoft.AspNetCore.Mvc.ActionResult`1[System.Collections.Generic.IEnumerable`1[eCommerce.Application.DTOs.Product.ProductDto]]] GetAllProducts() on controller eCommerce.Api.Controllers.v1.ProductsController (eCommerce.Api).
2026-05-15 02:06:35.053 +05:30 [INF] Executed DbCommand (5ms) [Parameters=[], CommandType='"Text"', CommandTimeout='30']
SELECT [p].[ProductId], [p].[CategoryId], [p].[Description], [p].[Discount], [p].[Gender], [p].[MadeIn], [p].[ManufacturingDate], [p].[Picture], [p].[ProductName], [p].[Quantity], [p].[ReturnPolicy], [p].[ShoeType], [p].[UnitPrice], [p].[WarrantyPeriod]
FROM [Products] AS [p]
2026-05-15 02:06:35.057 +05:30 [INF] Executing OkObjectResult, writing value of type 'System.Collections.Generic.List`1[[eCommerce.Application.DTOs.Product.ProductDto, eCommerce.Application, Version=1.0.0.0, Culture=neutral, PublicKeyToken=null]]'.
2026-05-15 02:06:35.062 +05:30 [INF] Executed action eCommerce.Api.Controllers.v1.ProductsController.GetAllProducts (eCommerce.Api) in 16.5677ms
2026-05-15 02:06:35.062 +05:30 [INF] Executed endpoint 'eCommerce.Api.Controllers.v1.ProductsController.GetAllProducts (eCommerce.Api)'
2026-05-15 02:06:35.062 +05:30 [INF] Request finished HTTP/2 GET https://localhost:7274/api/v1/products - 200 null application/json; charset=utf-8 19.6003ms
2026-05-15 02:06:37.443 +05:30 [INF] Request starting HTTP/2 OPTIONS https://localhost:7274/api/v1/products/1003 - null null
2026-05-15 02:06:37.451 +05:30 [INF] CORS policy execution successful.
2026-05-15 02:06:37.451 +05:30 [INF] Request finished HTTP/2 OPTIONS https://localhost:7274/api/v1/products/1003 - 204 null null 10.1699ms
2026-05-15 02:06:37.467 +05:30 [INF] Request starting HTTP/2 GET https://localhost:7274/api/v1/products/1003 - application/json null
2026-05-15 02:06:37.468 +05:30 [INF] CORS policy execution successful.
2026-05-15 02:06:37.470 +05:30 [INF] Executing endpoint 'eCommerce.Api.Controllers.v1.ProductsController.GetProductDetails (eCommerce.Api)'
2026-05-15 02:06:37.472 +05:30 [INF] Route matched with {action = "GetProductDetails", controller = "Products"}. Executing controller action with signature System.Threading.Tasks.Task`1[Microsoft.AspNetCore.Mvc.ActionResult`1[eCommerce.Application.DTOs.Product.ProductDto]] GetProductDetails(Int32) on controller eCommerce.Api.Controllers.v1.ProductsController (eCommerce.Api).
2026-05-15 02:06:37.568 +05:30 [INF] Executed DbCommand (63ms) [Parameters=[@__p_0='?' (DbType = Int32)], CommandType='"Text"', CommandTimeout='30']
SELECT TOP(1) [p].[ProductId], [p].[CategoryId], [p].[Description], [p].[Discount], [p].[Gender], [p].[MadeIn], [p].[ManufacturingDate], [p].[Picture], [p].[ProductName], [p].[Quantity], [p].[ReturnPolicy], [p].[ShoeType], [p].[UnitPrice], [p].[WarrantyPeriod]
FROM [Products] AS [p]
WHERE [p].[ProductId] = @__p_0
2026-05-15 02:06:37.573 +05:30 [INF] Executing OkObjectResult, writing value of type 'eCommerce.Application.DTOs.Product.ProductDto'.
2026-05-15 02:06:37.574 +05:30 [INF] Executed action eCommerce.Api.Controllers.v1.ProductsController.GetProductDetails (eCommerce.Api) in 100.7723ms
2026-05-15 02:06:37.574 +05:30 [INF] Executed endpoint 'eCommerce.Api.Controllers.v1.ProductsController.GetProductDetails (eCommerce.Api)'
2026-05-15 02:06:37.574 +05:30 [INF] Request finished HTTP/2 GET https://localhost:7274/api/v1/products/1003 - 200 null application/json; charset=utf-8 107.2473ms
2026-05-15 02:06:43.447 +05:30 [INF] Request starting HTTP/2 OPTIONS https://localhost:7274/api/v1/Carts - null null
2026-05-15 02:06:43.452 +05:30 [INF] CORS policy execution successful.
2026-05-15 02:06:43.453 +05:30 [INF] Request finished HTTP/2 OPTIONS https://localhost:7274/api/v1/Carts - 204 null null 5.7597ms
2026-05-15 02:06:43.457 +05:30 [INF] Request starting HTTP/2 POST https://localhost:7274/api/v1/Carts - application/json 54
2026-05-15 02:06:43.459 +05:30 [INF] CORS policy execution successful.
2026-05-15 02:06:43.460 +05:30 [INF] Executing endpoint 'eCommerce.Api.Controllers.v1.CartsController.CreateCart (eCommerce.Api)'
2026-05-15 02:06:43.475 +05:30 [INF] Route matched with {action = "CreateCart", controller = "Carts"}. Executing controller action with signature System.Threading.Tasks.Task`1[Microsoft.AspNetCore.Mvc.ActionResult`1[eCommerce.Application.DTOs.Cart.CreateCartDto]] CreateCart(eCommerce.Application.DTOs.Cart.CreateCartDto) on controller eCommerce.Api.Controllers.v1.CartsController (eCommerce.Api).
2026-05-15 02:06:43.690 +05:30 [INF] Executed DbCommand (85ms) [Parameters=[@p0='?' (DbType = DateTime2), @p1='?' (DbType = Int32)], CommandType='"Text"', CommandTimeout='30']
SET IMPLICIT_TRANSACTIONS OFF;
SET NOCOUNT ON;
INSERT INTO [Carts] ([CartDate], [CustomerId])
OUTPUT INSERTED.[CartId]
VALUES (@p0, @p1);
2026-05-15 02:06:43.712 +05:30 [INF] Executing CreatedAtActionResult, writing value of type 'eCommerce.Application.DTOs.Cart.CartDto'.
2026-05-15 02:06:43.742 +05:30 [INF] Executed action eCommerce.Api.Controllers.v1.CartsController.CreateCart (eCommerce.Api) in 266.7439ms
2026-05-15 02:06:43.742 +05:30 [INF] Executed endpoint 'eCommerce.Api.Controllers.v1.CartsController.CreateCart (eCommerce.Api)'
2026-05-15 02:06:43.743 +05:30 [INF] Request finished HTTP/2 POST https://localhost:7274/api/v1/Carts - 201 null application/json; charset=utf-8 286.036ms
2026-05-15 02:06:43.761 +05:30 [INF] Request starting HTTP/2 OPTIONS https://localhost:7274/api/v1/CartItems - null null
2026-05-15 02:06:43.765 +05:30 [INF] CORS policy execution successful.
2026-05-15 02:06:43.766 +05:30 [INF] Request finished HTTP/2 OPTIONS https://localhost:7274/api/v1/CartItems - 204 null null 5.4166ms
2026-05-15 02:06:43.769 +05:30 [INF] Request starting HTTP/2 POST https://localhost:7274/api/v1/CartItems - application/json 58
2026-05-15 02:06:43.771 +05:30 [INF] CORS policy execution successful.
2026-05-15 02:06:43.771 +05:30 [INF] Executing endpoint 'eCommerce.Api.Controllers.v1.CartItemsController.CreatecartItem (eCommerce.Api)'
2026-05-15 02:06:43.773 +05:30 [INF] Route matched with {action = "CreatecartItem", controller = "CartItems"}. Executing controller action with signature System.Threading.Tasks.Task`1[Microsoft.AspNetCore.Mvc.ActionResult`1[eCommerce.Application.DTOs.CartItem.CreateCartItemDto]] CreatecartItem(eCommerce.Application.DTOs.CartItem.CreateCartItemDto) on controller eCommerce.Api.Controllers.v1.CartItemsController (eCommerce.Api).
2026-05-15 02:06:43.825 +05:30 [INF] Executed DbCommand (21ms) [Parameters=[@p0='?' (DbType = Int32), @p1='?' (DbType = Int32), @p2='?' (DbType = Int32), @p3='?' (DbType = Int32)], CommandType='"Text"', CommandTimeout='30']
SET IMPLICIT_TRANSACTIONS OFF;
SET NOCOUNT ON;
INSERT INTO [CartItems] ([CartId], [ProductId], [Quantity], [Size])
OUTPUT INSERTED.[CartItemId]
VALUES (@p0, @p1, @p2, @p3);
2026-05-15 02:06:43.831 +05:30 [INF] Executing CreatedAtActionResult, writing value of type 'eCommerce.Application.DTOs.CartItem.CartItemDto'.
2026-05-15 02:06:43.835 +05:30 [INF] Executed action eCommerce.Api.Controllers.v1.CartItemsController.CreatecartItem (eCommerce.Api) in 61.211ms
2026-05-15 02:06:43.835 +05:30 [INF] Executed endpoint 'eCommerce.Api.Controllers.v1.CartItemsController.CreatecartItem (eCommerce.Api)'
2026-05-15 02:06:43.835 +05:30 [INF] Request finished HTTP/2 POST https://localhost:7274/api/v1/CartItems - 201 null application/json; charset=utf-8 66.7434ms
2026-05-15 02:06:43.871 +05:30 [INF] Request starting HTTP/2 GET https://localhost:7274/api/v1/CartItems - application/json null
2026-05-15 02:06:43.873 +05:30 [INF] CORS policy execution successful.
2026-05-15 02:06:43.874 +05:30 [INF] Executing endpoint 'eCommerce.Api.Controllers.v1.CartItemsController.GetAllcartItems (eCommerce.Api)'
2026-05-15 02:06:43.874 +05:30 [INF] Route matched with {action = "GetAllcartItems", controller = "CartItems"}. Executing controller action with signature System.Threading.Tasks.Task`1[Microsoft.AspNetCore.Mvc.ActionResult`1[System.Collections.Generic.IEnumerable`1[eCommerce.Application.DTOs.CartItem.CartItemDto]]] GetAllcartItems() on controller eCommerce.Api.Controllers.v1.CartItemsController (eCommerce.Api).
2026-05-15 02:06:43.886 +05:30 [INF] Executed DbCommand (9ms) [Parameters=[], CommandType='"Text"', CommandTimeout='30']
SELECT [c].[CartItemId], [c].[CartId], [c].[ProductId], [c].[Quantity], [c].[Size]
FROM [CartItems] AS [c]
2026-05-15 02:06:43.888 +05:30 [INF] Executing OkObjectResult, writing value of type 'System.Collections.Generic.List`1[[eCommerce.Application.DTOs.CartItem.CartItemDto, eCommerce.Application, Version=1.0.0.0, Culture=neutral, PublicKeyToken=null]]'.
2026-05-15 02:06:43.889 +05:30 [INF] Executed action eCommerce.Api.Controllers.v1.CartItemsController.GetAllcartItems (eCommerce.Api) in 14.5545ms
2026-05-15 02:06:43.889 +05:30 [INF] Executed endpoint 'eCommerce.Api.Controllers.v1.CartItemsController.GetAllcartItems (eCommerce.Api)'
2026-05-15 02:06:43.890 +05:30 [INF] Request finished HTTP/2 GET https://localhost:7274/api/v1/CartItems - 200 null application/json; charset=utf-8 19.0655ms
2026-05-15 02:06:43.898 +05:30 [INF] Request starting HTTP/2 OPTIONS https://localhost:7274/api/v1/products/1003 - null null
2026-05-15 02:06:43.899 +05:30 [INF] CORS policy execution successful.
2026-05-15 02:06:43.899 +05:30 [INF] Request finished HTTP/2 OPTIONS https://localhost:7274/api/v1/products/1003 - 204 null null 1.3531ms
2026-05-15 02:06:43.902 +05:30 [INF] Request starting HTTP/2 GET https://localhost:7274/api/v1/products/1003 - application/json null
2026-05-15 02:06:43.903 +05:30 [INF] CORS policy execution successful.
2026-05-15 02:06:43.904 +05:30 [INF] Executing endpoint 'eCommerce.Api.Controllers.v1.ProductsController.GetProductDetails (eCommerce.Api)'
2026-05-15 02:06:43.904 +05:30 [INF] Route matched with {action = "GetProductDetails", controller = "Products"}. Executing controller action with signature System.Threading.Tasks.Task`1[Microsoft.AspNetCore.Mvc.ActionResult`1[eCommerce.Application.DTOs.Product.ProductDto]] GetProductDetails(Int32) on controller eCommerce.Api.Controllers.v1.ProductsController (eCommerce.Api).
2026-05-15 02:06:43.916 +05:30 [INF] Executed DbCommand (8ms) [Parameters=[@__p_0='?' (DbType = Int32)], CommandType='"Text"', CommandTimeout='30']
SELECT TOP(1) [p].[ProductId], [p].[CategoryId], [p].[Description], [p].[Discount], [p].[Gender], [p].[MadeIn], [p].[ManufacturingDate], [p].[Picture], [p].[ProductName], [p].[Quantity], [p].[ReturnPolicy], [p].[ShoeType], [p].[UnitPrice], [p].[WarrantyPeriod]
FROM [Products] AS [p]
WHERE [p].[ProductId] = @__p_0
2026-05-15 02:06:43.917 +05:30 [INF] Executing OkObjectResult, writing value of type 'eCommerce.Application.DTOs.Product.ProductDto'.
2026-05-15 02:06:43.918 +05:30 [INF] Executed action eCommerce.Api.Controllers.v1.ProductsController.GetProductDetails (eCommerce.Api) in 13.3223ms
2026-05-15 02:06:43.918 +05:30 [INF] Executed endpoint 'eCommerce.Api.Controllers.v1.ProductsController.GetProductDetails (eCommerce.Api)'
2026-05-15 02:06:43.918 +05:30 [INF] Request finished HTTP/2 GET https://localhost:7274/api/v1/products/1003 - 200 null application/json; charset=utf-8 16.0498ms
2026-05-15 02:06:48.796 +05:30 [INF] Request starting HTTP/2 OPTIONS https://localhost:7274/api/v1/CartItems - null null
2026-05-15 02:06:48.798 +05:30 [INF] CORS policy execution successful.
2026-05-15 02:06:48.799 +05:30 [INF] Request finished HTTP/2 OPTIONS https://localhost:7274/api/v1/CartItems - 204 null null 4.4429ms
2026-05-15 02:06:48.805 +05:30 [INF] Request starting HTTP/2 PUT https://localhost:7274/api/v1/CartItems - application/json 72
2026-05-15 02:06:48.806 +05:30 [INF] CORS policy execution successful.
2026-05-15 02:06:48.806 +05:30 [INF] Executing endpoint 'eCommerce.Api.Controllers.v1.CartItemsController.UpdatecartItem (eCommerce.Api)'
2026-05-15 02:06:48.808 +05:30 [INF] Route matched with {action = "UpdatecartItem", controller = "CartItems"}. Executing controller action with signature System.Threading.Tasks.Task`1[Microsoft.AspNetCore.Mvc.ActionResult] UpdatecartItem(eCommerce.Application.DTOs.CartItem.UpdateCartItemDto) on controller eCommerce.Api.Controllers.v1.CartItemsController (eCommerce.Api).
2026-05-15 02:06:48.868 +05:30 [INF] Executed DbCommand (38ms) [Parameters=[@p4='?' (DbType = Int32), @p0='?' (DbType = Int32), @p1='?' (DbType = Int32), @p2='?' (DbType = Int32), @p3='?' (DbType = Int32)], CommandType='"Text"', CommandTimeout='30']
SET IMPLICIT_TRANSACTIONS OFF;
SET NOCOUNT ON;
UPDATE [CartItems] SET [CartId] = @p0, [ProductId] = @p1, [Quantity] = @p2, [Size] = @p3
OUTPUT 1
WHERE [CartItemId] = @p4;
2026-05-15 02:06:48.871 +05:30 [INF] Executing StatusCodeResult, setting HTTP status code 204
2026-05-15 02:06:48.871 +05:30 [INF] Executed action eCommerce.Api.Controllers.v1.CartItemsController.UpdatecartItem (eCommerce.Api) in 62.7999ms
2026-05-15 02:06:48.872 +05:30 [INF] Executed endpoint 'eCommerce.Api.Controllers.v1.CartItemsController.UpdatecartItem (eCommerce.Api)'
2026-05-15 02:06:48.872 +05:30 [INF] Request finished HTTP/2 PUT https://localhost:7274/api/v1/CartItems - 204 null null 67.9204ms
2026-05-15 02:06:51.276 +05:30 [INF] Request starting HTTP/2 PUT https://localhost:7274/api/v1/CartItems - application/json 72
2026-05-15 02:06:51.276 +05:30 [INF] CORS policy execution successful.
2026-05-15 02:06:51.278 +05:30 [INF] Executing endpoint 'eCommerce.Api.Controllers.v1.CartItemsController.UpdatecartItem (eCommerce.Api)'
2026-05-15 02:06:51.278 +05:30 [INF] Route matched with {action = "UpdatecartItem", controller = "CartItems"}. Executing controller action with signature System.Threading.Tasks.Task`1[Microsoft.AspNetCore.Mvc.ActionResult] UpdatecartItem(eCommerce.Application.DTOs.CartItem.UpdateCartItemDto) on controller eCommerce.Api.Controllers.v1.CartItemsController (eCommerce.Api).
2026-05-15 02:06:51.306 +05:30 [INF] Executed DbCommand (19ms) [Parameters=[@p4='?' (DbType = Int32), @p0='?' (DbType = Int32), @p1='?' (DbType = Int32), @p2='?' (DbType = Int32), @p3='?' (DbType = Int32)], CommandType='"Text"', CommandTimeout='30']
SET IMPLICIT_TRANSACTIONS OFF;
SET NOCOUNT ON;
UPDATE [CartItems] SET [CartId] = @p0, [ProductId] = @p1, [Quantity] = @p2, [Size] = @p3
OUTPUT 1
WHERE [CartItemId] = @p4;
2026-05-15 02:06:51.307 +05:30 [INF] Executing StatusCodeResult, setting HTTP status code 204
2026-05-15 02:06:51.307 +05:30 [INF] Executed action eCommerce.Api.Controllers.v1.CartItemsController.UpdatecartItem (eCommerce.Api) in 28.3278ms
2026-05-15 02:06:51.307 +05:30 [INF] Executed endpoint 'eCommerce.Api.Controllers.v1.CartItemsController.UpdatecartItem (eCommerce.Api)'
2026-05-15 02:06:51.307 +05:30 [INF] Request finished HTTP/2 PUT https://localhost:7274/api/v1/CartItems - 204 null null 32.6005ms
2026-05-15 02:06:52.830 +05:30 [INF] Request starting HTTP/2 PUT https://localhost:7274/api/v1/CartItems - application/json 72
2026-05-15 02:06:52.831 +05:30 [INF] CORS policy execution successful.
2026-05-15 02:06:52.840 +05:30 [INF] Executing endpoint 'eCommerce.Api.Controllers.v1.CartItemsController.UpdatecartItem (eCommerce.Api)'
2026-05-15 02:06:52.840 +05:30 [INF] Route matched with {action = "UpdatecartItem", controller = "CartItems"}. Executing controller action with signature System.Threading.Tasks.Task`1[Microsoft.AspNetCore.Mvc.ActionResult] UpdatecartItem(eCommerce.Application.DTOs.CartItem.UpdateCartItemDto) on controller eCommerce.Api.Controllers.v1.CartItemsController (eCommerce.Api).
2026-05-15 02:06:52.872 +05:30 [INF] Executed DbCommand (25ms) [Parameters=[@p4='?' (DbType = Int32), @p0='?' (DbType = Int32), @p1='?' (DbType = Int32), @p2='?' (DbType = Int32), @p3='?' (DbType = Int32)], CommandType='"Text"', CommandTimeout='30']
SET IMPLICIT_TRANSACTIONS OFF;
SET NOCOUNT ON;
UPDATE [CartItems] SET [CartId] = @p0, [ProductId] = @p1, [Quantity] = @p2, [Size] = @p3
OUTPUT 1
WHERE [CartItemId] = @p4;
2026-05-15 02:06:52.873 +05:30 [INF] Executing StatusCodeResult, setting HTTP status code 204
2026-05-15 02:06:52.873 +05:30 [INF] Executed action eCommerce.Api.Controllers.v1.CartItemsController.UpdatecartItem (eCommerce.Api) in 33.2117ms
2026-05-15 02:06:52.873 +05:30 [INF] Executed endpoint 'eCommerce.Api.Controllers.v1.CartItemsController.UpdatecartItem (eCommerce.Api)'
2026-05-15 02:06:52.874 +05:30 [INF] Request finished HTTP/2 PUT https://localhost:7274/api/v1/CartItems - 204 null null 44.4399ms
2026-05-15 02:06:53.041 +05:30 [INF] Request starting HTTP/2 PUT https://localhost:7274/api/v1/CartItems - application/json 72
2026-05-15 02:06:53.041 +05:30 [INF] CORS policy execution successful.
2026-05-15 02:06:53.043 +05:30 [INF] Executing endpoint 'eCommerce.Api.Controllers.v1.CartItemsController.UpdatecartItem (eCommerce.Api)'
2026-05-15 02:06:53.043 +05:30 [INF] Route matched with {action = "UpdatecartItem", controller = "CartItems"}. Executing controller action with signature System.Threading.Tasks.Task`1[Microsoft.AspNetCore.Mvc.ActionResult] UpdatecartItem(eCommerce.Application.DTOs.CartItem.UpdateCartItemDto) on controller eCommerce.Api.Controllers.v1.CartItemsController (eCommerce.Api).
2026-05-15 02:06:53.057 +05:30 [INF] Executed DbCommand (10ms) [Parameters=[@p4='?' (DbType = Int32), @p0='?' (DbType = Int32), @p1='?' (DbType = Int32), @p2='?' (DbType = Int32), @p3='?' (DbType = Int32)], CommandType='"Text"', CommandTimeout='30']
SET IMPLICIT_TRANSACTIONS OFF;
SET NOCOUNT ON;
UPDATE [CartItems] SET [CartId] = @p0, [ProductId] = @p1, [Quantity] = @p2, [Size] = @p3
OUTPUT 1
WHERE [CartItemId] = @p4;
2026-05-15 02:06:53.058 +05:30 [INF] Executing StatusCodeResult, setting HTTP status code 204
2026-05-15 02:06:53.059 +05:30 [INF] Executed action eCommerce.Api.Controllers.v1.CartItemsController.UpdatecartItem (eCommerce.Api) in 15.7ms
2026-05-15 02:06:53.059 +05:30 [INF] Executed endpoint 'eCommerce.Api.Controllers.v1.CartItemsController.UpdatecartItem (eCommerce.Api)'
2026-05-15 02:06:53.059 +05:30 [INF] Request finished HTTP/2 PUT https://localhost:7274/api/v1/CartItems - 204 null null 20.2144ms
2026-05-15 02:06:53.269 +05:30 [INF] Request starting HTTP/2 PUT https://localhost:7274/api/v1/CartItems - application/json 72
2026-05-15 02:06:53.270 +05:30 [INF] CORS policy execution successful.
2026-05-15 02:06:53.272 +05:30 [INF] Executing endpoint 'eCommerce.Api.Controllers.v1.CartItemsController.UpdatecartItem (eCommerce.Api)'
2026-05-15 02:06:53.274 +05:30 [INF] Route matched with {action = "UpdatecartItem", controller = "CartItems"}. Executing controller action with signature System.Threading.Tasks.Task`1[Microsoft.AspNetCore.Mvc.ActionResult] UpdatecartItem(eCommerce.Application.DTOs.CartItem.UpdateCartItemDto) on controller eCommerce.Api.Controllers.v1.CartItemsController (eCommerce.Api).
2026-05-15 02:06:53.292 +05:30 [INF] Executed DbCommand (13ms) [Parameters=[@p4='?' (DbType = Int32), @p0='?' (DbType = Int32), @p1='?' (DbType = Int32), @p2='?' (DbType = Int32), @p3='?' (DbType = Int32)], CommandType='"Text"', CommandTimeout='30']
SET IMPLICIT_TRANSACTIONS OFF;
SET NOCOUNT ON;
UPDATE [CartItems] SET [CartId] = @p0, [ProductId] = @p1, [Quantity] = @p2, [Size] = @p3
OUTPUT 1
WHERE [CartItemId] = @p4;
2026-05-15 02:06:53.292 +05:30 [INF] Executing StatusCodeResult, setting HTTP status code 204
2026-05-15 02:06:53.293 +05:30 [INF] Executed action eCommerce.Api.Controllers.v1.CartItemsController.UpdatecartItem (eCommerce.Api) in 18.4063ms
2026-05-15 02:06:53.293 +05:30 [INF] Executed endpoint 'eCommerce.Api.Controllers.v1.CartItemsController.UpdatecartItem (eCommerce.Api)'
2026-05-15 02:06:53.293 +05:30 [INF] Request finished HTTP/2 PUT https://localhost:7274/api/v1/CartItems - 204 null null 24.4957ms
2026-05-15 02:06:54.518 +05:30 [INF] Request starting HTTP/2 OPTIONS https://localhost:7274/api/v1/CartItems - null null
2026-05-15 02:06:54.519 +05:30 [INF] CORS policy execution successful.
2026-05-15 02:06:54.519 +05:30 [INF] Request finished HTTP/2 OPTIONS https://localhost:7274/api/v1/CartItems - 204 null null 0.8064ms
2026-05-15 02:06:54.523 +05:30 [INF] Request starting HTTP/2 PUT https://localhost:7274/api/v1/CartItems - application/json 72
2026-05-15 02:06:54.523 +05:30 [INF] CORS policy execution successful.
2026-05-15 02:06:54.525 +05:30 [INF] Executing endpoint 'eCommerce.Api.Controllers.v1.CartItemsController.UpdatecartItem (eCommerce.Api)'
2026-05-15 02:06:54.525 +05:30 [INF] Route matched with {action = "UpdatecartItem", controller = "CartItems"}. Executing controller action with signature System.Threading.Tasks.Task`1[Microsoft.AspNetCore.Mvc.ActionResult] UpdatecartItem(eCommerce.Application.DTOs.CartItem.UpdateCartItemDto) on controller eCommerce.Api.Controllers.v1.CartItemsController (eCommerce.Api).
2026-05-15 02:06:54.540 +05:30 [INF] Executed DbCommand (11ms) [Parameters=[@p4='?' (DbType = Int32), @p0='?' (DbType = Int32), @p1='?' (DbType = Int32), @p2='?' (DbType = Int32), @p3='?' (DbType = Int32)], CommandType='"Text"', CommandTimeout='30']
SET IMPLICIT_TRANSACTIONS OFF;
SET NOCOUNT ON;
UPDATE [CartItems] SET [CartId] = @p0, [ProductId] = @p1, [Quantity] = @p2, [Size] = @p3
OUTPUT 1
WHERE [CartItemId] = @p4;
2026-05-15 02:06:54.542 +05:30 [INF] Executing StatusCodeResult, setting HTTP status code 204
2026-05-15 02:06:54.542 +05:30 [INF] Executed action eCommerce.Api.Controllers.v1.CartItemsController.UpdatecartItem (eCommerce.Api) in 16.5585ms
2026-05-15 02:06:54.542 +05:30 [INF] Executed endpoint 'eCommerce.Api.Controllers.v1.CartItemsController.UpdatecartItem (eCommerce.Api)'
2026-05-15 02:06:54.542 +05:30 [INF] Request finished HTTP/2 PUT https://localhost:7274/api/v1/CartItems - 204 null null 19.7209ms
2026-05-15 02:06:54.716 +05:30 [INF] Request starting HTTP/2 PUT https://localhost:7274/api/v1/CartItems - application/json 72
2026-05-15 02:06:54.718 +05:30 [INF] CORS policy execution successful.
2026-05-15 02:06:54.719 +05:30 [INF] Executing endpoint 'eCommerce.Api.Controllers.v1.CartItemsController.UpdatecartItem (eCommerce.Api)'
2026-05-15 02:06:54.719 +05:30 [INF] Route matched with {action = "UpdatecartItem", controller = "CartItems"}. Executing controller action with signature System.Threading.Tasks.Task`1[Microsoft.AspNetCore.Mvc.ActionResult] UpdatecartItem(eCommerce.Application.DTOs.CartItem.UpdateCartItemDto) on controller eCommerce.Api.Controllers.v1.CartItemsController (eCommerce.Api).
2026-05-15 02:06:54.730 +05:30 [INF] Executed DbCommand (6ms) [Parameters=[@p4='?' (DbType = Int32), @p0='?' (DbType = Int32), @p1='?' (DbType = Int32), @p2='?' (DbType = Int32), @p3='?' (DbType = Int32)], CommandType='"Text"', CommandTimeout='30']
SET IMPLICIT_TRANSACTIONS OFF;
SET NOCOUNT ON;
UPDATE [CartItems] SET [CartId] = @p0, [ProductId] = @p1, [Quantity] = @p2, [Size] = @p3
OUTPUT 1
WHERE [CartItemId] = @p4;
2026-05-15 02:06:54.738 +05:30 [INF] Executing StatusCodeResult, setting HTTP status code 204
2026-05-15 02:06:54.738 +05:30 [INF] Executed action eCommerce.Api.Controllers.v1.CartItemsController.UpdatecartItem (eCommerce.Api) in 18.6737ms
2026-05-15 02:06:54.738 +05:30 [INF] Executed endpoint 'eCommerce.Api.Controllers.v1.CartItemsController.UpdatecartItem (eCommerce.Api)'
2026-05-15 02:06:54.738 +05:30 [INF] Request finished HTTP/2 PUT https://localhost:7274/api/v1/CartItems - 204 null null 22.5918ms
2026-05-15 02:06:54.868 +05:30 [INF] Request starting HTTP/2 PUT https://localhost:7274/api/v1/CartItems - application/json 72
2026-05-15 02:06:54.869 +05:30 [INF] CORS policy execution successful.
2026-05-15 02:06:54.869 +05:30 [INF] Executing endpoint 'eCommerce.Api.Controllers.v1.CartItemsController.UpdatecartItem (eCommerce.Api)'
2026-05-15 02:06:54.870 +05:30 [INF] Route matched with {action = "UpdatecartItem", controller = "CartItems"}. Executing controller action with signature System.Threading.Tasks.Task`1[Microsoft.AspNetCore.Mvc.ActionResult] UpdatecartItem(eCommerce.Application.DTOs.CartItem.UpdateCartItemDto) on controller eCommerce.Api.Controllers.v1.CartItemsController (eCommerce.Api).
2026-05-15 02:06:54.945 +05:30 [INF] Executed DbCommand (69ms) [Parameters=[@p4='?' (DbType = Int32), @p0='?' (DbType = Int32), @p1='?' (DbType = Int32), @p2='?' (DbType = Int32), @p3='?' (DbType = Int32)], CommandType='"Text"', CommandTimeout='30']
SET IMPLICIT_TRANSACTIONS OFF;
SET NOCOUNT ON;
UPDATE [CartItems] SET [CartId] = @p0, [ProductId] = @p1, [Quantity] = @p2, [Size] = @p3
OUTPUT 1
WHERE [CartItemId] = @p4;
2026-05-15 02:06:54.946 +05:30 [INF] Executing StatusCodeResult, setting HTTP status code 204
2026-05-15 02:06:54.946 +05:30 [INF] Executed action eCommerce.Api.Controllers.v1.CartItemsController.UpdatecartItem (eCommerce.Api) in 75.9333ms
2026-05-15 02:06:54.946 +05:30 [INF] Executed endpoint 'eCommerce.Api.Controllers.v1.CartItemsController.UpdatecartItem (eCommerce.Api)'
2026-05-15 02:06:54.946 +05:30 [INF] Request finished HTTP/2 PUT https://localhost:7274/api/v1/CartItems - 204 null null 79.4951ms
2026-05-15 02:06:55.074 +05:30 [INF] Request starting HTTP/2 PUT https://localhost:7274/api/v1/CartItems - application/json 72
2026-05-15 02:06:55.076 +05:30 [INF] CORS policy execution successful.
2026-05-15 02:06:55.077 +05:30 [INF] Executing endpoint 'eCommerce.Api.Controllers.v1.CartItemsController.UpdatecartItem (eCommerce.Api)'
2026-05-15 02:06:55.077 +05:30 [INF] Route matched with {action = "UpdatecartItem", controller = "CartItems"}. Executing controller action with signature System.Threading.Tasks.Task`1[Microsoft.AspNetCore.Mvc.ActionResult] UpdatecartItem(eCommerce.Application.DTOs.CartItem.UpdateCartItemDto) on controller eCommerce.Api.Controllers.v1.CartItemsController (eCommerce.Api).
2026-05-15 02:06:55.132 +05:30 [INF] Executed DbCommand (51ms) [Parameters=[@p4='?' (DbType = Int32), @p0='?' (DbType = Int32), @p1='?' (DbType = Int32), @p2='?' (DbType = Int32), @p3='?' (DbType = Int32)], CommandType='"Text"', CommandTimeout='30']
SET IMPLICIT_TRANSACTIONS OFF;
SET NOCOUNT ON;
UPDATE [CartItems] SET [CartId] = @p0, [ProductId] = @p1, [Quantity] = @p2, [Size] = @p3
OUTPUT 1
WHERE [CartItemId] = @p4;
2026-05-15 02:06:55.133 +05:30 [INF] Executing StatusCodeResult, setting HTTP status code 204
2026-05-15 02:06:55.133 +05:30 [INF] Executed action eCommerce.Api.Controllers.v1.CartItemsController.UpdatecartItem (eCommerce.Api) in 56.2397ms
2026-05-15 02:06:55.133 +05:30 [INF] Executed endpoint 'eCommerce.Api.Controllers.v1.CartItemsController.UpdatecartItem (eCommerce.Api)'
2026-05-15 02:06:55.133 +05:30 [INF] Request finished HTTP/2 PUT https://localhost:7274/api/v1/CartItems - 204 null null 59.7903ms
2026-05-15 02:06:55.278 +05:30 [INF] Request starting HTTP/2 PUT https://localhost:7274/api/v1/CartItems - application/json 72
2026-05-15 02:06:55.279 +05:30 [INF] CORS policy execution successful.
2026-05-15 02:06:55.279 +05:30 [INF] Executing endpoint 'eCommerce.Api.Controllers.v1.CartItemsController.UpdatecartItem (eCommerce.Api)'
2026-05-15 02:06:55.279 +05:30 [INF] Route matched with {action = "UpdatecartItem", controller = "CartItems"}. Executing controller action with signature System.Threading.Tasks.Task`1[Microsoft.AspNetCore.Mvc.ActionResult] UpdatecartItem(eCommerce.Application.DTOs.CartItem.UpdateCartItemDto) on controller eCommerce.Api.Controllers.v1.CartItemsController (eCommerce.Api).
2026-05-15 02:06:55.295 +05:30 [INF] Executed DbCommand (12ms) [Parameters=[@p4='?' (DbType = Int32), @p0='?' (DbType = Int32), @p1='?' (DbType = Int32), @p2='?' (DbType = Int32), @p3='?' (DbType = Int32)], CommandType='"Text"', CommandTimeout='30']
SET IMPLICIT_TRANSACTIONS OFF;
SET NOCOUNT ON;
UPDATE [CartItems] SET [CartId] = @p0, [ProductId] = @p1, [Quantity] = @p2, [Size] = @p3
OUTPUT 1
WHERE [CartItemId] = @p4;
2026-05-15 02:06:55.295 +05:30 [INF] Executing StatusCodeResult, setting HTTP status code 204
2026-05-15 02:06:55.295 +05:30 [INF] Executed action eCommerce.Api.Controllers.v1.CartItemsController.UpdatecartItem (eCommerce.Api) in 15.9737ms
2026-05-15 02:06:55.295 +05:30 [INF] Executed endpoint 'eCommerce.Api.Controllers.v1.CartItemsController.UpdatecartItem (eCommerce.Api)'
2026-05-15 02:06:55.296 +05:30 [INF] Request finished HTTP/2 PUT https://localhost:7274/api/v1/CartItems - 204 null null 18.6027ms
2026-05-15 02:06:56.840 +05:30 [INF] Request starting HTTP/2 OPTIONS https://localhost:7274/api/v1/Carts/create-razorpay-order?cartId=35 - null null
2026-05-15 02:06:56.845 +05:30 [INF] CORS policy execution successful.
2026-05-15 02:06:56.845 +05:30 [INF] Request finished HTTP/2 OPTIONS https://localhost:7274/api/v1/Carts/create-razorpay-order?cartId=35 - 204 null null 4.8321ms
2026-05-15 02:06:56.848 +05:30 [INF] Request starting HTTP/2 POST https://localhost:7274/api/v1/Carts/create-razorpay-order?cartId=35 - application/json 2
2026-05-15 02:06:56.856 +05:30 [INF] CORS policy execution successful.
2026-05-15 02:06:56.856 +05:30 [INF] Executing endpoint 'eCommerce.Api.Controllers.v1.CartsController.CreateRazorpayOrder (eCommerce.Api)'
2026-05-15 02:06:56.857 +05:30 [INF] Route matched with {action = "CreateRazorpayOrder", controller = "Carts"}. Executing controller action with signature System.Threading.Tasks.Task`1[Microsoft.AspNetCore.Mvc.ActionResult] CreateRazorpayOrder(Int32) on controller eCommerce.Api.Controllers.v1.CartsController (eCommerce.Api).
2026-05-15 02:06:56.890 +05:30 [INF] Executed DbCommand (24ms) [Parameters=[@__cartId_0='?' (DbType = Int32)], CommandType='"Text"', CommandTimeout='30']
SELECT [t].[CartId], [t].[CartDate], [t].[CustomerId], [t0].[CartItemId], [t0].[CartId], [t0].[ProductId], [t0].[Quantity], [t0].[Size], [t0].[ProductId0], [t0].[CategoryId], [t0].[Description], [t0].[Discount], [t0].[Gender], [t0].[MadeIn], [t0].[ManufacturingDate], [t0].[Picture], [t0].[ProductName], [t0].[Quantity0], [t0].[ReturnPolicy], [t0].[ShoeType], [t0].[UnitPrice], [t0].[WarrantyPeriod]
FROM (
    SELECT TOP(1) [c].[CartId], [c].[CartDate], [c].[CustomerId]
    FROM [Carts] AS [c]
    WHERE [c].[CartId] = @__cartId_0
) AS [t]
LEFT JOIN (
    SELECT [c0].[CartItemId], [c0].[CartId], [c0].[ProductId], [c0].[Quantity], [c0].[Size], [p].[ProductId] AS [ProductId0], [p].[CategoryId], [p].[Description], [p].[Discount], [p].[Gender], [p].[MadeIn], [p].[ManufacturingDate], [p].[Picture], [p].[ProductName], [p].[Quantity] AS [Quantity0], [p].[ReturnPolicy], [p].[ShoeType], [p].[UnitPrice], [p].[WarrantyPeriod]
    FROM [CartItems] AS [c0]
    INNER JOIN [Products] AS [p] ON [c0].[ProductId] = [p].[ProductId]
) AS [t0] ON [t].[CartId] = [t0].[CartId]
ORDER BY [t].[CartId], [t0].[CartItemId]
2026-05-15 02:06:56.901 +05:30 [INF] Executing BadRequestObjectResult, writing value of type '<>f__AnonymousType2`1[[System.String, System.Private.CoreLib, Version=8.0.0.0, Culture=neutral, PublicKeyToken=7cec85d7bea7798e]]'.
2026-05-15 02:06:56.903 +05:30 [INF] Executed action eCommerce.Api.Controllers.v1.CartsController.CreateRazorpayOrder (eCommerce.Api) in 45.0301ms
2026-05-15 02:06:56.903 +05:30 [INF] Executed endpoint 'eCommerce.Api.Controllers.v1.CartsController.CreateRazorpayOrder (eCommerce.Api)'
2026-05-15 02:06:56.903 +05:30 [INF] Request finished HTTP/2 POST https://localhost:7274/api/v1/Carts/create-razorpay-order?cartId=35 - 400 null application/json; charset=utf-8 55.6377ms
2026-05-15 02:12:06.973 +05:30 [INF] User profile is available. Using 'C:\Users\pilli\AppData\Local\ASP.NET\DataProtection-Keys' as key repository and Windows DPAPI to encrypt keys at rest.
2026-05-15 02:12:11.248 +05:30 [INF] Now listening on: https://localhost:7274
2026-05-15 02:12:11.253 +05:30 [INF] Now listening on: http://localhost:5169
2026-05-15 02:12:12.698 +05:30 [INF] Application started. Press Ctrl+C to shut down.
2026-05-15 02:12:12.702 +05:30 [INF] Hosting environment: Development
2026-05-15 02:12:12.702 +05:30 [INF] Content root path: C:\Users\pilli\OneDrive\Desktop\.net&angular training\ASP.NETCoreWebAPI\CleanArchitecture\eCommerce.Api
2026-05-15 02:12:17.347 +05:30 [INF] Request starting HTTP/2 GET https://localhost:7274/swagger/index.html - null null
2026-05-15 02:12:19.634 +05:30 [INF] Request finished HTTP/2 GET https://localhost:7274/swagger/index.html - 200 null text/html;charset=utf-8 2369.2644ms
2026-05-15 02:12:19.780 +05:30 [INF] Request starting HTTP/2 GET https://localhost:7274/_framework/aspnetcore-browser-refresh.js - null null
2026-05-15 02:12:19.780 +05:30 [INF] Request starting HTTP/2 GET https://localhost:7274/_vs/browserLink - null null
2026-05-15 02:12:19.833 +05:30 [INF] Request finished HTTP/2 GET https://localhost:7274/_framework/aspnetcore-browser-refresh.js - 200 16511 application/javascript; charset=utf-8 54.2107ms
2026-05-15 02:12:20.176 +05:30 [INF] Request finished HTTP/2 GET https://localhost:7274/_vs/browserLink - 200 null text/javascript; charset=UTF-8 396.835ms
2026-05-15 02:12:20.354 +05:30 [INF] Request starting HTTP/2 GET https://localhost:7274/swagger/v1/swagger.json - null null
2026-05-15 02:12:21.701 +05:30 [INF] Request finished HTTP/2 GET https://localhost:7274/swagger/v1/swagger.json - 200 null application/json;charset=utf-8 1347.5088ms
2026-05-15 02:14:33.329 +05:30 [INF] Request starting HTTP/2 OPTIONS https://localhost:7274/api/v1/Security/Login - null null
2026-05-15 02:14:33.983 +05:30 [INF] CORS policy execution successful.
2026-05-15 02:14:33.998 +05:30 [INF] Request finished HTTP/2 OPTIONS https://localhost:7274/api/v1/Security/Login - 204 null null 691.3357ms
2026-05-15 02:14:34.022 +05:30 [INF] Request starting HTTP/2 POST https://localhost:7274/api/v1/Security/Login - application/json 52
2026-05-15 02:14:34.091 +05:30 [INF] CORS policy execution successful.
2026-05-15 02:14:34.524 +05:30 [INF] Failed to validate the token.
Microsoft.IdentityModel.Tokens.SecurityTokenMalformedException: IDX14100: JWT is not well formed, there are no dots (.).
The token needs to be in JWS or JWE Compact Serialization Format. (JWS): 'EncodedHeader.EncodedPayload.EncodedSignature'. (JWE): 'EncodedProtectedHeader.EncodedEncryptedKey.EncodedInitializationVector.EncodedCiphertext.EncodedAuthenticationTag'.
   at Microsoft.IdentityModel.JsonWebTokens.JsonWebToken.ReadToken(ReadOnlyMemory`1 encodedTokenMemory)
   at Microsoft.IdentityModel.JsonWebTokens.JsonWebToken..ctor(String jwtEncodedString, TryReadJwtClaim tryReadJwtClaim)
   at Microsoft.IdentityModel.JsonWebTokens.JsonWebTokenHandler.ReadToken(String token, TokenValidationParameters validationParameters)
2026-05-15 02:14:34.635 +05:30 [INF] Bearer was not authenticated. Failure message: IDX14100: JWT is not well formed, there are no dots (.).
The token needs to be in JWS or JWE Compact Serialization Format. (JWS): 'EncodedHeader.EncodedPayload.EncodedSignature'. (JWE): 'EncodedProtectedHeader.EncodedEncryptedKey.EncodedInitializationVector.EncodedCiphertext.EncodedAuthenticationTag'.
2026-05-15 02:14:34.657 +05:30 [INF] Executing endpoint 'eCommerce.Api.Controllers.v1.SecurityController.Post (eCommerce.Api)'
2026-05-15 02:14:34.857 +05:30 [INF] Route matched with {action = "Post", controller = "Security"}. Executing controller action with signature System.Threading.Tasks.Task`1[Microsoft.AspNetCore.Mvc.ActionResult`1[eCommerce.Application.VMS.AuthenticationResponseVM]] Post(eCommerce.Application.DTOs.User.UserDto) on controller eCommerce.Api.Controllers.v1.SecurityController (eCommerce.Api).
2026-05-15 02:14:38.311 +05:30 [INF] Request starting HTTP/2 POST https://localhost:7274/api/v1/Security/Login - application/json 52
2026-05-15 02:14:38.314 +05:30 [INF] CORS policy execution successful.
2026-05-15 02:14:38.317 +05:30 [INF] Failed to validate the token.
Microsoft.IdentityModel.Tokens.SecurityTokenMalformedException: IDX14100: JWT is not well formed, there are no dots (.).
The token needs to be in JWS or JWE Compact Serialization Format. (JWS): 'EncodedHeader.EncodedPayload.EncodedSignature'. (JWE): 'EncodedProtectedHeader.EncodedEncryptedKey.EncodedInitializationVector.EncodedCiphertext.EncodedAuthenticationTag'.
   at Microsoft.IdentityModel.JsonWebTokens.JsonWebToken.ReadToken(ReadOnlyMemory`1 encodedTokenMemory)
   at Microsoft.IdentityModel.JsonWebTokens.JsonWebToken..ctor(String jwtEncodedString, TryReadJwtClaim tryReadJwtClaim)
   at Microsoft.IdentityModel.JsonWebTokens.JsonWebTokenHandler.ReadToken(String token, TokenValidationParameters validationParameters)
2026-05-15 02:14:38.318 +05:30 [INF] Bearer was not authenticated. Failure message: IDX14100: JWT is not well formed, there are no dots (.).
The token needs to be in JWS or JWE Compact Serialization Format. (JWS): 'EncodedHeader.EncodedPayload.EncodedSignature'. (JWE): 'EncodedProtectedHeader.EncodedEncryptedKey.EncodedInitializationVector.EncodedCiphertext.EncodedAuthenticationTag'.
2026-05-15 02:14:38.319 +05:30 [INF] Executing endpoint 'eCommerce.Api.Controllers.v1.SecurityController.Post (eCommerce.Api)'
2026-05-15 02:14:38.320 +05:30 [INF] Route matched with {action = "Post", controller = "Security"}. Executing controller action with signature System.Threading.Tasks.Task`1[Microsoft.AspNetCore.Mvc.ActionResult`1[eCommerce.Application.VMS.AuthenticationResponseVM]] Post(eCommerce.Application.DTOs.User.UserDto) on controller eCommerce.Api.Controllers.v1.SecurityController (eCommerce.Api).
2026-05-15 02:14:40.222 +05:30 [INF] Request starting HTTP/2 OPTIONS https://localhost:7274/api/v1/Security/Login - null null
2026-05-15 02:14:40.224 +05:30 [INF] CORS policy execution successful.
2026-05-15 02:14:40.226 +05:30 [INF] Request finished HTTP/2 OPTIONS https://localhost:7274/api/v1/Security/Login - 204 null null 5.0653ms
2026-05-15 02:14:40.263 +05:30 [INF] Request starting HTTP/2 POST https://localhost:7274/api/v1/Security/Login - application/json 52
2026-05-15 02:14:40.287 +05:30 [INF] CORS policy execution successful.
2026-05-15 02:14:40.302 +05:30 [INF] Failed to validate the token.
Microsoft.IdentityModel.Tokens.SecurityTokenMalformedException: IDX14100: JWT is not well formed, there are no dots (.).
The token needs to be in JWS or JWE Compact Serialization Format. (JWS): 'EncodedHeader.EncodedPayload.EncodedSignature'. (JWE): 'EncodedProtectedHeader.EncodedEncryptedKey.EncodedInitializationVector.EncodedCiphertext.EncodedAuthenticationTag'.
   at Microsoft.IdentityModel.JsonWebTokens.JsonWebToken.ReadToken(ReadOnlyMemory`1 encodedTokenMemory)
   at Microsoft.IdentityModel.JsonWebTokens.JsonWebToken..ctor(String jwtEncodedString, TryReadJwtClaim tryReadJwtClaim)
   at Microsoft.IdentityModel.JsonWebTokens.JsonWebTokenHandler.ReadToken(String token, TokenValidationParameters validationParameters)
2026-05-15 02:14:40.303 +05:30 [INF] Bearer was not authenticated. Failure message: IDX14100: JWT is not well formed, there are no dots (.).
The token needs to be in JWS or JWE Compact Serialization Format. (JWS): 'EncodedHeader.EncodedPayload.EncodedSignature'. (JWE): 'EncodedProtectedHeader.EncodedEncryptedKey.EncodedInitializationVector.EncodedCiphertext.EncodedAuthenticationTag'.
2026-05-15 02:14:40.303 +05:30 [INF] Executing endpoint 'eCommerce.Api.Controllers.v1.SecurityController.Post (eCommerce.Api)'
2026-05-15 02:14:40.304 +05:30 [INF] Route matched with {action = "Post", controller = "Security"}. Executing controller action with signature System.Threading.Tasks.Task`1[Microsoft.AspNetCore.Mvc.ActionResult`1[eCommerce.Application.VMS.AuthenticationResponseVM]] Post(eCommerce.Application.DTOs.User.UserDto) on controller eCommerce.Api.Controllers.v1.SecurityController (eCommerce.Api).
2026-05-15 02:14:41.419 +05:30 [INF] Executed DbCommand (454ms) [Parameters=[@__email_0='?' (Size = 100)], CommandType='"Text"', CommandTimeout='30']
SELECT [t].[UserId], [t].[Email], [t].[Password], [t0].[RolesRoleId], [t0].[UsersUserId], [t0].[RoleId], [t0].[Description], [t0].[RoleName]
FROM (
    SELECT TOP(1) [u].[UserId], [u].[Email], [u].[Password]
    FROM [Users] AS [u]
    WHERE [u].[Email] = @__email_0
) AS [t]
LEFT JOIN (
    SELECT [r].[RolesRoleId], [r].[UsersUserId], [r0].[RoleId], [r0].[Description], [r0].[RoleName]
    FROM [RoleUser] AS [r]
    INNER JOIN [Roles] AS [r0] ON [r].[RolesRoleId] = [r0].[RoleId]
) AS [t0] ON [t].[UserId] = [t0].[UsersUserId]
ORDER BY [t].[UserId], [t0].[RolesRoleId], [t0].[UsersUserId]
2026-05-15 02:14:41.419 +05:30 [INF] Executed DbCommand (454ms) [Parameters=[@__email_0='?' (Size = 100)], CommandType='"Text"', CommandTimeout='30']
SELECT [t].[UserId], [t].[Email], [t].[Password], [t0].[RolesRoleId], [t0].[UsersUserId], [t0].[RoleId], [t0].[Description], [t0].[RoleName]
FROM (
    SELECT TOP(1) [u].[UserId], [u].[Email], [u].[Password]
    FROM [Users] AS [u]
    WHERE [u].[Email] = @__email_0
) AS [t]
LEFT JOIN (
    SELECT [r].[RolesRoleId], [r].[UsersUserId], [r0].[RoleId], [r0].[Description], [r0].[RoleName]
    FROM [RoleUser] AS [r]
    INNER JOIN [Roles] AS [r0] ON [r].[RolesRoleId] = [r0].[RoleId]
) AS [t0] ON [t].[UserId] = [t0].[UsersUserId]
ORDER BY [t].[UserId], [t0].[RolesRoleId], [t0].[UsersUserId]
2026-05-15 02:14:41.419 +05:30 [INF] Executed DbCommand (454ms) [Parameters=[@__email_0='?' (Size = 100)], CommandType='"Text"', CommandTimeout='30']
SELECT [t].[UserId], [t].[Email], [t].[Password], [t0].[RolesRoleId], [t0].[UsersUserId], [t0].[RoleId], [t0].[Description], [t0].[RoleName]
FROM (
    SELECT TOP(1) [u].[UserId], [u].[Email], [u].[Password]
    FROM [Users] AS [u]
    WHERE [u].[Email] = @__email_0
) AS [t]
LEFT JOIN (
    SELECT [r].[RolesRoleId], [r].[UsersUserId], [r0].[RoleId], [r0].[Description], [r0].[RoleName]
    FROM [RoleUser] AS [r]
    INNER JOIN [Roles] AS [r0] ON [r].[RolesRoleId] = [r0].[RoleId]
) AS [t0] ON [t].[UserId] = [t0].[UsersUserId]
ORDER BY [t].[UserId], [t0].[RolesRoleId], [t0].[UsersUserId]
2026-05-15 02:14:42.536 +05:30 [INF] Executing OkObjectResult, writing value of type 'eCommerce.Application.VMS.AuthenticationResponseVM'.
2026-05-15 02:14:42.536 +05:30 [INF] Executing OkObjectResult, writing value of type 'eCommerce.Application.VMS.AuthenticationResponseVM'.
2026-05-15 02:14:42.536 +05:30 [INF] Executing OkObjectResult, writing value of type 'eCommerce.Application.VMS.AuthenticationResponseVM'.
2026-05-15 02:14:42.578 +05:30 [INF] Executed action eCommerce.Api.Controllers.v1.SecurityController.Post (eCommerce.Api) in 7709.0264ms
2026-05-15 02:14:42.579 +05:30 [INF] Executed action eCommerce.Api.Controllers.v1.SecurityController.Post (eCommerce.Api) in 2264.0988ms
2026-05-15 02:14:42.579 +05:30 [INF] Executed action eCommerce.Api.Controllers.v1.SecurityController.Post (eCommerce.Api) in 4247.828ms
2026-05-15 02:14:42.580 +05:30 [INF] Executed endpoint 'eCommerce.Api.Controllers.v1.SecurityController.Post (eCommerce.Api)'
2026-05-15 02:14:42.580 +05:30 [INF] Executed endpoint 'eCommerce.Api.Controllers.v1.SecurityController.Post (eCommerce.Api)'
2026-05-15 02:14:42.580 +05:30 [INF] Executed endpoint 'eCommerce.Api.Controllers.v1.SecurityController.Post (eCommerce.Api)'
2026-05-15 02:14:42.609 +05:30 [INF] Request finished HTTP/2 POST https://localhost:7274/api/v1/Security/Login - 200 null application/json; charset=utf-8 8587.7677ms
2026-05-15 02:14:42.609 +05:30 [INF] Request finished HTTP/2 POST https://localhost:7274/api/v1/Security/Login - 200 null application/json; charset=utf-8 4299.8077ms
2026-05-15 02:14:42.609 +05:30 [INF] Request finished HTTP/2 POST https://localhost:7274/api/v1/Security/Login - 200 null application/json; charset=utf-8 2356.3893ms
2026-05-15 02:14:42.618 +05:30 [INF] Request starting HTTP/2 OPTIONS https://localhost:7274/api/v1/Customers/user/1 - null null
2026-05-15 02:14:42.625 +05:30 [INF] CORS policy execution successful.
2026-05-15 02:14:42.625 +05:30 [INF] Request finished HTTP/2 OPTIONS https://localhost:7274/api/v1/Customers/user/1 - 204 null null 8.7279ms
2026-05-15 02:14:42.630 +05:30 [INF] Request starting HTTP/2 GET https://localhost:7274/api/v1/Customers/user/1 - application/json null
2026-05-15 02:14:42.642 +05:30 [INF] CORS policy execution successful.
2026-05-15 02:14:42.723 +05:30 [INF] Executing endpoint 'eCommerce.Api.Controllers.v1.CustomersController.GetByUserId (eCommerce.Api)'
2026-05-15 02:14:42.742 +05:30 [INF] Route matched with {action = "GetByUserId", controller = "Customers"}. Executing controller action with signature System.Threading.Tasks.Task`1[Microsoft.AspNetCore.Mvc.ActionResult`1[eCommerce.Application.DTOs.Customer.CustomerDto]] GetByUserId(Int32) on controller eCommerce.Api.Controllers.v1.CustomersController (eCommerce.Api).
2026-05-15 02:14:43.134 +05:30 [WRN] You do not have a valid license key for the Lucky Penny software AutoMapper. This is allowed for development and testing scenarios. If you are running in production you are required to have a licensed version. Please visit https://luckypennysoftware.com to obtain a valid license.
2026-05-15 02:14:43.199 +05:30 [INF] Executed DbCommand (25ms) [Parameters=[], CommandType='"Text"', CommandTimeout='30']
SELECT [c].[CustomerId], [c].[Address], [c].[City], [c].[ContactName], [c].[Email], [c].[Phone], [c].[UserId], [c].[Zipcode]
FROM [Customers] AS [c]
2026-05-15 02:14:43.256 +05:30 [INF] Executing OkObjectResult, writing value of type 'eCommerce.Application.DTOs.Customer.CustomerDto'.
2026-05-15 02:14:43.262 +05:30 [INF] Executed action eCommerce.Api.Controllers.v1.CustomersController.GetByUserId (eCommerce.Api) in 519.6316ms
2026-05-15 02:14:43.263 +05:30 [INF] Executed endpoint 'eCommerce.Api.Controllers.v1.CustomersController.GetByUserId (eCommerce.Api)'
2026-05-15 02:14:43.264 +05:30 [INF] Request finished HTTP/2 GET https://localhost:7274/api/v1/Customers/user/1 - 200 null application/json; charset=utf-8 634.7023ms
2026-05-15 02:14:43.270 +05:30 [INF] Request starting HTTP/2 GET https://localhost:7274/api/v1/Customers/user/1 - application/json null
2026-05-15 02:14:43.271 +05:30 [INF] CORS policy execution successful.
2026-05-15 02:14:43.272 +05:30 [INF] Executing endpoint 'eCommerce.Api.Controllers.v1.CustomersController.GetByUserId (eCommerce.Api)'
2026-05-15 02:14:43.272 +05:30 [INF] Route matched with {action = "GetByUserId", controller = "Customers"}. Executing controller action with signature System.Threading.Tasks.Task`1[Microsoft.AspNetCore.Mvc.ActionResult`1[eCommerce.Application.DTOs.Customer.CustomerDto]] GetByUserId(Int32) on controller eCommerce.Api.Controllers.v1.CustomersController (eCommerce.Api).
2026-05-15 02:14:43.284 +05:30 [INF] Executed DbCommand (6ms) [Parameters=[], CommandType='"Text"', CommandTimeout='30']
SELECT [c].[CustomerId], [c].[Address], [c].[City], [c].[ContactName], [c].[Email], [c].[Phone], [c].[UserId], [c].[Zipcode]
FROM [Customers] AS [c]
2026-05-15 02:14:43.288 +05:30 [INF] Executing OkObjectResult, writing value of type 'eCommerce.Application.DTOs.Customer.CustomerDto'.
2026-05-15 02:14:43.288 +05:30 [INF] Executed action eCommerce.Api.Controllers.v1.CustomersController.GetByUserId (eCommerce.Api) in 15.9014ms
2026-05-15 02:14:43.289 +05:30 [INF] Executed endpoint 'eCommerce.Api.Controllers.v1.CustomersController.GetByUserId (eCommerce.Api)'
2026-05-15 02:14:43.289 +05:30 [INF] Request finished HTTP/2 GET https://localhost:7274/api/v1/Customers/user/1 - 200 null application/json; charset=utf-8 19.7072ms
2026-05-15 02:14:43.292 +05:30 [INF] Request starting HTTP/2 GET https://localhost:7274/api/v1/Customers/user/1 - application/json null
2026-05-15 02:14:43.296 +05:30 [INF] CORS policy execution successful.
2026-05-15 02:14:43.297 +05:30 [INF] Executing endpoint 'eCommerce.Api.Controllers.v1.CustomersController.GetByUserId (eCommerce.Api)'
2026-05-15 02:14:43.298 +05:30 [INF] Route matched with {action = "GetByUserId", controller = "Customers"}. Executing controller action with signature System.Threading.Tasks.Task`1[Microsoft.AspNetCore.Mvc.ActionResult`1[eCommerce.Application.DTOs.Customer.CustomerDto]] GetByUserId(Int32) on controller eCommerce.Api.Controllers.v1.CustomersController (eCommerce.Api).
2026-05-15 02:14:43.307 +05:30 [INF] Executed DbCommand (3ms) [Parameters=[], CommandType='"Text"', CommandTimeout='30']
SELECT [c].[CustomerId], [c].[Address], [c].[City], [c].[ContactName], [c].[Email], [c].[Phone], [c].[UserId], [c].[Zipcode]
FROM [Customers] AS [c]
2026-05-15 02:14:43.311 +05:30 [INF] Executing OkObjectResult, writing value of type 'eCommerce.Application.DTOs.Customer.CustomerDto'.
2026-05-15 02:14:43.311 +05:30 [INF] Executed action eCommerce.Api.Controllers.v1.CustomersController.GetByUserId (eCommerce.Api) in 13.7055ms
2026-05-15 02:14:43.312 +05:30 [INF] Executed endpoint 'eCommerce.Api.Controllers.v1.CustomersController.GetByUserId (eCommerce.Api)'
2026-05-15 02:14:43.312 +05:30 [INF] Request finished HTTP/2 GET https://localhost:7274/api/v1/Customers/user/1 - 200 null application/json; charset=utf-8 20.9848ms
2026-05-15 02:14:52.016 +05:30 [INF] Request starting HTTP/2 OPTIONS https://localhost:7274/api/v1/products - null null
2026-05-15 02:14:52.019 +05:30 [INF] Request starting HTTP/2 OPTIONS https://localhost:7274/api/v1/products - null null
2026-05-15 02:14:52.023 +05:30 [INF] CORS policy execution successful.
2026-05-15 02:14:52.023 +05:30 [INF] CORS policy execution successful.
2026-05-15 02:14:52.023 +05:30 [INF] Request finished HTTP/2 OPTIONS https://localhost:7274/api/v1/products - 204 null null 8.8905ms
2026-05-15 02:14:52.023 +05:30 [INF] Request finished HTTP/2 OPTIONS https://localhost:7274/api/v1/products - 204 null null 4.4492ms
2026-05-15 02:14:52.032 +05:30 [INF] Request starting HTTP/2 GET https://localhost:7274/api/v1/products - application/json null
2026-05-15 02:14:52.033 +05:30 [INF] CORS policy execution successful.
2026-05-15 02:14:52.034 +05:30 [INF] Executing endpoint 'eCommerce.Api.Controllers.v1.ProductsController.GetAllProducts (eCommerce.Api)'
2026-05-15 02:14:52.046 +05:30 [INF] Route matched with {action = "GetAllProducts", controller = "Products"}. Executing controller action with signature System.Threading.Tasks.Task`1[Microsoft.AspNetCore.Mvc.ActionResult`1[System.Collections.Generic.IEnumerable`1[eCommerce.Application.DTOs.Product.ProductDto]]] GetAllProducts() on controller eCommerce.Api.Controllers.v1.ProductsController (eCommerce.Api).
2026-05-15 02:14:52.098 +05:30 [INF] Executed DbCommand (29ms) [Parameters=[], CommandType='"Text"', CommandTimeout='30']
SELECT [p].[ProductId], [p].[CategoryId], [p].[Description], [p].[Discount], [p].[Gender], [p].[MadeIn], [p].[ManufacturingDate], [p].[Picture], [p].[ProductName], [p].[Quantity], [p].[ReturnPolicy], [p].[ShoeType], [p].[UnitPrice], [p].[WarrantyPeriod]
FROM [Products] AS [p]
2026-05-15 02:14:52.201 +05:30 [INF] Executing OkObjectResult, writing value of type 'System.Collections.Generic.List`1[[eCommerce.Application.DTOs.Product.ProductDto, eCommerce.Application, Version=1.0.0.0, Culture=neutral, PublicKeyToken=null]]'.
2026-05-15 02:14:52.271 +05:30 [INF] Request starting HTTP/2 GET https://localhost:7274/api/v1/products - application/json null
2026-05-15 02:14:52.275 +05:30 [INF] Executed action eCommerce.Api.Controllers.v1.ProductsController.GetAllProducts (eCommerce.Api) in 228.8944ms
2026-05-15 02:14:52.276 +05:30 [INF] Executed endpoint 'eCommerce.Api.Controllers.v1.ProductsController.GetAllProducts (eCommerce.Api)'
2026-05-15 02:14:52.276 +05:30 [INF] CORS policy execution successful.
2026-05-15 02:14:52.276 +05:30 [INF] Request finished HTTP/2 GET https://localhost:7274/api/v1/products - 200 null application/json; charset=utf-8 245.2261ms
2026-05-15 02:14:52.297 +05:30 [INF] Executing endpoint 'eCommerce.Api.Controllers.v1.ProductsController.GetAllProducts (eCommerce.Api)'
2026-05-15 02:14:52.297 +05:30 [INF] Route matched with {action = "GetAllProducts", controller = "Products"}. Executing controller action with signature System.Threading.Tasks.Task`1[Microsoft.AspNetCore.Mvc.ActionResult`1[System.Collections.Generic.IEnumerable`1[eCommerce.Application.DTOs.Product.ProductDto]]] GetAllProducts() on controller eCommerce.Api.Controllers.v1.ProductsController (eCommerce.Api).
2026-05-15 02:14:52.316 +05:30 [INF] Executed DbCommand (11ms) [Parameters=[], CommandType='"Text"', CommandTimeout='30']
SELECT [p].[ProductId], [p].[CategoryId], [p].[Description], [p].[Discount], [p].[Gender], [p].[MadeIn], [p].[ManufacturingDate], [p].[Picture], [p].[ProductName], [p].[Quantity], [p].[ReturnPolicy], [p].[ShoeType], [p].[UnitPrice], [p].[WarrantyPeriod]
FROM [Products] AS [p]
2026-05-15 02:14:52.320 +05:30 [INF] Executing OkObjectResult, writing value of type 'System.Collections.Generic.List`1[[eCommerce.Application.DTOs.Product.ProductDto, eCommerce.Application, Version=1.0.0.0, Culture=neutral, PublicKeyToken=null]]'.
2026-05-15 02:14:52.347 +05:30 [INF] Executed action eCommerce.Api.Controllers.v1.ProductsController.GetAllProducts (eCommerce.Api) in 49.5696ms
2026-05-15 02:14:52.348 +05:30 [INF] Executed endpoint 'eCommerce.Api.Controllers.v1.ProductsController.GetAllProducts (eCommerce.Api)'
2026-05-15 02:14:52.348 +05:30 [INF] Request finished HTTP/2 GET https://localhost:7274/api/v1/products - 200 null application/json; charset=utf-8 78.7691ms
2026-05-15 02:14:56.669 +05:30 [INF] Request starting HTTP/2 OPTIONS https://localhost:7274/api/v1/products/1002 - null null
2026-05-15 02:14:56.673 +05:30 [INF] CORS policy execution successful.
2026-05-15 02:14:56.674 +05:30 [INF] Request finished HTTP/2 OPTIONS https://localhost:7274/api/v1/products/1002 - 204 null null 5.2409ms
2026-05-15 02:14:56.680 +05:30 [INF] Request starting HTTP/2 GET https://localhost:7274/api/v1/products/1002 - application/json null
2026-05-15 02:14:56.681 +05:30 [INF] CORS policy execution successful.
2026-05-15 02:14:56.682 +05:30 [INF] Executing endpoint 'eCommerce.Api.Controllers.v1.ProductsController.GetProductDetails (eCommerce.Api)'
2026-05-15 02:14:56.702 +05:30 [INF] Route matched with {action = "GetProductDetails", controller = "Products"}. Executing controller action with signature System.Threading.Tasks.Task`1[Microsoft.AspNetCore.Mvc.ActionResult`1[eCommerce.Application.DTOs.Product.ProductDto]] GetProductDetails(Int32) on controller eCommerce.Api.Controllers.v1.ProductsController (eCommerce.Api).
2026-05-15 02:14:56.770 +05:30 [INF] Executed DbCommand (17ms) [Parameters=[@__p_0='?' (DbType = Int32)], CommandType='"Text"', CommandTimeout='30']
SELECT TOP(1) [p].[ProductId], [p].[CategoryId], [p].[Description], [p].[Discount], [p].[Gender], [p].[MadeIn], [p].[ManufacturingDate], [p].[Picture], [p].[ProductName], [p].[Quantity], [p].[ReturnPolicy], [p].[ShoeType], [p].[UnitPrice], [p].[WarrantyPeriod]
FROM [Products] AS [p]
WHERE [p].[ProductId] = @__p_0
2026-05-15 02:14:56.780 +05:30 [INF] Executing OkObjectResult, writing value of type 'eCommerce.Application.DTOs.Product.ProductDto'.
2026-05-15 02:14:56.780 +05:30 [INF] Executed action eCommerce.Api.Controllers.v1.ProductsController.GetProductDetails (eCommerce.Api) in 77.8878ms
2026-05-15 02:14:56.781 +05:30 [INF] Executed endpoint 'eCommerce.Api.Controllers.v1.ProductsController.GetProductDetails (eCommerce.Api)'
2026-05-15 02:14:56.781 +05:30 [INF] Request finished HTTP/2 GET https://localhost:7274/api/v1/products/1002 - 200 null application/json; charset=utf-8 102.3544ms
2026-05-15 02:14:58.594 +05:30 [INF] Request starting HTTP/2 OPTIONS https://localhost:7274/api/v1/Carts - null null
2026-05-15 02:14:58.601 +05:30 [INF] CORS policy execution successful.
2026-05-15 02:14:58.602 +05:30 [INF] Request finished HTTP/2 OPTIONS https://localhost:7274/api/v1/Carts - 204 null null 8.1909ms
2026-05-15 02:14:58.606 +05:30 [INF] Request starting HTTP/2 POST https://localhost:7274/api/v1/Carts - application/json 54
2026-05-15 02:14:58.607 +05:30 [INF] CORS policy execution successful.
2026-05-15 02:14:58.608 +05:30 [INF] Executing endpoint 'eCommerce.Api.Controllers.v1.CartsController.CreateCart (eCommerce.Api)'
2026-05-15 02:14:58.621 +05:30 [INF] Route matched with {action = "CreateCart", controller = "Carts"}. Executing controller action with signature System.Threading.Tasks.Task`1[Microsoft.AspNetCore.Mvc.ActionResult`1[eCommerce.Application.DTOs.Cart.CreateCartDto]] CreateCart(eCommerce.Application.DTOs.Cart.CreateCartDto) on controller eCommerce.Api.Controllers.v1.CartsController (eCommerce.Api).
2026-05-15 02:14:59.038 +05:30 [INF] Executed DbCommand (69ms) [Parameters=[@p0='?' (DbType = DateTime2), @p1='?' (DbType = Int32)], CommandType='"Text"', CommandTimeout='30']
SET IMPLICIT_TRANSACTIONS OFF;
SET NOCOUNT ON;
INSERT INTO [Carts] ([CartDate], [CustomerId])
OUTPUT INSERTED.[CartId]
VALUES (@p0, @p1);
2026-05-15 02:14:59.101 +05:30 [INF] Executing CreatedAtActionResult, writing value of type 'eCommerce.Application.DTOs.Cart.CartDto'.
2026-05-15 02:14:59.196 +05:30 [INF] Executed action eCommerce.Api.Controllers.v1.CartsController.CreateCart (eCommerce.Api) in 574.6769ms
2026-05-15 02:14:59.196 +05:30 [INF] Executed endpoint 'eCommerce.Api.Controllers.v1.CartsController.CreateCart (eCommerce.Api)'
2026-05-15 02:14:59.196 +05:30 [INF] Request finished HTTP/2 POST https://localhost:7274/api/v1/Carts - 201 null application/json; charset=utf-8 591.1153ms
2026-05-15 02:14:59.209 +05:30 [INF] Request starting HTTP/2 OPTIONS https://localhost:7274/api/v1/CartItems - null null
2026-05-15 02:14:59.210 +05:30 [INF] CORS policy execution successful.
2026-05-15 02:14:59.210 +05:30 [INF] Request finished HTTP/2 OPTIONS https://localhost:7274/api/v1/CartItems - 204 null null 2.1669ms
2026-05-15 02:14:59.214 +05:30 [INF] Request starting HTTP/2 POST https://localhost:7274/api/v1/CartItems - application/json 58
2026-05-15 02:14:59.215 +05:30 [INF] CORS policy execution successful.
2026-05-15 02:14:59.216 +05:30 [INF] Executing endpoint 'eCommerce.Api.Controllers.v1.CartItemsController.CreatecartItem (eCommerce.Api)'
2026-05-15 02:14:59.224 +05:30 [INF] Route matched with {action = "CreatecartItem", controller = "CartItems"}. Executing controller action with signature System.Threading.Tasks.Task`1[Microsoft.AspNetCore.Mvc.ActionResult`1[eCommerce.Application.DTOs.CartItem.CreateCartItemDto]] CreatecartItem(eCommerce.Application.DTOs.CartItem.CreateCartItemDto) on controller eCommerce.Api.Controllers.v1.CartItemsController (eCommerce.Api).
2026-05-15 02:14:59.302 +05:30 [INF] Executed DbCommand (13ms) [Parameters=[@p0='?' (DbType = Int32), @p1='?' (DbType = Int32), @p2='?' (DbType = Int32), @p3='?' (DbType = Int32)], CommandType='"Text"', CommandTimeout='30']
SET IMPLICIT_TRANSACTIONS OFF;
SET NOCOUNT ON;
INSERT INTO [CartItems] ([CartId], [ProductId], [Quantity], [Size])
OUTPUT INSERTED.[CartItemId]
VALUES (@p0, @p1, @p2, @p3);
2026-05-15 02:14:59.314 +05:30 [INF] Executing CreatedAtActionResult, writing value of type 'eCommerce.Application.DTOs.CartItem.CartItemDto'.
2026-05-15 02:14:59.321 +05:30 [INF] Executed action eCommerce.Api.Controllers.v1.CartItemsController.CreatecartItem (eCommerce.Api) in 97.052ms
2026-05-15 02:14:59.321 +05:30 [INF] Executed endpoint 'eCommerce.Api.Controllers.v1.CartItemsController.CreatecartItem (eCommerce.Api)'
2026-05-15 02:14:59.322 +05:30 [INF] Request finished HTTP/2 POST https://localhost:7274/api/v1/CartItems - 201 null application/json; charset=utf-8 107.4305ms
2026-05-15 02:14:59.349 +05:30 [INF] Request starting HTTP/2 GET https://localhost:7274/api/v1/CartItems - application/json null
2026-05-15 02:14:59.350 +05:30 [INF] CORS policy execution successful.
2026-05-15 02:14:59.352 +05:30 [INF] Executing endpoint 'eCommerce.Api.Controllers.v1.CartItemsController.GetAllcartItems (eCommerce.Api)'
2026-05-15 02:14:59.361 +05:30 [INF] Route matched with {action = "GetAllcartItems", controller = "CartItems"}. Executing controller action with signature System.Threading.Tasks.Task`1[Microsoft.AspNetCore.Mvc.ActionResult`1[System.Collections.Generic.IEnumerable`1[eCommerce.Application.DTOs.CartItem.CartItemDto]]] GetAllcartItems() on controller eCommerce.Api.Controllers.v1.CartItemsController (eCommerce.Api).
2026-05-15 02:14:59.385 +05:30 [INF] Executed DbCommand (6ms) [Parameters=[], CommandType='"Text"', CommandTimeout='30']
SELECT [c].[CartItemId], [c].[CartId], [c].[ProductId], [c].[Quantity], [c].[Size]
FROM [CartItems] AS [c]
2026-05-15 02:14:59.397 +05:30 [INF] Executing OkObjectResult, writing value of type 'System.Collections.Generic.List`1[[eCommerce.Application.DTOs.CartItem.CartItemDto, eCommerce.Application, Version=1.0.0.0, Culture=neutral, PublicKeyToken=null]]'.
2026-05-15 02:14:59.398 +05:30 [INF] Executed action eCommerce.Api.Controllers.v1.CartItemsController.GetAllcartItems (eCommerce.Api) in 37.3481ms
2026-05-15 02:14:59.398 +05:30 [INF] Executed endpoint 'eCommerce.Api.Controllers.v1.CartItemsController.GetAllcartItems (eCommerce.Api)'
2026-05-15 02:14:59.399 +05:30 [INF] Request finished HTTP/2 GET https://localhost:7274/api/v1/CartItems - 200 null application/json; charset=utf-8 50.2189ms
2026-05-15 02:14:59.411 +05:30 [INF] Request starting HTTP/2 GET https://localhost:7274/api/v1/products/1002 - application/json null
2026-05-15 02:14:59.412 +05:30 [INF] CORS policy execution successful.
2026-05-15 02:14:59.413 +05:30 [INF] Executing endpoint 'eCommerce.Api.Controllers.v1.ProductsController.GetProductDetails (eCommerce.Api)'
2026-05-15 02:14:59.413 +05:30 [INF] Route matched with {action = "GetProductDetails", controller = "Products"}. Executing controller action with signature System.Threading.Tasks.Task`1[Microsoft.AspNetCore.Mvc.ActionResult`1[eCommerce.Application.DTOs.Product.ProductDto]] GetProductDetails(Int32) on controller eCommerce.Api.Controllers.v1.ProductsController (eCommerce.Api).
2026-05-15 02:14:59.427 +05:30 [INF] Executed DbCommand (9ms) [Parameters=[@__p_0='?' (DbType = Int32)], CommandType='"Text"', CommandTimeout='30']
SELECT TOP(1) [p].[ProductId], [p].[CategoryId], [p].[Description], [p].[Discount], [p].[Gender], [p].[MadeIn], [p].[ManufacturingDate], [p].[Picture], [p].[ProductName], [p].[Quantity], [p].[ReturnPolicy], [p].[ShoeType], [p].[UnitPrice], [p].[WarrantyPeriod]
FROM [Products] AS [p]
WHERE [p].[ProductId] = @__p_0
2026-05-15 02:14:59.428 +05:30 [INF] Executing OkObjectResult, writing value of type 'eCommerce.Application.DTOs.Product.ProductDto'.
2026-05-15 02:14:59.428 +05:30 [INF] Executed action eCommerce.Api.Controllers.v1.ProductsController.GetProductDetails (eCommerce.Api) in 15.1357ms
2026-05-15 02:14:59.428 +05:30 [INF] Executed endpoint 'eCommerce.Api.Controllers.v1.ProductsController.GetProductDetails (eCommerce.Api)'
2026-05-15 02:14:59.429 +05:30 [INF] Request finished HTTP/2 GET https://localhost:7274/api/v1/products/1002 - 200 null application/json; charset=utf-8 18.6417ms
2026-05-15 02:15:02.754 +05:30 [INF] Request starting HTTP/2 OPTIONS https://localhost:7274/api/v1/CartItems - null null
2026-05-15 02:15:02.756 +05:30 [INF] CORS policy execution successful.
2026-05-15 02:15:02.756 +05:30 [INF] Request finished HTTP/2 OPTIONS https://localhost:7274/api/v1/CartItems - 204 null null 3.1922ms
2026-05-15 02:15:02.760 +05:30 [INF] Request starting HTTP/2 PUT https://localhost:7274/api/v1/CartItems - application/json 72
2026-05-15 02:15:02.761 +05:30 [INF] CORS policy execution successful.
2026-05-15 02:15:02.762 +05:30 [INF] Executing endpoint 'eCommerce.Api.Controllers.v1.CartItemsController.UpdatecartItem (eCommerce.Api)'
2026-05-15 02:15:02.771 +05:30 [INF] Route matched with {action = "UpdatecartItem", controller = "CartItems"}. Executing controller action with signature System.Threading.Tasks.Task`1[Microsoft.AspNetCore.Mvc.ActionResult] UpdatecartItem(eCommerce.Application.DTOs.CartItem.UpdateCartItemDto) on controller eCommerce.Api.Controllers.v1.CartItemsController (eCommerce.Api).
2026-05-15 02:15:02.851 +05:30 [INF] Executed DbCommand (38ms) [Parameters=[@p4='?' (DbType = Int32), @p0='?' (DbType = Int32), @p1='?' (DbType = Int32), @p2='?' (DbType = Int32), @p3='?' (DbType = Int32)], CommandType='"Text"', CommandTimeout='30']
SET IMPLICIT_TRANSACTIONS OFF;
SET NOCOUNT ON;
UPDATE [CartItems] SET [CartId] = @p0, [ProductId] = @p1, [Quantity] = @p2, [Size] = @p3
OUTPUT 1
WHERE [CartItemId] = @p4;
2026-05-15 02:15:02.864 +05:30 [INF] Executing StatusCodeResult, setting HTTP status code 204
2026-05-15 02:15:02.865 +05:30 [INF] Executed action eCommerce.Api.Controllers.v1.CartItemsController.UpdatecartItem (eCommerce.Api) in 93.7306ms
2026-05-15 02:15:02.865 +05:30 [INF] Executed endpoint 'eCommerce.Api.Controllers.v1.CartItemsController.UpdatecartItem (eCommerce.Api)'
2026-05-15 02:15:02.865 +05:30 [INF] Request finished HTTP/2 PUT https://localhost:7274/api/v1/CartItems - 204 null null 106.8524ms
2026-05-15 02:15:02.934 +05:30 [INF] Request starting HTTP/2 PUT https://localhost:7274/api/v1/CartItems - application/json 72
2026-05-15 02:15:02.935 +05:30 [INF] CORS policy execution successful.
2026-05-15 02:15:02.935 +05:30 [INF] Executing endpoint 'eCommerce.Api.Controllers.v1.CartItemsController.UpdatecartItem (eCommerce.Api)'
2026-05-15 02:15:02.935 +05:30 [INF] Route matched with {action = "UpdatecartItem", controller = "CartItems"}. Executing controller action with signature System.Threading.Tasks.Task`1[Microsoft.AspNetCore.Mvc.ActionResult] UpdatecartItem(eCommerce.Application.DTOs.CartItem.UpdateCartItemDto) on controller eCommerce.Api.Controllers.v1.CartItemsController (eCommerce.Api).
2026-05-15 02:15:02.942 +05:30 [INF] Executed DbCommand (3ms) [Parameters=[@p4='?' (DbType = Int32), @p0='?' (DbType = Int32), @p1='?' (DbType = Int32), @p2='?' (DbType = Int32), @p3='?' (DbType = Int32)], CommandType='"Text"', CommandTimeout='30']
SET IMPLICIT_TRANSACTIONS OFF;
SET NOCOUNT ON;
UPDATE [CartItems] SET [CartId] = @p0, [ProductId] = @p1, [Quantity] = @p2, [Size] = @p3
OUTPUT 1
WHERE [CartItemId] = @p4;
2026-05-15 02:15:02.947 +05:30 [INF] Executing StatusCodeResult, setting HTTP status code 204
2026-05-15 02:15:02.948 +05:30 [INF] Executed action eCommerce.Api.Controllers.v1.CartItemsController.UpdatecartItem (eCommerce.Api) in 12.0289ms
2026-05-15 02:15:02.948 +05:30 [INF] Executed endpoint 'eCommerce.Api.Controllers.v1.CartItemsController.UpdatecartItem (eCommerce.Api)'
2026-05-15 02:15:02.948 +05:30 [INF] Request finished HTTP/2 PUT https://localhost:7274/api/v1/CartItems - 204 null null 14.8797ms
2026-05-15 02:15:03.982 +05:30 [INF] Request starting HTTP/2 PUT https://localhost:7274/api/v1/CartItems - application/json 72
2026-05-15 02:15:03.983 +05:30 [INF] CORS policy execution successful.
2026-05-15 02:15:03.984 +05:30 [INF] Executing endpoint 'eCommerce.Api.Controllers.v1.CartItemsController.UpdatecartItem (eCommerce.Api)'
2026-05-15 02:15:03.984 +05:30 [INF] Route matched with {action = "UpdatecartItem", controller = "CartItems"}. Executing controller action with signature System.Threading.Tasks.Task`1[Microsoft.AspNetCore.Mvc.ActionResult] UpdatecartItem(eCommerce.Application.DTOs.CartItem.UpdateCartItemDto) on controller eCommerce.Api.Controllers.v1.CartItemsController (eCommerce.Api).
2026-05-15 02:15:04.001 +05:30 [INF] Executed DbCommand (11ms) [Parameters=[@p4='?' (DbType = Int32), @p0='?' (DbType = Int32), @p1='?' (DbType = Int32), @p2='?' (DbType = Int32), @p3='?' (DbType = Int32)], CommandType='"Text"', CommandTimeout='30']
SET IMPLICIT_TRANSACTIONS OFF;
SET NOCOUNT ON;
UPDATE [CartItems] SET [CartId] = @p0, [ProductId] = @p1, [Quantity] = @p2, [Size] = @p3
OUTPUT 1
WHERE [CartItemId] = @p4;
2026-05-15 02:15:04.003 +05:30 [INF] Executing StatusCodeResult, setting HTTP status code 204
2026-05-15 02:15:04.003 +05:30 [INF] Executed action eCommerce.Api.Controllers.v1.CartItemsController.UpdatecartItem (eCommerce.Api) in 18.357ms
2026-05-15 02:15:04.003 +05:30 [INF] Executed endpoint 'eCommerce.Api.Controllers.v1.CartItemsController.UpdatecartItem (eCommerce.Api)'
2026-05-15 02:15:04.003 +05:30 [INF] Request finished HTTP/2 PUT https://localhost:7274/api/v1/CartItems - 204 null null 22.2286ms
2026-05-15 02:15:04.197 +05:30 [INF] Request starting HTTP/2 PUT https://localhost:7274/api/v1/CartItems - application/json 72
2026-05-15 02:15:04.198 +05:30 [INF] CORS policy execution successful.
2026-05-15 02:15:04.200 +05:30 [INF] Executing endpoint 'eCommerce.Api.Controllers.v1.CartItemsController.UpdatecartItem (eCommerce.Api)'
2026-05-15 02:15:04.200 +05:30 [INF] Route matched with {action = "UpdatecartItem", controller = "CartItems"}. Executing controller action with signature System.Threading.Tasks.Task`1[Microsoft.AspNetCore.Mvc.ActionResult] UpdatecartItem(eCommerce.Application.DTOs.CartItem.UpdateCartItemDto) on controller eCommerce.Api.Controllers.v1.CartItemsController (eCommerce.Api).
2026-05-15 02:15:04.215 +05:30 [INF] Executed DbCommand (10ms) [Parameters=[@p4='?' (DbType = Int32), @p0='?' (DbType = Int32), @p1='?' (DbType = Int32), @p2='?' (DbType = Int32), @p3='?' (DbType = Int32)], CommandType='"Text"', CommandTimeout='30']
SET IMPLICIT_TRANSACTIONS OFF;
SET NOCOUNT ON;
UPDATE [CartItems] SET [CartId] = @p0, [ProductId] = @p1, [Quantity] = @p2, [Size] = @p3
OUTPUT 1
WHERE [CartItemId] = @p4;
2026-05-15 02:15:04.217 +05:30 [INF] Executing StatusCodeResult, setting HTTP status code 204
2026-05-15 02:15:04.217 +05:30 [INF] Executed action eCommerce.Api.Controllers.v1.CartItemsController.UpdatecartItem (eCommerce.Api) in 16.7928ms
2026-05-15 02:15:04.217 +05:30 [INF] Executed endpoint 'eCommerce.Api.Controllers.v1.CartItemsController.UpdatecartItem (eCommerce.Api)'
2026-05-15 02:15:04.218 +05:30 [INF] Request finished HTTP/2 PUT https://localhost:7274/api/v1/CartItems - 204 null null 21.2323ms
2026-05-15 02:15:04.342 +05:30 [INF] Request starting HTTP/2 PUT https://localhost:7274/api/v1/CartItems - application/json 72
2026-05-15 02:15:04.342 +05:30 [INF] CORS policy execution successful.
2026-05-15 02:15:04.343 +05:30 [INF] Executing endpoint 'eCommerce.Api.Controllers.v1.CartItemsController.UpdatecartItem (eCommerce.Api)'
2026-05-15 02:15:04.343 +05:30 [INF] Route matched with {action = "UpdatecartItem", controller = "CartItems"}. Executing controller action with signature System.Threading.Tasks.Task`1[Microsoft.AspNetCore.Mvc.ActionResult] UpdatecartItem(eCommerce.Application.DTOs.CartItem.UpdateCartItemDto) on controller eCommerce.Api.Controllers.v1.CartItemsController (eCommerce.Api).
2026-05-15 02:15:04.357 +05:30 [INF] Executed DbCommand (9ms) [Parameters=[@p4='?' (DbType = Int32), @p0='?' (DbType = Int32), @p1='?' (DbType = Int32), @p2='?' (DbType = Int32), @p3='?' (DbType = Int32)], CommandType='"Text"', CommandTimeout='30']
SET IMPLICIT_TRANSACTIONS OFF;
SET NOCOUNT ON;
UPDATE [CartItems] SET [CartId] = @p0, [ProductId] = @p1, [Quantity] = @p2, [Size] = @p3
OUTPUT 1
WHERE [CartItemId] = @p4;
2026-05-15 02:15:04.358 +05:30 [INF] Executing StatusCodeResult, setting HTTP status code 204
2026-05-15 02:15:04.358 +05:30 [INF] Executed action eCommerce.Api.Controllers.v1.CartItemsController.UpdatecartItem (eCommerce.Api) in 14.6121ms
2026-05-15 02:15:04.358 +05:30 [INF] Executed endpoint 'eCommerce.Api.Controllers.v1.CartItemsController.UpdatecartItem (eCommerce.Api)'
2026-05-15 02:15:04.358 +05:30 [INF] Request finished HTTP/2 PUT https://localhost:7274/api/v1/CartItems - 204 null null 17.2299ms
2026-05-15 02:15:05.085 +05:30 [INF] Request starting HTTP/2 PUT https://localhost:7274/api/v1/CartItems - application/json 72
2026-05-15 02:15:05.086 +05:30 [INF] CORS policy execution successful.
2026-05-15 02:15:05.086 +05:30 [INF] Executing endpoint 'eCommerce.Api.Controllers.v1.CartItemsController.UpdatecartItem (eCommerce.Api)'
2026-05-15 02:15:05.086 +05:30 [INF] Route matched with {action = "UpdatecartItem", controller = "CartItems"}. Executing controller action with signature System.Threading.Tasks.Task`1[Microsoft.AspNetCore.Mvc.ActionResult] UpdatecartItem(eCommerce.Application.DTOs.CartItem.UpdateCartItemDto) on controller eCommerce.Api.Controllers.v1.CartItemsController (eCommerce.Api).
2026-05-15 02:15:05.101 +05:30 [INF] Executed DbCommand (11ms) [Parameters=[@p4='?' (DbType = Int32), @p0='?' (DbType = Int32), @p1='?' (DbType = Int32), @p2='?' (DbType = Int32), @p3='?' (DbType = Int32)], CommandType='"Text"', CommandTimeout='30']
SET IMPLICIT_TRANSACTIONS OFF;
SET NOCOUNT ON;
UPDATE [CartItems] SET [CartId] = @p0, [ProductId] = @p1, [Quantity] = @p2, [Size] = @p3
OUTPUT 1
WHERE [CartItemId] = @p4;
2026-05-15 02:15:05.102 +05:30 [INF] Executing StatusCodeResult, setting HTTP status code 204
2026-05-15 02:15:05.102 +05:30 [INF] Executed action eCommerce.Api.Controllers.v1.CartItemsController.UpdatecartItem (eCommerce.Api) in 15.4107ms
2026-05-15 02:15:05.102 +05:30 [INF] Executed endpoint 'eCommerce.Api.Controllers.v1.CartItemsController.UpdatecartItem (eCommerce.Api)'
2026-05-15 02:15:05.102 +05:30 [INF] Request finished HTTP/2 PUT https://localhost:7274/api/v1/CartItems - 204 null null 17.871ms
2026-05-15 02:15:07.358 +05:30 [INF] Request starting HTTP/2 OPTIONS https://localhost:7274/api/v1/products - null null
2026-05-15 02:15:07.359 +05:30 [INF] Request starting HTTP/2 OPTIONS https://localhost:7274/api/v1/products - null null
2026-05-15 02:15:07.359 +05:30 [INF] CORS policy execution successful.
2026-05-15 02:15:07.360 +05:30 [INF] CORS policy execution successful.
2026-05-15 02:15:07.360 +05:30 [INF] Request finished HTTP/2 OPTIONS https://localhost:7274/api/v1/products - 204 null null 1.7793ms
2026-05-15 02:15:07.360 +05:30 [INF] Request finished HTTP/2 OPTIONS https://localhost:7274/api/v1/products - 204 null null 1.9076ms
2026-05-15 02:15:07.366 +05:30 [INF] Request starting HTTP/2 GET https://localhost:7274/api/v1/products - application/json null
2026-05-15 02:15:07.368 +05:30 [INF] CORS policy execution successful.
2026-05-15 02:15:07.369 +05:30 [INF] Executing endpoint 'eCommerce.Api.Controllers.v1.ProductsController.GetAllProducts (eCommerce.Api)'
2026-05-15 02:15:07.369 +05:30 [INF] Route matched with {action = "GetAllProducts", controller = "Products"}. Executing controller action with signature System.Threading.Tasks.Task`1[Microsoft.AspNetCore.Mvc.ActionResult`1[System.Collections.Generic.IEnumerable`1[eCommerce.Application.DTOs.Product.ProductDto]]] GetAllProducts() on controller eCommerce.Api.Controllers.v1.ProductsController (eCommerce.Api).
2026-05-15 02:15:07.387 +05:30 [INF] Executed DbCommand (11ms) [Parameters=[], CommandType='"Text"', CommandTimeout='30']
SELECT [p].[ProductId], [p].[CategoryId], [p].[Description], [p].[Discount], [p].[Gender], [p].[MadeIn], [p].[ManufacturingDate], [p].[Picture], [p].[ProductName], [p].[Quantity], [p].[ReturnPolicy], [p].[ShoeType], [p].[UnitPrice], [p].[WarrantyPeriod]
FROM [Products] AS [p]
2026-05-15 02:15:07.388 +05:30 [INF] Executing OkObjectResult, writing value of type 'System.Collections.Generic.List`1[[eCommerce.Application.DTOs.Product.ProductDto, eCommerce.Application, Version=1.0.0.0, Culture=neutral, PublicKeyToken=null]]'.
2026-05-15 02:15:07.394 +05:30 [INF] Executed action eCommerce.Api.Controllers.v1.ProductsController.GetAllProducts (eCommerce.Api) in 24.4057ms
2026-05-15 02:15:07.394 +05:30 [INF] Executed endpoint 'eCommerce.Api.Controllers.v1.ProductsController.GetAllProducts (eCommerce.Api)'
2026-05-15 02:15:07.394 +05:30 [INF] Request finished HTTP/2 GET https://localhost:7274/api/v1/products - 200 null application/json; charset=utf-8 29.3923ms
2026-05-15 02:15:07.400 +05:30 [INF] Request starting HTTP/2 GET https://localhost:7274/api/v1/products - application/json null
2026-05-15 02:15:07.402 +05:30 [INF] CORS policy execution successful.
2026-05-15 02:15:07.403 +05:30 [INF] Executing endpoint 'eCommerce.Api.Controllers.v1.ProductsController.GetAllProducts (eCommerce.Api)'
2026-05-15 02:15:07.403 +05:30 [INF] Route matched with {action = "GetAllProducts", controller = "Products"}. Executing controller action with signature System.Threading.Tasks.Task`1[Microsoft.AspNetCore.Mvc.ActionResult`1[System.Collections.Generic.IEnumerable`1[eCommerce.Application.DTOs.Product.ProductDto]]] GetAllProducts() on controller eCommerce.Api.Controllers.v1.ProductsController (eCommerce.Api).
2026-05-15 02:15:07.415 +05:30 [INF] Executed DbCommand (9ms) [Parameters=[], CommandType='"Text"', CommandTimeout='30']
SELECT [p].[ProductId], [p].[CategoryId], [p].[Description], [p].[Discount], [p].[Gender], [p].[MadeIn], [p].[ManufacturingDate], [p].[Picture], [p].[ProductName], [p].[Quantity], [p].[ReturnPolicy], [p].[ShoeType], [p].[UnitPrice], [p].[WarrantyPeriod]
FROM [Products] AS [p]
2026-05-15 02:15:07.418 +05:30 [INF] Executing OkObjectResult, writing value of type 'System.Collections.Generic.List`1[[eCommerce.Application.DTOs.Product.ProductDto, eCommerce.Application, Version=1.0.0.0, Culture=neutral, PublicKeyToken=null]]'.
2026-05-15 02:15:07.423 +05:30 [INF] Executed action eCommerce.Api.Controllers.v1.ProductsController.GetAllProducts (eCommerce.Api) in 20.1111ms
2026-05-15 02:15:07.423 +05:30 [INF] Executed endpoint 'eCommerce.Api.Controllers.v1.ProductsController.GetAllProducts (eCommerce.Api)'
2026-05-15 02:15:07.424 +05:30 [INF] Request finished HTTP/2 GET https://localhost:7274/api/v1/products - 200 null application/json; charset=utf-8 23.8213ms
2026-05-15 02:15:11.159 +05:30 [INF] Request starting HTTP/2 OPTIONS https://localhost:7274/api/v1/products/1005 - null null
2026-05-15 02:15:11.161 +05:30 [INF] CORS policy execution successful.
2026-05-15 02:15:11.161 +05:30 [INF] Request finished HTTP/2 OPTIONS https://localhost:7274/api/v1/products/1005 - 204 null null 3.1596ms
2026-05-15 02:15:11.170 +05:30 [INF] Request starting HTTP/2 GET https://localhost:7274/api/v1/products/1005 - application/json null
2026-05-15 02:15:11.171 +05:30 [INF] CORS policy execution successful.
2026-05-15 02:15:11.171 +05:30 [INF] Executing endpoint 'eCommerce.Api.Controllers.v1.ProductsController.GetProductDetails (eCommerce.Api)'
2026-05-15 02:15:11.172 +05:30 [INF] Route matched with {action = "GetProductDetails", controller = "Products"}. Executing controller action with signature System.Threading.Tasks.Task`1[Microsoft.AspNetCore.Mvc.ActionResult`1[eCommerce.Application.DTOs.Product.ProductDto]] GetProductDetails(Int32) on controller eCommerce.Api.Controllers.v1.ProductsController (eCommerce.Api).
2026-05-15 02:15:11.186 +05:30 [INF] Executed DbCommand (9ms) [Parameters=[@__p_0='?' (DbType = Int32)], CommandType='"Text"', CommandTimeout='30']
SELECT TOP(1) [p].[ProductId], [p].[CategoryId], [p].[Description], [p].[Discount], [p].[Gender], [p].[MadeIn], [p].[ManufacturingDate], [p].[Picture], [p].[ProductName], [p].[Quantity], [p].[ReturnPolicy], [p].[ShoeType], [p].[UnitPrice], [p].[WarrantyPeriod]
FROM [Products] AS [p]
WHERE [p].[ProductId] = @__p_0
2026-05-15 02:15:11.187 +05:30 [INF] Executing OkObjectResult, writing value of type 'eCommerce.Application.DTOs.Product.ProductDto'.
2026-05-15 02:15:11.188 +05:30 [INF] Executed action eCommerce.Api.Controllers.v1.ProductsController.GetProductDetails (eCommerce.Api) in 15.7929ms
2026-05-15 02:15:11.188 +05:30 [INF] Executed endpoint 'eCommerce.Api.Controllers.v1.ProductsController.GetProductDetails (eCommerce.Api)'
2026-05-15 02:15:11.188 +05:30 [INF] Request finished HTTP/2 GET https://localhost:7274/api/v1/products/1005 - 200 null application/json; charset=utf-8 20.324ms
2026-05-15 02:15:20.760 +05:30 [INF] Request starting HTTP/2 OPTIONS https://localhost:7274/api/v1/Carts/36 - null null
2026-05-15 02:15:20.765 +05:30 [INF] CORS policy execution successful.
2026-05-15 02:15:20.766 +05:30 [INF] Request finished HTTP/2 OPTIONS https://localhost:7274/api/v1/Carts/36 - 204 null null 5.8105ms
2026-05-15 02:15:20.772 +05:30 [INF] Request starting HTTP/2 GET https://localhost:7274/api/v1/Carts/36 - application/json null
2026-05-15 02:15:20.773 +05:30 [INF] CORS policy execution successful.
2026-05-15 02:15:20.774 +05:30 [INF] Executing endpoint 'eCommerce.Api.Controllers.v1.CartsController.GetCartDetails (eCommerce.Api)'
2026-05-15 02:15:20.786 +05:30 [INF] Route matched with {action = "GetCartDetails", controller = "Carts"}. Executing controller action with signature System.Threading.Tasks.Task`1[Microsoft.AspNetCore.Mvc.ActionResult`1[eCommerce.Application.DTOs.Cart.CartDto]] GetCartDetails(Int32) on controller eCommerce.Api.Controllers.v1.CartsController (eCommerce.Api).
2026-05-15 02:15:20.833 +05:30 [INF] Executed DbCommand (17ms) [Parameters=[@__p_0='?' (DbType = Int32)], CommandType='"Text"', CommandTimeout='30']
SELECT TOP(1) [c].[CartId], [c].[CartDate], [c].[CustomerId]
FROM [Carts] AS [c]
WHERE [c].[CartId] = @__p_0
2026-05-15 02:15:20.836 +05:30 [INF] Executing OkObjectResult, writing value of type 'eCommerce.Application.DTOs.Cart.CartDto'.
2026-05-15 02:15:20.837 +05:30 [INF] Executed action eCommerce.Api.Controllers.v1.CartsController.GetCartDetails (eCommerce.Api) in 50.7273ms
2026-05-15 02:15:20.837 +05:30 [INF] Executed endpoint 'eCommerce.Api.Controllers.v1.CartsController.GetCartDetails (eCommerce.Api)'
2026-05-15 02:15:20.837 +05:30 [INF] Request finished HTTP/2 GET https://localhost:7274/api/v1/Carts/36 - 200 null application/json; charset=utf-8 66.1245ms
2026-05-15 02:15:20.852 +05:30 [INF] Request starting HTTP/2 OPTIONS https://localhost:7274/api/v1/CartItems - null null
2026-05-15 02:15:20.853 +05:30 [INF] CORS policy execution successful.
2026-05-15 02:15:20.853 +05:30 [INF] Request finished HTTP/2 OPTIONS https://localhost:7274/api/v1/CartItems - 204 null null 1.7807ms
2026-05-15 02:15:20.857 +05:30 [INF] Request starting HTTP/2 POST https://localhost:7274/api/v1/CartItems - application/json 58
2026-05-15 02:15:20.858 +05:30 [INF] CORS policy execution successful.
2026-05-15 02:15:20.858 +05:30 [INF] Executing endpoint 'eCommerce.Api.Controllers.v1.CartItemsController.CreatecartItem (eCommerce.Api)'
2026-05-15 02:15:20.859 +05:30 [INF] Route matched with {action = "CreatecartItem", controller = "CartItems"}. Executing controller action with signature System.Threading.Tasks.Task`1[Microsoft.AspNetCore.Mvc.ActionResult`1[eCommerce.Application.DTOs.CartItem.CreateCartItemDto]] CreatecartItem(eCommerce.Application.DTOs.CartItem.CreateCartItemDto) on controller eCommerce.Api.Controllers.v1.CartItemsController (eCommerce.Api).
2026-05-15 02:15:20.877 +05:30 [INF] Executed DbCommand (11ms) [Parameters=[@p0='?' (DbType = Int32), @p1='?' (DbType = Int32), @p2='?' (DbType = Int32), @p3='?' (DbType = Int32)], CommandType='"Text"', CommandTimeout='30']
SET IMPLICIT_TRANSACTIONS OFF;
SET NOCOUNT ON;
INSERT INTO [CartItems] ([CartId], [ProductId], [Quantity], [Size])
OUTPUT INSERTED.[CartItemId]
VALUES (@p0, @p1, @p2, @p3);
2026-05-15 02:15:20.878 +05:30 [INF] Executing CreatedAtActionResult, writing value of type 'eCommerce.Application.DTOs.CartItem.CartItemDto'.
2026-05-15 02:15:20.880 +05:30 [INF] Executed action eCommerce.Api.Controllers.v1.CartItemsController.CreatecartItem (eCommerce.Api) in 20.9194ms
2026-05-15 02:15:20.880 +05:30 [INF] Executed endpoint 'eCommerce.Api.Controllers.v1.CartItemsController.CreatecartItem (eCommerce.Api)'
2026-05-15 02:15:20.880 +05:30 [INF] Request finished HTTP/2 POST https://localhost:7274/api/v1/CartItems - 201 null application/json; charset=utf-8 23.9759ms
2026-05-15 02:15:20.917 +05:30 [INF] Request starting HTTP/2 GET https://localhost:7274/api/v1/CartItems - application/json null
2026-05-15 02:15:20.919 +05:30 [INF] CORS policy execution successful.
2026-05-15 02:15:20.919 +05:30 [INF] Executing endpoint 'eCommerce.Api.Controllers.v1.CartItemsController.GetAllcartItems (eCommerce.Api)'
2026-05-15 02:15:20.919 +05:30 [INF] Route matched with {action = "GetAllcartItems", controller = "CartItems"}. Executing controller action with signature System.Threading.Tasks.Task`1[Microsoft.AspNetCore.Mvc.ActionResult`1[System.Collections.Generic.IEnumerable`1[eCommerce.Application.DTOs.CartItem.CartItemDto]]] GetAllcartItems() on controller eCommerce.Api.Controllers.v1.CartItemsController (eCommerce.Api).
2026-05-15 02:15:20.926 +05:30 [INF] Executed DbCommand (4ms) [Parameters=[], CommandType='"Text"', CommandTimeout='30']
SELECT [c].[CartItemId], [c].[CartId], [c].[ProductId], [c].[Quantity], [c].[Size]
FROM [CartItems] AS [c]
2026-05-15 02:15:20.928 +05:30 [INF] Executing OkObjectResult, writing value of type 'System.Collections.Generic.List`1[[eCommerce.Application.DTOs.CartItem.CartItemDto, eCommerce.Application, Version=1.0.0.0, Culture=neutral, PublicKeyToken=null]]'.
2026-05-15 02:15:20.928 +05:30 [INF] Executed action eCommerce.Api.Controllers.v1.CartItemsController.GetAllcartItems (eCommerce.Api) in 8.5806ms
2026-05-15 02:15:20.928 +05:30 [INF] Executed endpoint 'eCommerce.Api.Controllers.v1.CartItemsController.GetAllcartItems (eCommerce.Api)'
2026-05-15 02:15:20.930 +05:30 [INF] Request finished HTTP/2 GET https://localhost:7274/api/v1/CartItems - 200 null application/json; charset=utf-8 12.3035ms
2026-05-15 02:15:20.941 +05:30 [INF] Request starting HTTP/2 OPTIONS https://localhost:7274/api/v1/products/1002 - null null
2026-05-15 02:15:20.943 +05:30 [INF] Request starting HTTP/2 OPTIONS https://localhost:7274/api/v1/products/1005 - null null
2026-05-15 02:15:20.943 +05:30 [INF] CORS policy execution successful.
2026-05-15 02:15:20.943 +05:30 [INF] CORS policy execution successful.
2026-05-15 02:15:20.943 +05:30 [INF] Request finished HTTP/2 OPTIONS https://localhost:7274/api/v1/products/1002 - 204 null null 1.8838ms
2026-05-15 02:15:20.943 +05:30 [INF] Request finished HTTP/2 OPTIONS https://localhost:7274/api/v1/products/1005 - 204 null null 0.5716ms
2026-05-15 02:15:20.955 +05:30 [INF] Request starting HTTP/2 GET https://localhost:7274/api/v1/products/1002 - application/json null
2026-05-15 02:15:20.955 +05:30 [INF] Request starting HTTP/2 GET https://localhost:7274/api/v1/products/1005 - application/json null
2026-05-15 02:15:20.957 +05:30 [INF] CORS policy execution successful.
2026-05-15 02:15:20.957 +05:30 [INF] CORS policy execution successful.
2026-05-15 02:15:20.958 +05:30 [INF] Executing endpoint 'eCommerce.Api.Controllers.v1.ProductsController.GetProductDetails (eCommerce.Api)'
2026-05-15 02:15:20.958 +05:30 [INF] Executing endpoint 'eCommerce.Api.Controllers.v1.ProductsController.GetProductDetails (eCommerce.Api)'
2026-05-15 02:15:20.958 +05:30 [INF] Route matched with {action = "GetProductDetails", controller = "Products"}. Executing controller action with signature System.Threading.Tasks.Task`1[Microsoft.AspNetCore.Mvc.ActionResult`1[eCommerce.Application.DTOs.Product.ProductDto]] GetProductDetails(Int32) on controller eCommerce.Api.Controllers.v1.ProductsController (eCommerce.Api).
2026-05-15 02:15:20.958 +05:30 [INF] Route matched with {action = "GetProductDetails", controller = "Products"}. Executing controller action with signature System.Threading.Tasks.Task`1[Microsoft.AspNetCore.Mvc.ActionResult`1[eCommerce.Application.DTOs.Product.ProductDto]] GetProductDetails(Int32) on controller eCommerce.Api.Controllers.v1.ProductsController (eCommerce.Api).
2026-05-15 02:15:20.983 +05:30 [INF] Executed DbCommand (23ms) [Parameters=[@__p_0='?' (DbType = Int32)], CommandType='"Text"', CommandTimeout='30']
SELECT TOP(1) [p].[ProductId], [p].[CategoryId], [p].[Description], [p].[Discount], [p].[Gender], [p].[MadeIn], [p].[ManufacturingDate], [p].[Picture], [p].[ProductName], [p].[Quantity], [p].[ReturnPolicy], [p].[ShoeType], [p].[UnitPrice], [p].[WarrantyPeriod]
FROM [Products] AS [p]
WHERE [p].[ProductId] = @__p_0
2026-05-15 02:15:20.983 +05:30 [INF] Executed DbCommand (22ms) [Parameters=[@__p_0='?' (DbType = Int32)], CommandType='"Text"', CommandTimeout='30']
SELECT TOP(1) [p].[ProductId], [p].[CategoryId], [p].[Description], [p].[Discount], [p].[Gender], [p].[MadeIn], [p].[ManufacturingDate], [p].[Picture], [p].[ProductName], [p].[Quantity], [p].[ReturnPolicy], [p].[ShoeType], [p].[UnitPrice], [p].[WarrantyPeriod]
FROM [Products] AS [p]
WHERE [p].[ProductId] = @__p_0
2026-05-15 02:15:20.984 +05:30 [INF] Executing OkObjectResult, writing value of type 'eCommerce.Application.DTOs.Product.ProductDto'.
2026-05-15 02:15:20.984 +05:30 [INF] Executing OkObjectResult, writing value of type 'eCommerce.Application.DTOs.Product.ProductDto'.
2026-05-15 02:15:20.984 +05:30 [INF] Executed action eCommerce.Api.Controllers.v1.ProductsController.GetProductDetails (eCommerce.Api) in 25.8475ms
2026-05-15 02:15:20.984 +05:30 [INF] Executed endpoint 'eCommerce.Api.Controllers.v1.ProductsController.GetProductDetails (eCommerce.Api)'
2026-05-15 02:15:20.984 +05:30 [INF] Executed action eCommerce.Api.Controllers.v1.ProductsController.GetProductDetails (eCommerce.Api) in 26.1312ms
2026-05-15 02:15:20.984 +05:30 [INF] Executed endpoint 'eCommerce.Api.Controllers.v1.ProductsController.GetProductDetails (eCommerce.Api)'
2026-05-15 02:15:20.984 +05:30 [INF] Request finished HTTP/2 GET https://localhost:7274/api/v1/products/1005 - 200 null application/json; charset=utf-8 30.9719ms
2026-05-15 02:15:20.985 +05:30 [INF] Request finished HTTP/2 GET https://localhost:7274/api/v1/products/1002 - 200 null application/json; charset=utf-8 31.1653ms
2026-05-15 02:15:24.306 +05:30 [INF] Request starting HTTP/2 OPTIONS https://localhost:7274/api/v1/CartItems/115 - null null
2026-05-15 02:15:24.307 +05:30 [INF] CORS policy execution successful.
2026-05-15 02:15:24.308 +05:30 [INF] Request finished HTTP/2 OPTIONS https://localhost:7274/api/v1/CartItems/115 - 204 null null 2.8034ms
2026-05-15 02:15:24.312 +05:30 [INF] Request starting HTTP/2 DELETE https://localhost:7274/api/v1/CartItems/115 - application/json null
2026-05-15 02:15:24.313 +05:30 [INF] CORS policy execution successful.
2026-05-15 02:15:24.314 +05:30 [INF] Executing endpoint 'eCommerce.Api.Controllers.v1.CartItemsController.DeleteCartItem (eCommerce.Api)'
2026-05-15 02:15:24.326 +05:30 [INF] Route matched with {action = "DeleteCartItem", controller = "CartItems"}. Executing controller action with signature System.Threading.Tasks.Task`1[Microsoft.AspNetCore.Mvc.ActionResult] DeleteCartItem(Int32) on controller eCommerce.Api.Controllers.v1.CartItemsController (eCommerce.Api).
2026-05-15 02:15:24.372 +05:30 [INF] Executed DbCommand (5ms) [Parameters=[@__p_0='?' (DbType = Int32)], CommandType='"Text"', CommandTimeout='30']
SELECT TOP(1) [c].[CartItemId], [c].[CartId], [c].[ProductId], [c].[Quantity], [c].[Size]
FROM [CartItems] AS [c]
WHERE [c].[CartItemId] = @__p_0
2026-05-15 02:15:24.413 +05:30 [INF] Executed DbCommand (13ms) [Parameters=[@p0='?' (DbType = Int32)], CommandType='"Text"', CommandTimeout='30']
SET IMPLICIT_TRANSACTIONS OFF;
SET NOCOUNT ON;
DELETE FROM [CartItems]
OUTPUT 1
WHERE [CartItemId] = @p0;
2026-05-15 02:15:24.422 +05:30 [INF] Executing StatusCodeResult, setting HTTP status code 204
2026-05-15 02:15:24.422 +05:30 [INF] Executed action eCommerce.Api.Controllers.v1.CartItemsController.DeleteCartItem (eCommerce.Api) in 95.8224ms
2026-05-15 02:15:24.422 +05:30 [INF] Executed endpoint 'eCommerce.Api.Controllers.v1.CartItemsController.DeleteCartItem (eCommerce.Api)'
2026-05-15 02:15:24.423 +05:30 [INF] Request finished HTTP/2 DELETE https://localhost:7274/api/v1/CartItems/115 - 204 null null 111.1369ms
2026-05-15 02:15:27.041 +05:30 [INF] Request starting HTTP/2 DELETE https://localhost:7274/api/v1/CartItems/115 - application/json null
2026-05-15 02:15:27.042 +05:30 [INF] CORS policy execution successful.
2026-05-15 02:15:27.042 +05:30 [INF] Executing endpoint 'eCommerce.Api.Controllers.v1.CartItemsController.DeleteCartItem (eCommerce.Api)'
2026-05-15 02:15:27.046 +05:30 [INF] Request starting HTTP/2 OPTIONS https://localhost:7274/api/v1/CartItems - null null
2026-05-15 02:15:27.044 +05:30 [INF] Route matched with {action = "DeleteCartItem", controller = "CartItems"}. Executing controller action with signature System.Threading.Tasks.Task`1[Microsoft.AspNetCore.Mvc.ActionResult] DeleteCartItem(Int32) on controller eCommerce.Api.Controllers.v1.CartItemsController (eCommerce.Api).
2026-05-15 02:15:27.047 +05:30 [INF] CORS policy execution successful.
2026-05-15 02:15:27.047 +05:30 [INF] Request finished HTTP/2 OPTIONS https://localhost:7274/api/v1/CartItems - 204 null null 3.9283ms
2026-05-15 02:15:27.055 +05:30 [INF] Request starting HTTP/2 GET https://localhost:7274/api/v1/CartItems - application/json null
2026-05-15 02:15:27.058 +05:30 [INF] CORS policy execution successful.
2026-05-15 02:15:27.059 +05:30 [INF] Executed DbCommand (7ms) [Parameters=[@__p_0='?' (DbType = Int32)], CommandType='"Text"', CommandTimeout='30']
SELECT TOP(1) [c].[CartItemId], [c].[CartId], [c].[ProductId], [c].[Quantity], [c].[Size]
FROM [CartItems] AS [c]
WHERE [c].[CartItemId] = @__p_0
2026-05-15 02:15:27.066 +05:30 [INF] Executing endpoint 'eCommerce.Api.Controllers.v1.CartItemsController.GetAllcartItems (eCommerce.Api)'
2026-05-15 02:15:27.067 +05:30 [INF] Route matched with {action = "GetAllcartItems", controller = "CartItems"}. Executing controller action with signature System.Threading.Tasks.Task`1[Microsoft.AspNetCore.Mvc.ActionResult`1[System.Collections.Generic.IEnumerable`1[eCommerce.Application.DTOs.CartItem.CartItemDto]]] GetAllcartItems() on controller eCommerce.Api.Controllers.v1.CartItemsController (eCommerce.Api).
2026-05-15 02:15:27.067 +05:30 [INF] Executing ObjectResult, writing value of type '<>f__AnonymousType1`1[[System.String, System.Private.CoreLib, Version=8.0.0.0, Culture=neutral, PublicKeyToken=7cec85d7bea7798e]]'.
2026-05-15 02:15:27.076 +05:30 [INF] Executed DbCommand (7ms) [Parameters=[], CommandType='"Text"', CommandTimeout='30']
SELECT [c].[CartItemId], [c].[CartId], [c].[ProductId], [c].[Quantity], [c].[Size]
FROM [CartItems] AS [c]
2026-05-15 02:15:27.078 +05:30 [INF] Executing OkObjectResult, writing value of type 'System.Collections.Generic.List`1[[eCommerce.Application.DTOs.CartItem.CartItemDto, eCommerce.Application, Version=1.0.0.0, Culture=neutral, PublicKeyToken=null]]'.
2026-05-15 02:15:27.079 +05:30 [INF] Executed action eCommerce.Api.Controllers.v1.CartItemsController.GetAllcartItems (eCommerce.Api) in 12.0437ms
2026-05-15 02:15:27.079 +05:30 [INF] Executed endpoint 'eCommerce.Api.Controllers.v1.CartItemsController.GetAllcartItems (eCommerce.Api)'
2026-05-15 02:15:27.079 +05:30 [INF] Request finished HTTP/2 GET https://localhost:7274/api/v1/CartItems - 200 null application/json; charset=utf-8 25.9964ms
2026-05-15 02:15:27.082 +05:30 [INF] Executed action eCommerce.Api.Controllers.v1.CartItemsController.DeleteCartItem (eCommerce.Api) in 35.7389ms
2026-05-15 02:15:27.082 +05:30 [INF] Executed endpoint 'eCommerce.Api.Controllers.v1.CartItemsController.DeleteCartItem (eCommerce.Api)'
2026-05-15 02:15:27.082 +05:30 [INF] Request finished HTTP/2 DELETE https://localhost:7274/api/v1/CartItems/115 - 500 null application/json; charset=utf-8 42.1264ms
2026-05-15 02:15:27.089 +05:30 [INF] Request starting HTTP/2 OPTIONS https://localhost:7274/api/v1/products/1002 - null null
2026-05-15 02:15:27.090 +05:30 [INF] CORS policy execution successful.
2026-05-15 02:15:27.091 +05:30 [INF] Request finished HTTP/2 OPTIONS https://localhost:7274/api/v1/products/1002 - 204 null null 2.9401ms
2026-05-15 02:15:27.096 +05:30 [INF] Request starting HTTP/2 GET https://localhost:7274/api/v1/products/1002 - application/json null
2026-05-15 02:15:27.096 +05:30 [INF] CORS policy execution successful.
2026-05-15 02:15:27.097 +05:30 [INF] Executing endpoint 'eCommerce.Api.Controllers.v1.ProductsController.GetProductDetails (eCommerce.Api)'
2026-05-15 02:15:27.097 +05:30 [INF] Route matched with {action = "GetProductDetails", controller = "Products"}. Executing controller action with signature System.Threading.Tasks.Task`1[Microsoft.AspNetCore.Mvc.ActionResult`1[eCommerce.Application.DTOs.Product.ProductDto]] GetProductDetails(Int32) on controller eCommerce.Api.Controllers.v1.ProductsController (eCommerce.Api).
2026-05-15 02:15:27.108 +05:30 [INF] Executed DbCommand (7ms) [Parameters=[@__p_0='?' (DbType = Int32)], CommandType='"Text"', CommandTimeout='30']
SELECT TOP(1) [p].[ProductId], [p].[CategoryId], [p].[Description], [p].[Discount], [p].[Gender], [p].[MadeIn], [p].[ManufacturingDate], [p].[Picture], [p].[ProductName], [p].[Quantity], [p].[ReturnPolicy], [p].[ShoeType], [p].[UnitPrice], [p].[WarrantyPeriod]
FROM [Products] AS [p]
WHERE [p].[ProductId] = @__p_0
2026-05-15 02:15:27.109 +05:30 [INF] Executing OkObjectResult, writing value of type 'eCommerce.Application.DTOs.Product.ProductDto'.
2026-05-15 02:15:27.110 +05:30 [INF] Executed action eCommerce.Api.Controllers.v1.ProductsController.GetProductDetails (eCommerce.Api) in 12.3822ms
2026-05-15 02:15:27.110 +05:30 [INF] Executed endpoint 'eCommerce.Api.Controllers.v1.ProductsController.GetProductDetails (eCommerce.Api)'
2026-05-15 02:15:27.110 +05:30 [INF] Request finished HTTP/2 GET https://localhost:7274/api/v1/products/1002 - 200 null application/json; charset=utf-8 15.7833ms
2026-05-15 02:15:29.621 +05:30 [INF] Request starting HTTP/2 OPTIONS https://localhost:7274/api/v1/Carts/create-razorpay-order?cartId=36 - null null
2026-05-15 02:15:29.634 +05:30 [INF] CORS policy execution successful.
2026-05-15 02:15:29.634 +05:30 [INF] Request finished HTTP/2 OPTIONS https://localhost:7274/api/v1/Carts/create-razorpay-order?cartId=36 - 204 null null 12.6704ms
2026-05-15 02:15:29.639 +05:30 [INF] Request starting HTTP/2 POST https://localhost:7274/api/v1/Carts/create-razorpay-order?cartId=36 - application/json 2
2026-05-15 02:15:29.640 +05:30 [INF] CORS policy execution successful.
2026-05-15 02:15:29.642 +05:30 [INF] Executing endpoint 'eCommerce.Api.Controllers.v1.CartsController.CreateRazorpayOrder (eCommerce.Api)'
2026-05-15 02:15:29.654 +05:30 [INF] Route matched with {action = "CreateRazorpayOrder", controller = "Carts"}. Executing controller action with signature System.Threading.Tasks.Task`1[Microsoft.AspNetCore.Mvc.ActionResult] CreateRazorpayOrder(Int32) on controller eCommerce.Api.Controllers.v1.CartsController (eCommerce.Api).
2026-05-15 02:15:29.824 +05:30 [INF] Executed DbCommand (76ms) [Parameters=[@__cartId_0='?' (DbType = Int32)], CommandType='"Text"', CommandTimeout='30']
SELECT [t].[CartId], [t].[CartDate], [t].[CustomerId], [t0].[CartItemId], [t0].[CartId], [t0].[ProductId], [t0].[Quantity], [t0].[Size], [t0].[ProductId0], [t0].[CategoryId], [t0].[Description], [t0].[Discount], [t0].[Gender], [t0].[MadeIn], [t0].[ManufacturingDate], [t0].[Picture], [t0].[ProductName], [t0].[Quantity0], [t0].[ReturnPolicy], [t0].[ShoeType], [t0].[UnitPrice], [t0].[WarrantyPeriod]
FROM (
    SELECT TOP(1) [c].[CartId], [c].[CartDate], [c].[CustomerId]
    FROM [Carts] AS [c]
    WHERE [c].[CartId] = @__cartId_0
) AS [t]
LEFT JOIN (
    SELECT [c0].[CartItemId], [c0].[CartId], [c0].[ProductId], [c0].[Quantity], [c0].[Size], [p].[ProductId] AS [ProductId0], [p].[CategoryId], [p].[Description], [p].[Discount], [p].[Gender], [p].[MadeIn], [p].[ManufacturingDate], [p].[Picture], [p].[ProductName], [p].[Quantity] AS [Quantity0], [p].[ReturnPolicy], [p].[ShoeType], [p].[UnitPrice], [p].[WarrantyPeriod]
    FROM [CartItems] AS [c0]
    INNER JOIN [Products] AS [p] ON [c0].[ProductId] = [p].[ProductId]
) AS [t0] ON [t].[CartId] = [t0].[CartId]
ORDER BY [t].[CartId], [t0].[CartItemId]
2026-05-15 02:15:29.852 +05:30 [INF] Executing BadRequestObjectResult, writing value of type '<>f__AnonymousType2`1[[System.String, System.Private.CoreLib, Version=8.0.0.0, Culture=neutral, PublicKeyToken=7cec85d7bea7798e]]'.
2026-05-15 02:15:29.855 +05:30 [INF] Executed action eCommerce.Api.Controllers.v1.CartsController.CreateRazorpayOrder (eCommerce.Api) in 200.6314ms
2026-05-15 02:15:29.855 +05:30 [INF] Executed endpoint 'eCommerce.Api.Controllers.v1.CartsController.CreateRazorpayOrder (eCommerce.Api)'
2026-05-15 02:15:29.855 +05:30 [INF] Request finished HTTP/2 POST https://localhost:7274/api/v1/Carts/create-razorpay-order?cartId=36 - 400 null application/json; charset=utf-8 217.2274ms
2026-05-15 02:22:44.465 +05:30 [INF] User profile is available. Using 'C:\Users\pilli\AppData\Local\ASP.NET\DataProtection-Keys' as key repository and Windows DPAPI to encrypt keys at rest.
2026-05-15 02:22:46.136 +05:30 [INF] Now listening on: https://localhost:7274
2026-05-15 02:22:46.138 +05:30 [INF] Now listening on: http://localhost:5169
2026-05-15 02:22:46.692 +05:30 [INF] Application started. Press Ctrl+C to shut down.
2026-05-15 02:22:46.693 +05:30 [INF] Hosting environment: Development
2026-05-15 02:22:46.693 +05:30 [INF] Content root path: C:\Users\pilli\OneDrive\Desktop\.net&angular training\ASP.NETCoreWebAPI\CleanArchitecture\eCommerce.Api
2026-05-15 02:22:49.045 +05:30 [INF] Request starting HTTP/2 GET https://localhost:7274/swagger/index.html - null null
2026-05-15 02:22:49.787 +05:30 [INF] Request finished HTTP/2 GET https://localhost:7274/swagger/index.html - 200 null text/html;charset=utf-8 775.8319ms
2026-05-15 02:22:49.928 +05:30 [INF] Request starting HTTP/2 GET https://localhost:7274/_framework/aspnetcore-browser-refresh.js - null null
2026-05-15 02:22:49.933 +05:30 [INF] Request starting HTTP/2 GET https://localhost:7274/_vs/browserLink - null null
2026-05-15 02:22:49.955 +05:30 [INF] Request finished HTTP/2 GET https://localhost:7274/_framework/aspnetcore-browser-refresh.js - 200 16511 application/javascript; charset=utf-8 26.7782ms
2026-05-15 02:22:50.096 +05:30 [INF] Request finished HTTP/2 GET https://localhost:7274/_vs/browserLink - 200 null text/javascript; charset=UTF-8 162.3623ms
2026-05-15 02:22:50.261 +05:30 [INF] Request starting HTTP/2 GET https://localhost:7274/swagger/v1/swagger.json - null null
2026-05-15 02:22:50.467 +05:30 [INF] Request finished HTTP/2 GET https://localhost:7274/swagger/v1/swagger.json - 200 null application/json;charset=utf-8 207.7713ms
2026-05-15 02:23:44.653 +05:30 [INF] Request starting HTTP/2 OPTIONS https://localhost:7274/api/v1/CartItems - null null
2026-05-15 02:23:45.386 +05:30 [INF] CORS policy execution successful.
2026-05-15 02:23:45.415 +05:30 [INF] Request finished HTTP/2 OPTIONS https://localhost:7274/api/v1/CartItems - 204 null null 770.5268ms
2026-05-15 02:23:45.426 +05:30 [INF] Request starting HTTP/2 GET https://localhost:7274/api/v1/CartItems - application/json null
2026-05-15 02:23:45.467 +05:30 [INF] CORS policy execution successful.
2026-05-15 02:23:46.319 +05:30 [INF] Executing endpoint 'eCommerce.Api.Controllers.v1.CartItemsController.GetAllcartItems (eCommerce.Api)'
2026-05-15 02:23:46.589 +05:30 [INF] Route matched with {action = "GetAllcartItems", controller = "CartItems"}. Executing controller action with signature System.Threading.Tasks.Task`1[Microsoft.AspNetCore.Mvc.ActionResult`1[System.Collections.Generic.IEnumerable`1[eCommerce.Application.DTOs.CartItem.CartItemDto]]] GetAllcartItems() on controller eCommerce.Api.Controllers.v1.CartItemsController (eCommerce.Api).
2026-05-15 02:23:47.868 +05:30 [INF] Request starting HTTP/2 GET https://localhost:7274/api/v1/CartItems - application/json null
2026-05-15 02:23:47.874 +05:30 [INF] CORS policy execution successful.
2026-05-15 02:23:47.884 +05:30 [INF] Executing endpoint 'eCommerce.Api.Controllers.v1.CartItemsController.GetAllcartItems (eCommerce.Api)'
2026-05-15 02:23:47.885 +05:30 [INF] Route matched with {action = "GetAllcartItems", controller = "CartItems"}. Executing controller action with signature System.Threading.Tasks.Task`1[Microsoft.AspNetCore.Mvc.ActionResult`1[System.Collections.Generic.IEnumerable`1[eCommerce.Application.DTOs.CartItem.CartItemDto]]] GetAllcartItems() on controller eCommerce.Api.Controllers.v1.CartItemsController (eCommerce.Api).
2026-05-15 02:23:48.756 +05:30 [WRN] You do not have a valid license key for the Lucky Penny software AutoMapper. This is allowed for development and testing scenarios. If you are running in production you are required to have a licensed version. Please visit https://luckypennysoftware.com to obtain a valid license.
2026-05-15 02:23:54.401 +05:30 [INF] Executed DbCommand (233ms) [Parameters=[], CommandType='"Text"', CommandTimeout='30']
SELECT [c].[CartItemId], [c].[CartId], [c].[ProductId], [c].[Quantity], [c].[Size]
FROM [CartItems] AS [c]
2026-05-15 02:23:54.401 +05:30 [INF] Executed DbCommand (233ms) [Parameters=[], CommandType='"Text"', CommandTimeout='30']
SELECT [c].[CartItemId], [c].[CartId], [c].[ProductId], [c].[Quantity], [c].[Size]
FROM [CartItems] AS [c]
2026-05-15 02:23:54.817 +05:30 [INF] Executing OkObjectResult, writing value of type 'System.Collections.Generic.List`1[[eCommerce.Application.DTOs.CartItem.CartItemDto, eCommerce.Application, Version=1.0.0.0, Culture=neutral, PublicKeyToken=null]]'.
2026-05-15 02:23:54.817 +05:30 [INF] Executing OkObjectResult, writing value of type 'System.Collections.Generic.List`1[[eCommerce.Application.DTOs.CartItem.CartItemDto, eCommerce.Application, Version=1.0.0.0, Culture=neutral, PublicKeyToken=null]]'.
2026-05-15 02:23:55.025 +05:30 [INF] Executed action eCommerce.Api.Controllers.v1.CartItemsController.GetAllcartItems (eCommerce.Api) in 7126.6882ms
2026-05-15 02:23:55.025 +05:30 [INF] Executed action eCommerce.Api.Controllers.v1.CartItemsController.GetAllcartItems (eCommerce.Api) in 8422.0555ms
2026-05-15 02:23:55.029 +05:30 [INF] Executed endpoint 'eCommerce.Api.Controllers.v1.CartItemsController.GetAllcartItems (eCommerce.Api)'
2026-05-15 02:23:55.030 +05:30 [INF] Executed endpoint 'eCommerce.Api.Controllers.v1.CartItemsController.GetAllcartItems (eCommerce.Api)'
2026-05-15 02:23:55.094 +05:30 [INF] Request finished HTTP/2 GET https://localhost:7274/api/v1/CartItems - 499 null application/json; charset=utf-8 7224.9692ms
2026-05-15 02:23:55.094 +05:30 [INF] Request finished HTTP/2 GET https://localhost:7274/api/v1/CartItems - 499 null application/json; charset=utf-8 9667.2467ms
2026-05-15 02:24:13.988 +05:30 [INF] Request starting HTTP/2 OPTIONS https://localhost:7274/api/v1/Security/Login - null null
2026-05-15 02:24:14.061 +05:30 [INF] CORS policy execution successful.
2026-05-15 02:24:14.071 +05:30 [INF] Request finished HTTP/2 OPTIONS https://localhost:7274/api/v1/Security/Login - 204 null null 91.2607ms
2026-05-15 02:24:14.104 +05:30 [INF] Request starting HTTP/2 POST https://localhost:7274/api/v1/Security/Login - application/json 52
2026-05-15 02:24:14.113 +05:30 [INF] CORS policy execution successful.
2026-05-15 02:24:14.181 +05:30 [INF] Failed to validate the token.
Microsoft.IdentityModel.Tokens.SecurityTokenMalformedException: IDX14100: JWT is not well formed, there are no dots (.).
The token needs to be in JWS or JWE Compact Serialization Format. (JWS): 'EncodedHeader.EncodedPayload.EncodedSignature'. (JWE): 'EncodedProtectedHeader.EncodedEncryptedKey.EncodedInitializationVector.EncodedCiphertext.EncodedAuthenticationTag'.
   at Microsoft.IdentityModel.JsonWebTokens.JsonWebToken.ReadToken(ReadOnlyMemory`1 encodedTokenMemory)
   at Microsoft.IdentityModel.JsonWebTokens.JsonWebToken..ctor(String jwtEncodedString, TryReadJwtClaim tryReadJwtClaim)
   at Microsoft.IdentityModel.JsonWebTokens.JsonWebTokenHandler.ReadToken(String token, TokenValidationParameters validationParameters)
2026-05-15 02:24:14.570 +05:30 [INF] Bearer was not authenticated. Failure message: IDX14100: JWT is not well formed, there are no dots (.).
The token needs to be in JWS or JWE Compact Serialization Format. (JWS): 'EncodedHeader.EncodedPayload.EncodedSignature'. (JWE): 'EncodedProtectedHeader.EncodedEncryptedKey.EncodedInitializationVector.EncodedCiphertext.EncodedAuthenticationTag'.
2026-05-15 02:24:14.576 +05:30 [INF] Executing endpoint 'eCommerce.Api.Controllers.v1.SecurityController.Post (eCommerce.Api)'
2026-05-15 02:24:14.853 +05:30 [INF] Route matched with {action = "Post", controller = "Security"}. Executing controller action with signature System.Threading.Tasks.Task`1[Microsoft.AspNetCore.Mvc.ActionResult`1[eCommerce.Application.VMS.AuthenticationResponseVM]] Post(eCommerce.Application.DTOs.User.UserDto) on controller eCommerce.Api.Controllers.v1.SecurityController (eCommerce.Api).
2026-05-15 02:24:17.214 +05:30 [INF] Executed DbCommand (262ms) [Parameters=[@__email_0='?' (Size = 100)], CommandType='"Text"', CommandTimeout='30']
SELECT [t].[UserId], [t].[Email], [t].[Password], [t0].[RolesRoleId], [t0].[UsersUserId], [t0].[RoleId], [t0].[Description], [t0].[RoleName]
FROM (
    SELECT TOP(1) [u].[UserId], [u].[Email], [u].[Password]
    FROM [Users] AS [u]
    WHERE [u].[Email] = @__email_0
) AS [t]
LEFT JOIN (
    SELECT [r].[RolesRoleId], [r].[UsersUserId], [r0].[RoleId], [r0].[Description], [r0].[RoleName]
    FROM [RoleUser] AS [r]
    INNER JOIN [Roles] AS [r0] ON [r].[RolesRoleId] = [r0].[RoleId]
) AS [t0] ON [t].[UserId] = [t0].[UsersUserId]
ORDER BY [t].[UserId], [t0].[RolesRoleId], [t0].[UsersUserId]
2026-05-15 02:24:17.860 +05:30 [INF] Executing OkObjectResult, writing value of type 'eCommerce.Application.VMS.AuthenticationResponseVM'.
2026-05-15 02:24:17.901 +05:30 [INF] Executed action eCommerce.Api.Controllers.v1.SecurityController.Post (eCommerce.Api) in 3047.665ms
2026-05-15 02:24:17.901 +05:30 [INF] Executed endpoint 'eCommerce.Api.Controllers.v1.SecurityController.Post (eCommerce.Api)'
2026-05-15 02:24:17.904 +05:30 [INF] Request finished HTTP/2 POST https://localhost:7274/api/v1/Security/Login - 200 null application/json; charset=utf-8 3800.98ms
2026-05-15 02:24:17.967 +05:30 [INF] Request starting HTTP/2 OPTIONS https://localhost:7274/api/v1/Customers/user/1 - null null
2026-05-15 02:24:17.975 +05:30 [INF] CORS policy execution successful.
2026-05-15 02:24:17.976 +05:30 [INF] Request finished HTTP/2 OPTIONS https://localhost:7274/api/v1/Customers/user/1 - 204 null null 9.1286ms
2026-05-15 02:24:17.984 +05:30 [INF] Request starting HTTP/2 GET https://localhost:7274/api/v1/Customers/user/1 - application/json null
2026-05-15 02:24:17.992 +05:30 [INF] CORS policy execution successful.
2026-05-15 02:24:17.997 +05:30 [INF] Executing endpoint 'eCommerce.Api.Controllers.v1.CustomersController.GetByUserId (eCommerce.Api)'
2026-05-15 02:24:18.014 +05:30 [INF] Route matched with {action = "GetByUserId", controller = "Customers"}. Executing controller action with signature System.Threading.Tasks.Task`1[Microsoft.AspNetCore.Mvc.ActionResult`1[eCommerce.Application.DTOs.Customer.CustomerDto]] GetByUserId(Int32) on controller eCommerce.Api.Controllers.v1.CustomersController (eCommerce.Api).
2026-05-15 02:24:18.051 +05:30 [INF] Executed DbCommand (8ms) [Parameters=[], CommandType='"Text"', CommandTimeout='30']
SELECT [c].[CustomerId], [c].[Address], [c].[City], [c].[ContactName], [c].[Email], [c].[Phone], [c].[UserId], [c].[Zipcode]
FROM [Customers] AS [c]
2026-05-15 02:24:18.084 +05:30 [INF] Executing OkObjectResult, writing value of type 'eCommerce.Application.DTOs.Customer.CustomerDto'.
2026-05-15 02:24:18.088 +05:30 [INF] Executed action eCommerce.Api.Controllers.v1.CustomersController.GetByUserId (eCommerce.Api) in 74.6361ms
2026-05-15 02:24:18.089 +05:30 [INF] Executed endpoint 'eCommerce.Api.Controllers.v1.CustomersController.GetByUserId (eCommerce.Api)'
2026-05-15 02:24:18.089 +05:30 [INF] Request finished HTTP/2 GET https://localhost:7274/api/v1/Customers/user/1 - 200 null application/json; charset=utf-8 106.2228ms
2026-05-15 02:24:23.485 +05:30 [INF] Request starting HTTP/2 OPTIONS https://localhost:7274/api/v1/products - null null
2026-05-15 02:24:23.488 +05:30 [INF] Request starting HTTP/2 OPTIONS https://localhost:7274/api/v1/products - null null
2026-05-15 02:24:23.495 +05:30 [INF] CORS policy execution successful.
2026-05-15 02:24:23.495 +05:30 [INF] CORS policy execution successful.
2026-05-15 02:24:23.495 +05:30 [INF] Request finished HTTP/2 OPTIONS https://localhost:7274/api/v1/products - 204 null null 10.7552ms
2026-05-15 02:24:23.497 +05:30 [INF] Request finished HTTP/2 OPTIONS https://localhost:7274/api/v1/products - 204 null null 8.6383ms
2026-05-15 02:24:23.528 +05:30 [INF] Request starting HTTP/2 GET https://localhost:7274/api/v1/products - application/json null
2026-05-15 02:24:23.533 +05:30 [INF] CORS policy execution successful.
2026-05-15 02:24:23.533 +05:30 [INF] Executing endpoint 'eCommerce.Api.Controllers.v1.ProductsController.GetAllProducts (eCommerce.Api)'
2026-05-15 02:24:23.541 +05:30 [INF] Route matched with {action = "GetAllProducts", controller = "Products"}. Executing controller action with signature System.Threading.Tasks.Task`1[Microsoft.AspNetCore.Mvc.ActionResult`1[System.Collections.Generic.IEnumerable`1[eCommerce.Application.DTOs.Product.ProductDto]]] GetAllProducts() on controller eCommerce.Api.Controllers.v1.ProductsController (eCommerce.Api).
2026-05-15 02:24:23.566 +05:30 [INF] Executed DbCommand (8ms) [Parameters=[], CommandType='"Text"', CommandTimeout='30']
SELECT [p].[ProductId], [p].[CategoryId], [p].[Description], [p].[Discount], [p].[Gender], [p].[MadeIn], [p].[ManufacturingDate], [p].[Picture], [p].[ProductName], [p].[Quantity], [p].[ReturnPolicy], [p].[ShoeType], [p].[UnitPrice], [p].[WarrantyPeriod]
FROM [Products] AS [p]
2026-05-15 02:24:23.630 +05:30 [INF] Executing OkObjectResult, writing value of type 'System.Collections.Generic.List`1[[eCommerce.Application.DTOs.Product.ProductDto, eCommerce.Application, Version=1.0.0.0, Culture=neutral, PublicKeyToken=null]]'.
2026-05-15 02:24:23.680 +05:30 [INF] Request starting HTTP/2 GET https://localhost:7274/api/v1/products - application/json null
2026-05-15 02:24:23.693 +05:30 [INF] Executed action eCommerce.Api.Controllers.v1.ProductsController.GetAllProducts (eCommerce.Api) in 151.9456ms
2026-05-15 02:24:23.697 +05:30 [INF] Executed endpoint 'eCommerce.Api.Controllers.v1.ProductsController.GetAllProducts (eCommerce.Api)'
2026-05-15 02:24:23.697 +05:30 [INF] CORS policy execution successful.
2026-05-15 02:24:23.698 +05:30 [INF] Request finished HTTP/2 GET https://localhost:7274/api/v1/products - 200 null application/json; charset=utf-8 169.8162ms
2026-05-15 02:24:23.699 +05:30 [INF] Executing endpoint 'eCommerce.Api.Controllers.v1.ProductsController.GetAllProducts (eCommerce.Api)'
2026-05-15 02:24:23.709 +05:30 [INF] Route matched with {action = "GetAllProducts", controller = "Products"}. Executing controller action with signature System.Threading.Tasks.Task`1[Microsoft.AspNetCore.Mvc.ActionResult`1[System.Collections.Generic.IEnumerable`1[eCommerce.Application.DTOs.Product.ProductDto]]] GetAllProducts() on controller eCommerce.Api.Controllers.v1.ProductsController (eCommerce.Api).
2026-05-15 02:24:23.725 +05:30 [INF] Executed DbCommand (5ms) [Parameters=[], CommandType='"Text"', CommandTimeout='30']
SELECT [p].[ProductId], [p].[CategoryId], [p].[Description], [p].[Discount], [p].[Gender], [p].[MadeIn], [p].[ManufacturingDate], [p].[Picture], [p].[ProductName], [p].[Quantity], [p].[ReturnPolicy], [p].[ShoeType], [p].[UnitPrice], [p].[WarrantyPeriod]
FROM [Products] AS [p]
2026-05-15 02:24:23.732 +05:30 [INF] Executing OkObjectResult, writing value of type 'System.Collections.Generic.List`1[[eCommerce.Application.DTOs.Product.ProductDto, eCommerce.Application, Version=1.0.0.0, Culture=neutral, PublicKeyToken=null]]'.
2026-05-15 02:24:23.751 +05:30 [INF] Executed action eCommerce.Api.Controllers.v1.ProductsController.GetAllProducts (eCommerce.Api) in 41.1055ms
2026-05-15 02:24:23.751 +05:30 [INF] Executed endpoint 'eCommerce.Api.Controllers.v1.ProductsController.GetAllProducts (eCommerce.Api)'
2026-05-15 02:24:23.751 +05:30 [INF] Request finished HTTP/2 GET https://localhost:7274/api/v1/products - 200 null application/json; charset=utf-8 71.4527ms
2026-05-15 02:24:25.871 +05:30 [INF] Request starting HTTP/2 OPTIONS https://localhost:7274/api/v1/products/1002 - null null
2026-05-15 02:24:25.874 +05:30 [INF] CORS policy execution successful.
2026-05-15 02:24:25.875 +05:30 [INF] Request finished HTTP/2 OPTIONS https://localhost:7274/api/v1/products/1002 - 204 null null 4.5449ms
2026-05-15 02:24:25.882 +05:30 [INF] Request starting HTTP/2 GET https://localhost:7274/api/v1/products/1002 - application/json null
2026-05-15 02:24:25.883 +05:30 [INF] CORS policy execution successful.
2026-05-15 02:24:25.884 +05:30 [INF] Executing endpoint 'eCommerce.Api.Controllers.v1.ProductsController.GetProductDetails (eCommerce.Api)'
2026-05-15 02:24:25.890 +05:30 [INF] Route matched with {action = "GetProductDetails", controller = "Products"}. Executing controller action with signature System.Threading.Tasks.Task`1[Microsoft.AspNetCore.Mvc.ActionResult`1[eCommerce.Application.DTOs.Product.ProductDto]] GetProductDetails(Int32) on controller eCommerce.Api.Controllers.v1.ProductsController (eCommerce.Api).
2026-05-15 02:24:26.035 +05:30 [INF] Executed DbCommand (17ms) [Parameters=[@__p_0='?' (DbType = Int32)], CommandType='"Text"', CommandTimeout='30']
SELECT TOP(1) [p].[ProductId], [p].[CategoryId], [p].[Description], [p].[Discount], [p].[Gender], [p].[MadeIn], [p].[ManufacturingDate], [p].[Picture], [p].[ProductName], [p].[Quantity], [p].[ReturnPolicy], [p].[ShoeType], [p].[UnitPrice], [p].[WarrantyPeriod]
FROM [Products] AS [p]
WHERE [p].[ProductId] = @__p_0
2026-05-15 02:24:26.042 +05:30 [INF] Executing OkObjectResult, writing value of type 'eCommerce.Application.DTOs.Product.ProductDto'.
2026-05-15 02:24:26.043 +05:30 [INF] Executed action eCommerce.Api.Controllers.v1.ProductsController.GetProductDetails (eCommerce.Api) in 152.1507ms
2026-05-15 02:24:26.043 +05:30 [INF] Executed endpoint 'eCommerce.Api.Controllers.v1.ProductsController.GetProductDetails (eCommerce.Api)'
2026-05-15 02:24:26.043 +05:30 [INF] Request finished HTTP/2 GET https://localhost:7274/api/v1/products/1002 - 200 null application/json; charset=utf-8 161.7517ms
2026-05-15 02:24:31.078 +05:30 [INF] Request starting HTTP/2 OPTIONS https://localhost:7274/api/v1/Carts - null null
2026-05-15 02:24:31.081 +05:30 [INF] CORS policy execution successful.
2026-05-15 02:24:31.081 +05:30 [INF] Request finished HTTP/2 OPTIONS https://localhost:7274/api/v1/Carts - 204 null null 3.4905ms
2026-05-15 02:24:31.084 +05:30 [INF] Request starting HTTP/2 POST https://localhost:7274/api/v1/Carts - application/json 54
2026-05-15 02:24:31.085 +05:30 [INF] CORS policy execution successful.
2026-05-15 02:24:31.086 +05:30 [INF] Executing endpoint 'eCommerce.Api.Controllers.v1.CartsController.CreateCart (eCommerce.Api)'
2026-05-15 02:24:31.096 +05:30 [INF] Route matched with {action = "CreateCart", controller = "Carts"}. Executing controller action with signature System.Threading.Tasks.Task`1[Microsoft.AspNetCore.Mvc.ActionResult`1[eCommerce.Application.DTOs.Cart.CreateCartDto]] CreateCart(eCommerce.Application.DTOs.Cart.CreateCartDto) on controller eCommerce.Api.Controllers.v1.CartsController (eCommerce.Api).
2026-05-15 02:24:31.347 +05:30 [INF] Executed DbCommand (40ms) [Parameters=[@p0='?' (DbType = DateTime2), @p1='?' (DbType = Int32)], CommandType='"Text"', CommandTimeout='30']
SET IMPLICIT_TRANSACTIONS OFF;
SET NOCOUNT ON;
INSERT INTO [Carts] ([CartDate], [CustomerId])
OUTPUT INSERTED.[CartId]
VALUES (@p0, @p1);
2026-05-15 02:24:31.390 +05:30 [INF] Executing CreatedAtActionResult, writing value of type 'eCommerce.Application.DTOs.Cart.CartDto'.
2026-05-15 02:24:31.463 +05:30 [INF] Executed action eCommerce.Api.Controllers.v1.CartsController.CreateCart (eCommerce.Api) in 366.5646ms
2026-05-15 02:24:31.463 +05:30 [INF] Executed endpoint 'eCommerce.Api.Controllers.v1.CartsController.CreateCart (eCommerce.Api)'
2026-05-15 02:24:31.463 +05:30 [INF] Request finished HTTP/2 POST https://localhost:7274/api/v1/Carts - 201 null application/json; charset=utf-8 378.6155ms
2026-05-15 02:24:31.476 +05:30 [INF] Request starting HTTP/2 OPTIONS https://localhost:7274/api/v1/CartItems - null null
2026-05-15 02:24:31.477 +05:30 [INF] CORS policy execution successful.
2026-05-15 02:24:31.478 +05:30 [INF] Request finished HTTP/2 OPTIONS https://localhost:7274/api/v1/CartItems - 204 null null 2.6287ms
2026-05-15 02:24:31.481 +05:30 [INF] Request starting HTTP/2 POST https://localhost:7274/api/v1/CartItems - application/json 58
2026-05-15 02:24:31.483 +05:30 [INF] CORS policy execution successful.
2026-05-15 02:24:31.483 +05:30 [INF] Executing endpoint 'eCommerce.Api.Controllers.v1.CartItemsController.CreatecartItem (eCommerce.Api)'
2026-05-15 02:24:31.489 +05:30 [INF] Route matched with {action = "CreatecartItem", controller = "CartItems"}. Executing controller action with signature System.Threading.Tasks.Task`1[Microsoft.AspNetCore.Mvc.ActionResult`1[eCommerce.Application.DTOs.CartItem.CreateCartItemDto]] CreatecartItem(eCommerce.Application.DTOs.CartItem.CreateCartItemDto) on controller eCommerce.Api.Controllers.v1.CartItemsController (eCommerce.Api).
2026-05-15 02:24:31.527 +05:30 [INF] Executed DbCommand (7ms) [Parameters=[@p0='?' (DbType = Int32), @p1='?' (DbType = Int32), @p2='?' (DbType = Int32), @p3='?' (DbType = Int32)], CommandType='"Text"', CommandTimeout='30']
SET IMPLICIT_TRANSACTIONS OFF;
SET NOCOUNT ON;
INSERT INTO [CartItems] ([CartId], [ProductId], [Quantity], [Size])
OUTPUT INSERTED.[CartItemId]
VALUES (@p0, @p1, @p2, @p3);
2026-05-15 02:24:31.536 +05:30 [INF] Executing CreatedAtActionResult, writing value of type 'eCommerce.Application.DTOs.CartItem.CartItemDto'.
2026-05-15 02:24:31.537 +05:30 [INF] Executed action eCommerce.Api.Controllers.v1.CartItemsController.CreatecartItem (eCommerce.Api) in 48.351ms
2026-05-15 02:24:31.537 +05:30 [INF] Executed endpoint 'eCommerce.Api.Controllers.v1.CartItemsController.CreatecartItem (eCommerce.Api)'
2026-05-15 02:24:31.537 +05:30 [INF] Request finished HTTP/2 POST https://localhost:7274/api/v1/CartItems - 201 null application/json; charset=utf-8 57.0141ms
2026-05-15 02:24:31.556 +05:30 [INF] Request starting HTTP/2 GET https://localhost:7274/api/v1/CartItems - application/json null
2026-05-15 02:24:31.556 +05:30 [INF] CORS policy execution successful.
2026-05-15 02:24:31.557 +05:30 [INF] Executing endpoint 'eCommerce.Api.Controllers.v1.CartItemsController.GetAllcartItems (eCommerce.Api)'
2026-05-15 02:24:31.557 +05:30 [INF] Route matched with {action = "GetAllcartItems", controller = "CartItems"}. Executing controller action with signature System.Threading.Tasks.Task`1[Microsoft.AspNetCore.Mvc.ActionResult`1[System.Collections.Generic.IEnumerable`1[eCommerce.Application.DTOs.CartItem.CartItemDto]]] GetAllcartItems() on controller eCommerce.Api.Controllers.v1.CartItemsController (eCommerce.Api).
2026-05-15 02:24:31.567 +05:30 [INF] Executed DbCommand (7ms) [Parameters=[], CommandType='"Text"', CommandTimeout='30']
SELECT [c].[CartItemId], [c].[CartId], [c].[ProductId], [c].[Quantity], [c].[Size]
FROM [CartItems] AS [c]
2026-05-15 02:24:31.569 +05:30 [INF] Executing OkObjectResult, writing value of type 'System.Collections.Generic.List`1[[eCommerce.Application.DTOs.CartItem.CartItemDto, eCommerce.Application, Version=1.0.0.0, Culture=neutral, PublicKeyToken=null]]'.
2026-05-15 02:24:31.569 +05:30 [INF] Executed action eCommerce.Api.Controllers.v1.CartItemsController.GetAllcartItems (eCommerce.Api) in 11.7076ms
2026-05-15 02:24:31.569 +05:30 [INF] Executed endpoint 'eCommerce.Api.Controllers.v1.CartItemsController.GetAllcartItems (eCommerce.Api)'
2026-05-15 02:24:31.569 +05:30 [INF] Request finished HTTP/2 GET https://localhost:7274/api/v1/CartItems - 200 null application/json; charset=utf-8 14.6812ms
2026-05-15 02:24:31.581 +05:30 [INF] Request starting HTTP/2 OPTIONS https://localhost:7274/api/v1/products/1002 - null null
2026-05-15 02:24:31.581 +05:30 [INF] CORS policy execution successful.
2026-05-15 02:24:31.582 +05:30 [INF] Request finished HTTP/2 OPTIONS https://localhost:7274/api/v1/products/1002 - 204 null null 1.3225ms
2026-05-15 02:24:31.585 +05:30 [INF] Request starting HTTP/2 GET https://localhost:7274/api/v1/products/1002 - application/json null
2026-05-15 02:24:31.585 +05:30 [INF] CORS policy execution successful.
2026-05-15 02:24:31.586 +05:30 [INF] Executing endpoint 'eCommerce.Api.Controllers.v1.ProductsController.GetProductDetails (eCommerce.Api)'
2026-05-15 02:24:31.586 +05:30 [INF] Route matched with {action = "GetProductDetails", controller = "Products"}. Executing controller action with signature System.Threading.Tasks.Task`1[Microsoft.AspNetCore.Mvc.ActionResult`1[eCommerce.Application.DTOs.Product.ProductDto]] GetProductDetails(Int32) on controller eCommerce.Api.Controllers.v1.ProductsController (eCommerce.Api).
2026-05-15 02:24:31.602 +05:30 [INF] Executed DbCommand (4ms) [Parameters=[@__p_0='?' (DbType = Int32)], CommandType='"Text"', CommandTimeout='30']
SELECT TOP(1) [p].[ProductId], [p].[CategoryId], [p].[Description], [p].[Discount], [p].[Gender], [p].[MadeIn], [p].[ManufacturingDate], [p].[Picture], [p].[ProductName], [p].[Quantity], [p].[ReturnPolicy], [p].[ShoeType], [p].[UnitPrice], [p].[WarrantyPeriod]
FROM [Products] AS [p]
WHERE [p].[ProductId] = @__p_0
2026-05-15 02:24:31.604 +05:30 [INF] Executing OkObjectResult, writing value of type 'eCommerce.Application.DTOs.Product.ProductDto'.
2026-05-15 02:24:31.604 +05:30 [INF] Executed action eCommerce.Api.Controllers.v1.ProductsController.GetProductDetails (eCommerce.Api) in 18.6872ms
2026-05-15 02:24:31.605 +05:30 [INF] Executed endpoint 'eCommerce.Api.Controllers.v1.ProductsController.GetProductDetails (eCommerce.Api)'
2026-05-15 02:24:31.605 +05:30 [INF] Request finished HTTP/2 GET https://localhost:7274/api/v1/products/1002 - 200 null application/json; charset=utf-8 21.2066ms
2026-05-15 02:24:33.440 +05:30 [INF] Request starting HTTP/2 OPTIONS https://localhost:7274/api/v1/Carts/create-razorpay-order?cartId=37 - null null
2026-05-15 02:24:33.458 +05:30 [INF] CORS policy execution successful.
2026-05-15 02:24:33.458 +05:30 [INF] Request finished HTTP/2 OPTIONS https://localhost:7274/api/v1/Carts/create-razorpay-order?cartId=37 - 204 null null 18.1579ms
2026-05-15 02:24:33.462 +05:30 [INF] Request starting HTTP/2 POST https://localhost:7274/api/v1/Carts/create-razorpay-order?cartId=37 - application/json 2
2026-05-15 02:24:33.462 +05:30 [INF] CORS policy execution successful.
2026-05-15 02:24:33.463 +05:30 [INF] Executing endpoint 'eCommerce.Api.Controllers.v1.CartsController.CreateRazorpayOrder (eCommerce.Api)'
2026-05-15 02:24:33.472 +05:30 [INF] Route matched with {action = "CreateRazorpayOrder", controller = "Carts"}. Executing controller action with signature System.Threading.Tasks.Task`1[Microsoft.AspNetCore.Mvc.ActionResult] CreateRazorpayOrder(Int32) on controller eCommerce.Api.Controllers.v1.CartsController (eCommerce.Api).
2026-05-15 02:24:33.553 +05:30 [INF] Executed DbCommand (13ms) [Parameters=[@__cartId_0='?' (DbType = Int32)], CommandType='"Text"', CommandTimeout='30']
SELECT [t].[CartId], [t].[CartDate], [t].[CustomerId], [t0].[CartItemId], [t0].[CartId], [t0].[ProductId], [t0].[Quantity], [t0].[Size], [t0].[ProductId0], [t0].[CategoryId], [t0].[Description], [t0].[Discount], [t0].[Gender], [t0].[MadeIn], [t0].[ManufacturingDate], [t0].[Picture], [t0].[ProductName], [t0].[Quantity0], [t0].[ReturnPolicy], [t0].[ShoeType], [t0].[UnitPrice], [t0].[WarrantyPeriod]
FROM (
    SELECT TOP(1) [c].[CartId], [c].[CartDate], [c].[CustomerId]
    FROM [Carts] AS [c]
    WHERE [c].[CartId] = @__cartId_0
) AS [t]
LEFT JOIN (
    SELECT [c0].[CartItemId], [c0].[CartId], [c0].[ProductId], [c0].[Quantity], [c0].[Size], [p].[ProductId] AS [ProductId0], [p].[CategoryId], [p].[Description], [p].[Discount], [p].[Gender], [p].[MadeIn], [p].[ManufacturingDate], [p].[Picture], [p].[ProductName], [p].[Quantity] AS [Quantity0], [p].[ReturnPolicy], [p].[ShoeType], [p].[UnitPrice], [p].[WarrantyPeriod]
    FROM [CartItems] AS [c0]
    INNER JOIN [Products] AS [p] ON [c0].[ProductId] = [p].[ProductId]
) AS [t0] ON [t].[CartId] = [t0].[CartId]
ORDER BY [t].[CartId], [t0].[CartItemId]
2026-05-15 02:24:33.613 +05:30 [INF] Start processing HTTP request POST https://api.razorpay.com/v1/orders
2026-05-15 02:24:33.621 +05:30 [INF] Sending HTTP request POST https://api.razorpay.com/v1/orders
2026-05-15 02:24:33.967 +05:30 [INF] Received HTTP response headers after 341.2018ms - 200
2026-05-15 02:24:33.968 +05:30 [INF] End processing HTTP request after 358.7287ms - 200
2026-05-15 02:24:33.985 +05:30 [INF] Executing OkObjectResult, writing value of type '<>f__AnonymousType4`4[[System.String, System.Private.CoreLib, Version=8.0.0.0, Culture=neutral, PublicKeyToken=7cec85d7bea7798e],[System.Int32, System.Private.CoreLib, Version=8.0.0.0, Culture=neutral, PublicKeyToken=7cec85d7bea7798e],[System.String, System.Private.CoreLib, Version=8.0.0.0, Culture=neutral, PublicKeyToken=7cec85d7bea7798e],[System.String, System.Private.CoreLib, Version=8.0.0.0, Culture=neutral, PublicKeyToken=7cec85d7bea7798e]]'.
2026-05-15 02:24:33.992 +05:30 [INF] Executed action eCommerce.Api.Controllers.v1.CartsController.CreateRazorpayOrder (eCommerce.Api) in 519.5595ms
2026-05-15 02:24:33.992 +05:30 [INF] Executed endpoint 'eCommerce.Api.Controllers.v1.CartsController.CreateRazorpayOrder (eCommerce.Api)'
2026-05-15 02:24:33.992 +05:30 [INF] Request finished HTTP/2 POST https://localhost:7274/api/v1/Carts/create-razorpay-order?cartId=37 - 200 null application/json; charset=utf-8 531.0931ms
2026-05-15 02:25:32.714 +05:30 [INF] Request starting HTTP/2 OPTIONS https://localhost:7274/api/v1/Invoices - null null
2026-05-15 02:25:32.750 +05:30 [INF] CORS policy execution successful.
2026-05-15 02:25:32.757 +05:30 [INF] Request finished HTTP/2 OPTIONS https://localhost:7274/api/v1/Invoices - 204 null null 88.4035ms
2026-05-15 02:25:32.764 +05:30 [INF] Request starting HTTP/2 POST https://localhost:7274/api/v1/Invoices - application/json 120
2026-05-15 02:25:32.769 +05:30 [INF] CORS policy execution successful.
2026-05-15 02:25:32.802 +05:30 [INF] Executing endpoint 'eCommerce.Api.Controllers.v1.InvoicesController.CreateInvoice (eCommerce.Api)'
2026-05-15 02:25:32.880 +05:30 [INF] Route matched with {action = "CreateInvoice", controller = "Invoices"}. Executing controller action with signature System.Threading.Tasks.Task`1[Microsoft.AspNetCore.Mvc.ActionResult`1[eCommerce.Application.DTOs.Invoice.CreateInvoiceDto]] CreateInvoice(eCommerce.Application.DTOs.Invoice.CreateInvoiceDto) on controller eCommerce.Api.Controllers.v1.InvoicesController (eCommerce.Api).
2026-05-15 02:25:33.257 +05:30 [INF] Executed DbCommand (155ms) [Parameters=[@p0='?' (DbType = Int32), @p1='?' (DbType = DateTime2), @p2='?' (Size = 4000), @p3='?' (Size = 4000)], CommandType='"Text"', CommandTimeout='30']
SET IMPLICIT_TRANSACTIONS OFF;
SET NOCOUNT ON;
INSERT INTO [Invoices] ([CartId], [InvoiceDate], [OrderId], [PaymentId])
OUTPUT INSERTED.[InvoiceId]
VALUES (@p0, @p1, @p2, @p3);
2026-05-15 02:25:33.273 +05:30 [INF] Executing CreatedAtActionResult, writing value of type 'eCommerce.Application.DTOs.Invoice.InvoiceDto'.
2026-05-15 02:25:33.290 +05:30 [INF] Executed action eCommerce.Api.Controllers.v1.InvoicesController.CreateInvoice (eCommerce.Api) in 409.18ms
2026-05-15 02:25:33.291 +05:30 [INF] Executed endpoint 'eCommerce.Api.Controllers.v1.InvoicesController.CreateInvoice (eCommerce.Api)'
2026-05-15 02:25:33.293 +05:30 [INF] Request finished HTTP/2 POST https://localhost:7274/api/v1/Invoices - 201 null application/json; charset=utf-8 529.9171ms
2026-05-15 02:31:53.457 +05:30 [INF] Request starting HTTP/2 OPTIONS https://localhost:7274/api/v1/Invoices/19 - null null
2026-05-15 02:31:53.705 +05:30 [INF] CORS policy execution successful.
2026-05-15 02:31:53.741 +05:30 [INF] Request finished HTTP/2 OPTIONS https://localhost:7274/api/v1/Invoices/19 - 204 null null 546.4091ms
2026-05-15 02:31:53.761 +05:30 [INF] Request starting HTTP/2 GET https://localhost:7274/api/v1/Invoices/19 - application/json null
2026-05-15 02:31:53.855 +05:30 [INF] CORS policy execution successful.
2026-05-15 02:31:54.035 +05:30 [INF] Executing endpoint 'eCommerce.Api.Controllers.v1.InvoicesController.GetInvoiceDetails (eCommerce.Api)'
2026-05-15 02:31:54.338 +05:30 [INF] Route matched with {action = "GetInvoiceDetails", controller = "Invoices"}. Executing controller action with signature System.Threading.Tasks.Task`1[Microsoft.AspNetCore.Mvc.ActionResult`1[eCommerce.Application.DTOs.Invoice.InvoiceDto]] GetInvoiceDetails(Int32) on controller eCommerce.Api.Controllers.v1.InvoicesController (eCommerce.Api).
2026-05-15 02:31:55.611 +05:30 [INF] Executed DbCommand (165ms) [Parameters=[@__p_0='?' (DbType = Int32)], CommandType='"Text"', CommandTimeout='30']
SELECT TOP(1) [i].[InvoiceId], [i].[CartId], [i].[InvoiceDate], [i].[OrderId], [i].[PaymentId]
FROM [Invoices] AS [i]
WHERE [i].[InvoiceId] = @__p_0
2026-05-15 02:31:55.647 +05:30 [INF] Executing OkObjectResult, writing value of type 'eCommerce.Application.DTOs.Invoice.InvoiceDto'.
2026-05-15 02:31:55.680 +05:30 [INF] Executed action eCommerce.Api.Controllers.v1.InvoicesController.GetInvoiceDetails (eCommerce.Api) in 1338.8647ms
2026-05-15 02:31:55.681 +05:30 [INF] Executed endpoint 'eCommerce.Api.Controllers.v1.InvoicesController.GetInvoiceDetails (eCommerce.Api)'
2026-05-15 02:31:55.703 +05:30 [INF] Request finished HTTP/2 GET https://localhost:7274/api/v1/Invoices/19 - 200 null application/json; charset=utf-8 1941.6222ms
2026-05-15 02:31:55.720 +05:30 [INF] Request starting HTTP/2 OPTIONS https://localhost:7274/api/v1/CartItems - null null
2026-05-15 02:31:55.724 +05:30 [INF] CORS policy execution successful.
2026-05-15 02:31:55.725 +05:30 [INF] Request finished HTTP/2 OPTIONS https://localhost:7274/api/v1/CartItems - 204 null null 7.7587ms
2026-05-15 02:31:55.731 +05:30 [INF] Request starting HTTP/2 GET https://localhost:7274/api/v1/CartItems - application/json null
2026-05-15 02:31:55.733 +05:30 [INF] CORS policy execution successful.
2026-05-15 02:31:55.738 +05:30 [INF] Executing endpoint 'eCommerce.Api.Controllers.v1.CartItemsController.GetAllcartItems (eCommerce.Api)'
2026-05-15 02:31:55.740 +05:30 [INF] Route matched with {action = "GetAllcartItems", controller = "CartItems"}. Executing controller action with signature System.Threading.Tasks.Task`1[Microsoft.AspNetCore.Mvc.ActionResult`1[System.Collections.Generic.IEnumerable`1[eCommerce.Application.DTOs.CartItem.CartItemDto]]] GetAllcartItems() on controller eCommerce.Api.Controllers.v1.CartItemsController (eCommerce.Api).
2026-05-15 02:31:55.819 +05:30 [INF] Executed DbCommand (39ms) [Parameters=[], CommandType='"Text"', CommandTimeout='30']
SELECT [c].[CartItemId], [c].[CartId], [c].[ProductId], [c].[Quantity], [c].[Size]
FROM [CartItems] AS [c]
2026-05-15 02:31:55.836 +05:30 [INF] Executing OkObjectResult, writing value of type 'System.Collections.Generic.List`1[[eCommerce.Application.DTOs.CartItem.CartItemDto, eCommerce.Application, Version=1.0.0.0, Culture=neutral, PublicKeyToken=null]]'.
2026-05-15 02:31:55.846 +05:30 [INF] Executed action eCommerce.Api.Controllers.v1.CartItemsController.GetAllcartItems (eCommerce.Api) in 105.9625ms
2026-05-15 02:31:55.847 +05:30 [INF] Executed endpoint 'eCommerce.Api.Controllers.v1.CartItemsController.GetAllcartItems (eCommerce.Api)'
2026-05-15 02:31:55.848 +05:30 [INF] Request finished HTTP/2 GET https://localhost:7274/api/v1/CartItems - 200 null application/json; charset=utf-8 117.9019ms
2026-05-15 02:31:55.870 +05:30 [INF] Request starting HTTP/2 OPTIONS https://localhost:7274/api/v1/products/1002 - null null
2026-05-15 02:31:55.884 +05:30 [INF] CORS policy execution successful.
2026-05-15 02:31:55.884 +05:30 [INF] Request finished HTTP/2 OPTIONS https://localhost:7274/api/v1/products/1002 - 204 null null 16.9467ms
2026-05-15 02:31:55.896 +05:30 [INF] Request starting HTTP/2 GET https://localhost:7274/api/v1/products/1002 - application/json null
2026-05-15 02:31:55.901 +05:30 [INF] CORS policy execution successful.
2026-05-15 02:31:55.905 +05:30 [INF] Executing endpoint 'eCommerce.Api.Controllers.v1.ProductsController.GetProductDetails (eCommerce.Api)'
2026-05-15 02:31:55.910 +05:30 [INF] Route matched with {action = "GetProductDetails", controller = "Products"}. Executing controller action with signature System.Threading.Tasks.Task`1[Microsoft.AspNetCore.Mvc.ActionResult`1[eCommerce.Application.DTOs.Product.ProductDto]] GetProductDetails(Int32) on controller eCommerce.Api.Controllers.v1.ProductsController (eCommerce.Api).
2026-05-15 02:31:56.004 +05:30 [INF] Executed DbCommand (70ms) [Parameters=[@__p_0='?' (DbType = Int32)], CommandType='"Text"', CommandTimeout='30']
SELECT TOP(1) [p].[ProductId], [p].[CategoryId], [p].[Description], [p].[Discount], [p].[Gender], [p].[MadeIn], [p].[ManufacturingDate], [p].[Picture], [p].[ProductName], [p].[Quantity], [p].[ReturnPolicy], [p].[ShoeType], [p].[UnitPrice], [p].[WarrantyPeriod]
FROM [Products] AS [p]
WHERE [p].[ProductId] = @__p_0
2026-05-15 02:31:56.027 +05:30 [INF] Executing OkObjectResult, writing value of type 'eCommerce.Application.DTOs.Product.ProductDto'.
2026-05-15 02:31:56.039 +05:30 [INF] Executed action eCommerce.Api.Controllers.v1.ProductsController.GetProductDetails (eCommerce.Api) in 129.17ms
2026-05-15 02:31:56.039 +05:30 [INF] Executed endpoint 'eCommerce.Api.Controllers.v1.ProductsController.GetProductDetails (eCommerce.Api)'
2026-05-15 02:31:56.040 +05:30 [INF] Request finished HTTP/2 GET https://localhost:7274/api/v1/products/1002 - 200 null application/json; charset=utf-8 145.4387ms
2026-05-15 02:32:03.617 +05:30 [INF] Request starting HTTP/2 OPTIONS https://localhost:7274/api/v1/products - null null
2026-05-15 02:32:03.617 +05:30 [INF] Request starting HTTP/2 OPTIONS https://localhost:7274/api/v1/products - null null
2026-05-15 02:32:03.644 +05:30 [INF] CORS policy execution successful.
2026-05-15 02:32:03.646 +05:30 [INF] CORS policy execution successful.
2026-05-15 02:32:03.651 +05:30 [INF] Request finished HTTP/2 OPTIONS https://localhost:7274/api/v1/products - 204 null null 42.0327ms
2026-05-15 02:32:03.651 +05:30 [INF] Request finished HTTP/2 OPTIONS https://localhost:7274/api/v1/products - 204 null null 41.9644ms
2026-05-15 02:32:03.673 +05:30 [INF] Request starting HTTP/2 GET https://localhost:7274/api/v1/products - application/json null
2026-05-15 02:32:03.687 +05:30 [INF] CORS policy execution successful.
2026-05-15 02:32:03.734 +05:30 [INF] Executing endpoint 'eCommerce.Api.Controllers.v1.ProductsController.GetAllProducts (eCommerce.Api)'
2026-05-15 02:32:03.754 +05:30 [INF] Route matched with {action = "GetAllProducts", controller = "Products"}. Executing controller action with signature System.Threading.Tasks.Task`1[Microsoft.AspNetCore.Mvc.ActionResult`1[System.Collections.Generic.IEnumerable`1[eCommerce.Application.DTOs.Product.ProductDto]]] GetAllProducts() on controller eCommerce.Api.Controllers.v1.ProductsController (eCommerce.Api).
2026-05-15 02:32:04.193 +05:30 [INF] Executed DbCommand (358ms) [Parameters=[], CommandType='"Text"', CommandTimeout='30']
SELECT [p].[ProductId], [p].[CategoryId], [p].[Description], [p].[Discount], [p].[Gender], [p].[MadeIn], [p].[ManufacturingDate], [p].[Picture], [p].[ProductName], [p].[Quantity], [p].[ReturnPolicy], [p].[ShoeType], [p].[UnitPrice], [p].[WarrantyPeriod]
FROM [Products] AS [p]
2026-05-15 02:32:04.235 +05:30 [INF] Executing OkObjectResult, writing value of type 'System.Collections.Generic.List`1[[eCommerce.Application.DTOs.Product.ProductDto, eCommerce.Application, Version=1.0.0.0, Culture=neutral, PublicKeyToken=null]]'.
2026-05-15 02:32:04.266 +05:30 [INF] Executed action eCommerce.Api.Controllers.v1.ProductsController.GetAllProducts (eCommerce.Api) in 511.7378ms
2026-05-15 02:32:04.267 +05:30 [INF] Executed endpoint 'eCommerce.Api.Controllers.v1.ProductsController.GetAllProducts (eCommerce.Api)'
2026-05-15 02:32:04.269 +05:30 [INF] Request finished HTTP/2 GET https://localhost:7274/api/v1/products - 200 null application/json; charset=utf-8 595.591ms
2026-05-15 02:32:04.278 +05:30 [INF] Request starting HTTP/2 GET https://localhost:7274/api/v1/products - application/json null
2026-05-15 02:32:04.279 +05:30 [INF] CORS policy execution successful.
2026-05-15 02:32:04.280 +05:30 [INF] Executing endpoint 'eCommerce.Api.Controllers.v1.ProductsController.GetAllProducts (eCommerce.Api)'
2026-05-15 02:32:04.280 +05:30 [INF] Route matched with {action = "GetAllProducts", controller = "Products"}. Executing controller action with signature System.Threading.Tasks.Task`1[Microsoft.AspNetCore.Mvc.ActionResult`1[System.Collections.Generic.IEnumerable`1[eCommerce.Application.DTOs.Product.ProductDto]]] GetAllProducts() on controller eCommerce.Api.Controllers.v1.ProductsController (eCommerce.Api).
2026-05-15 02:32:04.300 +05:30 [INF] Executed DbCommand (15ms) [Parameters=[], CommandType='"Text"', CommandTimeout='30']
SELECT [p].[ProductId], [p].[CategoryId], [p].[Description], [p].[Discount], [p].[Gender], [p].[MadeIn], [p].[ManufacturingDate], [p].[Picture], [p].[ProductName], [p].[Quantity], [p].[ReturnPolicy], [p].[ShoeType], [p].[UnitPrice], [p].[WarrantyPeriod]
FROM [Products] AS [p]
2026-05-15 02:32:04.303 +05:30 [INF] Executing OkObjectResult, writing value of type 'System.Collections.Generic.List`1[[eCommerce.Application.DTOs.Product.ProductDto, eCommerce.Application, Version=1.0.0.0, Culture=neutral, PublicKeyToken=null]]'.
2026-05-15 02:32:04.312 +05:30 [INF] Executed action eCommerce.Api.Controllers.v1.ProductsController.GetAllProducts (eCommerce.Api) in 31.6508ms
2026-05-15 02:32:04.312 +05:30 [INF] Executed endpoint 'eCommerce.Api.Controllers.v1.ProductsController.GetAllProducts (eCommerce.Api)'
2026-05-15 02:32:04.312 +05:30 [INF] Request finished HTTP/2 GET https://localhost:7274/api/v1/products - 200 null application/json; charset=utf-8 35.8881ms
